#include "fronius_logo.h"

static const uint8_t fronius_logo_map[] = {
    0x00, 0x00, 0x00, 0x00, 0x00, 0x00, 0x00, 0x00, 0x00, 0x00, 0x00, 0x00, 0x00, 0x00, 0x00, 0x00,
    0x00, 0x00, 0x00, 0x00, 0x00, 0x00, 0x00, 0x00, 0x00, 0x00, 0x00, 0x00, 0x00, 0x00, 0x00, 0x00,
    0x00, 0x00, 0x00, 0x00, 0x00, 0x00, 0x00, 0x00, 0x00, 0x00, 0x00, 0x00, 0x00, 0x00, 0x00, 0x00,
    0x00, 0x00, 0x00, 0x00, 0x00, 0x00, 0x00, 0x00, 0x00, 0x00, 0x00, 0x00, 0x00, 0x00, 0x00, 0x00,
    0x00, 0x00, 0x00, 0x00, 0x00, 0x00, 0x00, 0x00, 0x00, 0x00, 0x00, 0x00, 0x00, 0x00, 0x00, 0x00,
    0x00, 0x00, 0x00, 0x00, 0x00, 0x00, 0x00, 0x00, 0x00, 0x00, 0x00, 0x00, 0x00, 0x00, 0x00, 0x00,
    0x00, 0x00, 0x00, 0x00, 0x00, 0x00, 0x00, 0x00, 0x00, 0x00, 0x00, 0x00, 0x00, 0x00, 0x00, 0x00,
    0x00, 0x00, 0x00, 0x00, 0x00, 0x00, 0x00, 0x00, 0x00, 0x00, 0x00, 0x00, 0x00, 0x00, 0x00, 0x00,
    0x00, 0x00, 0x00, 0x00, 0x00, 0x00, 0x00, 0x00, 0x00, 0x00, 0x00, 0x00, 0x00, 0x00, 0x00, 0x00,
    0x00, 0x00, 0x00, 0x00, 0x00, 0x00, 0x00, 0x00, 0x00, 0x00, 0x00, 0x00, 0x00, 0x00, 0x00, 0x00,
    0x00, 0x00, 0x00, 0x00, 0x00, 0x00, 0x00, 0x00, 0x00, 0x00, 0x00, 0x00, 0x00, 0x00, 0x00, 0x00,
    0x00, 0x00, 0x00, 0x00, 0x00, 0x00, 0x00, 0x00, 0x00, 0x00, 0x00, 0x00, 0x00, 0x00, 0x00, 0x00,
    0x00, 0x00, 0x00, 0x00, 0x00, 0x00, 0x00, 0x00, 0x00, 0x00, 0x00, 0x00, 0x00, 0x00, 0x00, 0x00,
    0x00, 0x00, 0x00, 0x00, 0x00, 0x00, 0x00, 0x00, 0x00, 0x00, 0x00, 0x00, 0x00, 0x00, 0x00, 0x00,
    0x00, 0x00, 0x00, 0x00, 0x00, 0x00, 0x00, 0x00, 0x00, 0x00, 0x00, 0x00, 0x00, 0x00, 0x00, 0x00,
    0x00, 0x00, 0x00, 0x00, 0x00, 0x00, 0x00, 0x00, 0x00, 0x00, 0x00, 0x00, 0x00, 0x00, 0x00, 0x00,
    0x00, 0x00, 0x00, 0x00, 0x00, 0x00, 0x00, 0x00, 0x00, 0x00, 0x00, 0x00, 0x00, 0x00, 0x00, 0x00,
    0x00, 0x00, 0x00, 0x00, 0x00, 0x00, 0x00, 0x00, 0x00, 0x00, 0x00, 0x00, 0x00, 0x00, 0x00, 0x00,
    0x00, 0x00, 0x00, 0x00, 0x00, 0x00, 0x00, 0x00, 0x00, 0x00, 0x00, 0x00, 0x00, 0x00, 0x00, 0x00,
    0x00, 0x00, 0x00, 0x00, 0x00, 0x00, 0x00, 0x00, 0x00, 0x00, 0x00, 0x00, 0x00, 0x00, 0x00, 0x00,
    0x00, 0x00, 0x00, 0x00, 0x00, 0x00, 0x00, 0x00, 0x00, 0x00, 0x00, 0x00, 0x00, 0x00, 0x00, 0x00,
    0x00, 0x00, 0x00, 0x00, 0x00, 0x00, 0x00, 0x00, 0x00, 0x00, 0x00, 0x00, 0x00, 0x00, 0x00, 0x00,
    0x00, 0x00, 0x00, 0x00, 0x00, 0x00, 0x00, 0x00, 0x00, 0x00, 0x00, 0x00, 0x00, 0x00, 0x00, 0x00,
    0x00, 0x00, 0x00, 0x00, 0x00, 0x00, 0x00, 0x00, 0x00, 0x00, 0x00, 0x00, 0x00, 0x00, 0x00, 0x00,
    0x00, 0x00, 0x00, 0x00, 0x00, 0x00, 0x00, 0x00, 0x00, 0x00, 0x00, 0x00, 0x00, 0x00, 0x00, 0x00,
    0x00, 0x00, 0x00, 0x00, 0x00, 0x00, 0xff, 0x01, 0x00, 0x00, 0x7f, 0x02, 0x00, 0x00, 0xff, 0x02,
    0x00, 0x00, 0xff, 0x03, 0x00, 0x00, 0xbf, 0x04, 0x00, 0x00, 0xff, 0x04, 0x00, 0x00, 0xff, 0x04,
    0x00, 0x00, 0xff, 0x03, 0x00, 0x00, 0xff, 0x02, 0x00, 0x00, 0x00, 0x00, 0x00, 0x00, 0x00, 0x00,
    0x00, 0x00, 0x00, 0x00, 0x00, 0x00, 0x00, 0x00, 0x00, 0x00, 0x00, 0x00, 0x00, 0x00, 0x00, 0x00,
    0x00, 0x00, 0x00, 0x00, 0x00, 0x00, 0x00, 0x00, 0x00, 0x00, 0x00, 0x00, 0x00, 0x00, 0x00, 0x00,
    0x00, 0x00, 0x00, 0x00, 0x00, 0x00, 0x00, 0x00, 0x00, 0x00, 0x00, 0x00, 0x00, 0x00, 0x00, 0x00,
    0x00, 0x00, 0xff, 0x05, 0x00, 0x00, 0xeb, 0x0d, 0x0b, 0x00, 0xe8, 0x17, 0x07, 0x00, 0xe1, 0x23,
    0x0b, 0x00, 0xdd, 0x2e, 0x08, 0x00, 0xdf, 0x39, 0x0a, 0x00, 0xe1, 0x46, 0x09, 0x00, 0xe0, 0x54,
    0x08, 0x00, 0xe3, 0x5e, 0x09, 0x00, 0xe1, 0x69, 0x08, 0x00, 0xe2, 0x75, 0x09, 0x00, 0xe3, 0x82,
    0x08, 0x00, 0xe2, 0x8e, 0x0a, 0x00, 0xe2, 0x99, 0x09, 0x00, 0xe2, 0xa3, 0x08, 0x00, 0xe1, 0xac,
    0x08, 0x00, 0xe1, 0xb5, 0x09, 0x00, 0xe1, 0xbd, 0x09, 0x00, 0xe2, 0xc5, 0x08, 0x00, 0xe2, 0xcd,
    0x09, 0x00, 0xe2, 0xd4, 0x09, 0x00, 0xe1, 0xda, 0x09, 0x00, 0xe1, 0xe1, 0x08, 0x00, 0xe2, 0xe6,
    0x08, 0x00, 0xe1, 0xea, 0x08, 0x00, 0xe1, 0xed, 0x08, 0x00, 0xe2, 0xf0, 0x09, 0x00, 0xe2, 0xf3,
    0x09, 0x00, 0xe1, 0xf6, 0x09, 0x00, 0xe2, 0xf8, 0x09, 0x00, 0xe1, 0xfa, 0x09, 0x00, 0xe1, 0xfc,
    0x09, 0x00, 0xe1, 0xfd, 0x09, 0x00, 0xe2, 0xfd, 0x09, 0x00, 0xe1, 0xfe, 0x09, 0x00, 0xe2, 0xff,
    0x09, 0x00, 0xe2, 0xff, 0x09, 0x00, 0xe1, 0xfe, 0x09, 0x00, 0xe2, 0xfd, 0x09, 0x00, 0xe1, 0xfd,
    0x09, 0x00, 0xe1, 0xfc, 0x09, 0x00, 0xe1, 0xfa, 0x09, 0x00, 0xe2, 0xf8, 0x09, 0x00, 0xe1, 0xf6,
    0x09, 0x00, 0xe2, 0xf3, 0x08, 0x00, 0xe2, 0xf0, 0x08, 0x00, 0xe1, 0xed, 0x08, 0x00, 0xe1, 0xea,
    0x08, 0x00, 0xe2, 0xe6, 0x09, 0x00, 0xe1, 0xe1, 0x09, 0x00, 0xe1, 0xda, 0x09, 0x00, 0xe2, 0xd4,
    0x08, 0x00, 0xe2, 0xcd, 0x09, 0x00, 0xe2, 0xc5, 0x09, 0x00, 0xe1, 0xbd, 0x08, 0x00, 0xe1, 0xb5,
    0x08, 0x00, 0xe1, 0xac, 0x09, 0x00, 0xe2, 0xa3, 0x0a, 0x00, 0xe2, 0x99, 0x08, 0x00, 0xe2, 0x8e,
    0x09, 0x00, 0xe1, 0x83, 0x08, 0x00, 0xe1, 0x78, 0x09, 0x00, 0xe2, 0x6b, 0x07, 0x00, 0xe1, 0x60,
    0x09, 0x00, 0xe0, 0x54, 0x0a, 0x00, 0xe1, 0x46, 0x08, 0x00, 0xdf, 0x39, 0x0b, 0x00, 0xdd, 0x2e,
    0x07, 0x00, 0xe1, 0x23, 0x0a, 0x00, 0xe0, 0x19, 0x12, 0x00, 0xda, 0x0e, 0x00, 0x00, 0xff, 0x05,
    0x00, 0x00, 0x00, 0x00, 0x00, 0x00, 0x00, 0x00, 0x00, 0x00, 0x00, 0x00, 0x00, 0x00, 0x00, 0x00,
    0x00, 0x00, 0x00, 0x00, 0x00, 0x00, 0x00, 0x00, 0x00, 0x00, 0x00, 0x00, 0x00, 0x00, 0x00, 0x00,
    0x00, 0x00, 0x00, 0x00, 0x00, 0x00, 0x00, 0x00, 0x00, 0x00, 0x00, 0x00, 0x00, 0x00, 0x00, 0x00,
    0x00, 0x00, 0x00, 0x00, 0x00, 0x00, 0x00, 0x00, 0x00, 0x00, 0xff, 0x02, 0x00, 0x00, 0xff, 0x03,
    0x00, 0x00, 0xff, 0x04, 0x00, 0x00, 0xff, 0x04, 0x00, 0x00, 0xbf, 0x04, 0x00, 0x00, 0xff, 0x03,
    0x00, 0x00, 0xff, 0x02, 0x00, 0x00, 0x7f, 0x02, 0x00, 0x00, 0xff, 0x01, 0x00, 0x00, 0x00, 0x00,
    0x00, 0x00, 0x00, 0x00, 0x00, 0x00, 0x00, 0x00, 0x00, 0x00, 0x00, 0x00, 0x00, 0x00, 0x00, 0x00,
    0x00, 0x00, 0x00, 0x00, 0x00, 0x00, 0x00, 0x00, 0x00, 0x00, 0x00, 0x00, 0x00, 0x00, 0x00, 0x00,
    0x00, 0x00, 0x00, 0x00, 0x00, 0x00, 0x00, 0x00, 0x00, 0x00, 0x00, 0x00, 0x00, 0x00, 0x00, 0x00,
    0x00, 0x00, 0x00, 0x00, 0x00, 0x00, 0x00, 0x00, 0x00, 0x00, 0x00, 0x00, 0x00, 0x00, 0x00, 0x00,
    0x00, 0x00, 0x00, 0x00, 0x00, 0x00, 0x00, 0x00, 0x00, 0x00, 0x00, 0x00, 0x00, 0x00, 0x00, 0x00,
    0x00, 0x00, 0x00, 0x00, 0x00, 0x00, 0x00, 0x00, 0x00, 0x00, 0x00, 0x00, 0x00, 0x00, 0x00, 0x00,
    0x00, 0x00, 0x00, 0x00, 0x00, 0x00, 0x00, 0x00, 0x00, 0x00, 0x00, 0x00, 0x00, 0x00, 0x00, 0x00,
    0x00, 0x00, 0x00, 0x00, 0x00, 0x00, 0x00, 0x00, 0x00, 0x00, 0x00, 0x00, 0x00, 0x00, 0x00, 0x00,
    0x00, 0x00, 0x00, 0x00, 0x00, 0x00, 0x00, 0x00, 0x00, 0x00, 0x00, 0x00, 0x00, 0x00, 0x00, 0x00,
    0x00, 0x00, 0x00, 0x00, 0x00, 0x00, 0x00, 0x00, 0x00, 0x00, 0x00, 0x00, 0x00, 0x00, 0x00, 0x00,
    0x00, 0x00, 0x00, 0x00, 0x00, 0x00, 0x00, 0x00, 0x00, 0x00, 0x00, 0x00, 0x00, 0x00, 0x00, 0x00,
    0x00, 0x00, 0x00, 0x00, 0x00, 0x00, 0x00, 0x00, 0x00, 0x00, 0x00, 0x00, 0x00, 0x00, 0x00, 0x00,
    0x00, 0x00, 0x00, 0x00, 0x00, 0x00, 0x00, 0x00, 0x00, 0x00, 0x00, 0x00, 0x00, 0x00, 0x00, 0x00,
    0x00, 0x00, 0x00, 0x00, 0x00, 0x00, 0x00, 0x00, 0x00, 0x00, 0x00, 0x00, 0x00, 0x00, 0x00, 0x00,
    0x00, 0x00, 0x00, 0x00, 0x00, 0x00, 0x00, 0x00, 0x00, 0x00, 0x00, 0x00, 0x00, 0x00, 0x00, 0x00,
    0x00, 0x00, 0x00, 0x00, 0x00, 0x00, 0x00, 0x00, 0x00, 0x00, 0x00, 0x00, 0x00, 0x00, 0x00, 0x00,
    0x00, 0x00, 0x00, 0x00, 0x00, 0x00, 0x00, 0x00, 0x00, 0x00, 0x00, 0x00, 0x00, 0x00, 0x00, 0x00,
    0x00, 0x00, 0x00, 0x00, 0x00, 0x00, 0x00, 0x00, 0x00, 0x00, 0x00, 0x00, 0x00, 0x00, 0x00, 0x00,
    0x00, 0x00, 0x00, 0x00, 0x00, 0x00, 0x00, 0x00, 0x00, 0x00, 0x00, 0x00, 0x00, 0x00, 0x00, 0x00,
    0x00, 0x00, 0x00, 0x00, 0x00, 0x00, 0x00, 0x00, 0x00, 0x00, 0x00, 0x00, 0x00, 0x00, 0x00, 0x00,
    0x00, 0x00, 0x00, 0x00, 0x00, 0x00, 0x00, 0x00, 0x00, 0x00, 0x00, 0x00, 0x00, 0x00, 0x00, 0x00,
    0x00, 0x00, 0x00, 0x00, 0x00, 0x00, 0x00, 0x00, 0x00, 0x00, 0x00, 0x00, 0x00, 0x00, 0x00, 0x00,
    0x00, 0x00, 0x00, 0x00, 0x00, 0x00, 0x00, 0x00, 0x00, 0x00, 0x00, 0x00, 0x00, 0x00, 0x00, 0x00,
    0x00, 0x00, 0x00, 0x00, 0x00, 0x00, 0x00, 0x00, 0x00, 0x00, 0x00, 0x00, 0x00, 0x00, 0x00, 0x00,
    0x00, 0x00, 0x00, 0x00, 0x00, 0x00, 0x00, 0x00, 0x00, 0x00, 0x00, 0x00, 0x00, 0x00, 0x00, 0x00,
    0x00, 0x00, 0x00, 0x00, 0x00, 0x00, 0x00, 0x00, 0x00, 0x00, 0x00, 0x00, 0x00, 0x00, 0x00, 0x00,
    0x00, 0x00, 0x00, 0x00, 0x00, 0x00, 0x00, 0x00, 0x00, 0x00, 0x00, 0x00, 0x00, 0x00, 0x00, 0x00,
    0x00, 0x00, 0x00, 0x00, 0x00, 0x00, 0x00, 0x00, 0x00, 0x00, 0x00, 0x00, 0x00, 0x00, 0x00, 0x00,
    0x00, 0x00, 0x00, 0x00, 0x00, 0x00, 0x00, 0x00, 0x00, 0x00, 0x00, 0x00, 0x00, 0x00, 0x00, 0x00,
    0x00, 0x00, 0x00, 0x00, 0x00, 0x00, 0x00, 0x00, 0x00, 0x00, 0x00, 0x00, 0x00, 0x00, 0x00, 0x00,
    0x00, 0x00, 0x00, 0x00, 0x00, 0x00, 0x00, 0x00, 0x00, 0x00, 0x00, 0x00, 0x00, 0x00, 0x00, 0x00,
    0x00, 0x00, 0x00, 0x00, 0x00, 0x00, 0x00, 0x00, 0x00, 0x00, 0x00, 0x00, 0x00, 0x00, 0x00, 0x00,
    0x00, 0x00, 0x00, 0x00, 0x00, 0x00, 0x00, 0x00, 0x00, 0x00, 0x00, 0x00, 0x00, 0x00, 0x00, 0x00,
    0x00, 0x00, 0x00, 0x00, 0x00, 0x00, 0x00, 0x00, 0x00, 0x00, 0x00, 0x00, 0x00, 0x00, 0x00, 0x00,
    0x00, 0x00, 0x00, 0x00, 0x00, 0x00, 0x00, 0x00, 0x00, 0x00, 0x00, 0x00, 0x00, 0x00, 0x00, 0x00,
    0x00, 0x00, 0x00, 0x00, 0x00, 0x00, 0x00, 0x00, 0x00, 0x00, 0x00, 0x00, 0x00, 0x00, 0x00, 0x00,
    0x00, 0x00, 0x00, 0x00, 0x00, 0x00, 0x00, 0x00, 0x00, 0x00, 0x00, 0x00, 0x00, 0x00, 0x00, 0x00,
    0x00, 0x00, 0x00, 0x00, 0x00, 0x00, 0x00, 0x00, 0x00, 0x00, 0x00, 0x00, 0x00, 0x00, 0x00, 0x00,
    0x00, 0x00, 0x00, 0x00, 0x00, 0x00, 0x00, 0x00, 0x00, 0x00, 0x00, 0x00, 0x00, 0x00, 0x00, 0x00,
    0x00, 0x00, 0x00, 0x00, 0x00, 0x00, 0x00, 0x00, 0x00, 0x00, 0x00, 0x00, 0x00, 0x00, 0x00, 0x00,
    0x00, 0x00, 0x00, 0x00, 0x00, 0x00, 0x00, 0x00, 0x00, 0x00, 0x00, 0x00, 0x00, 0x00, 0x00, 0x00,
    0x00, 0x00, 0x00, 0x00, 0x00, 0x00, 0x00, 0x00, 0x00, 0x00, 0x00, 0x00, 0x00, 0x00, 0x00, 0x00,
    0x00, 0x00, 0x00, 0x00, 0x00, 0x00, 0x00, 0x00, 0x00, 0x00, 0x00, 0x00, 0x00, 0x00, 0x00, 0x00,
    0x00, 0x00, 0x00, 0x00, 0x00, 0x00, 0x00, 0x00, 0x00, 0x00, 0x00, 0x00, 0x00, 0x00, 0x00, 0x00,
    0x00, 0x00, 0x00, 0x00, 0x00, 0x00, 0x00, 0x00, 0x00, 0x00, 0x00, 0x00, 0x00, 0x00, 0x00, 0x00,
    0x00, 0x00, 0x00, 0x00, 0x00, 0x00, 0x00, 0x00, 0x00, 0x00, 0x00, 0x00, 0x00, 0x00, 0x00, 0x00,
    0x00, 0x00, 0x00, 0x00, 0x00, 0x00, 0x00, 0x00, 0x00, 0x00, 0x00, 0x00, 0x00, 0x00, 0x00, 0x00,
    0x00, 0x00, 0x00, 0x00, 0x00, 0x00, 0x00, 0x00, 0x00, 0x00, 0x00, 0x00, 0x00, 0x00, 0x00, 0x00,
    0x00, 0x00, 0x00, 0x00, 0x00, 0x00, 0xff, 0x01, 0x00, 0x00, 0xff, 0x02, 0x00, 0x00, 0xaa, 0x03,
    0x00, 0x00, 0xbf, 0x04, 0x00, 0x00, 0xbf, 0x04, 0x00, 0x00, 0xbf, 0x04, 0x00, 0x00, 0xaa, 0x03,
    0x00, 0x00, 0x00, 0x00, 0x00, 0x00, 0x00, 0x00, 0x00, 0x00, 0x00, 0x00, 0x00, 0x00, 0x00, 0x00,
    0x00, 0x00, 0x00, 0x00, 0x00, 0x00, 0x00, 0x00, 0x00, 0x00, 0x00, 0x00, 0x00, 0x00, 0x00, 0x00,
    0x00, 0x00, 0x00, 0x00, 0x00, 0x00, 0x00, 0x00, 0x00, 0x00, 0x00, 0x00, 0x00, 0x00, 0xff, 0x06,
    0x0d, 0x00, 0xe4, 0x13, 0x07, 0x00, 0xe1, 0x22, 0x0a, 0x00, 0xdf, 0x30, 0x07, 0x00, 0xe3, 0x42,
    0x08, 0x00, 0xe1, 0x56, 0x07, 0x00, 0xe3, 0x66, 0x08, 0x00, 0xe3, 0x78, 0x09, 0x00, 0xe2, 0x8d,
    0x09, 0x00, 0xe1, 0x9e, 0x08, 0x00, 0xe2, 0xab, 0x09, 0x00, 0xe2, 0xbb, 0x08, 0x00, 0xe2, 0xcb,
    0x09, 0x00, 0xe1, 0xd7, 0x09, 0x00, 0xe2, 0xe0, 0x08, 0x00, 0xe1, 0xea, 0x09, 0x00, 0xe1, 0xf3,
    0x09, 0x00, 0xe2, 0xf9, 0x09, 0x00, 0xe1, 0xfe, 0x09, 0x00, 0xe5, 0xff, 0x09, 0x00, 0xe8, 0xff,
    0x09, 0x00, 0xeb, 0xff, 0x09, 0x00, 0xec, 0xff, 0x09, 0x00, 0xed, 0xff, 0x09, 0x00, 0xed, 0xff,
    0x09, 0x00, 0xed, 0xff, 0x09, 0x00, 0xed, 0xff, 0x09, 0x00, 0xed, 0xff, 0x09, 0x00, 0xec, 0xff,
    0x09, 0x00, 0xec, 0xff, 0x09, 0x00, 0xeb, 0xff, 0x09, 0x00, 0xea, 0xff, 0x09, 0x00, 0xe9, 0xff,
    0x09, 0x00, 0xe8, 0xff, 0x09, 0x00, 0xe7, 0xff, 0x09, 0x00, 0xe7, 0xff, 0x09, 0x00, 0xe6, 0xff,
    0x09, 0x00, 0xe5, 0xff, 0x09, 0x00, 0xe5, 0xff, 0x09, 0x00, 0xe4, 0xff, 0x09, 0x00, 0xe4, 0xff,
    0x09, 0x00, 0xe3, 0xff, 0x09, 0x00, 0xe3, 0xff, 0x09, 0x00, 0xe3, 0xff, 0x09, 0x00, 0xe3, 0xff,
    0x09, 0x00, 0xe2, 0xff, 0x09, 0x00, 0xe2, 0xff, 0x09, 0x00, 0xe2, 0xff, 0x09, 0x00, 0xe2, 0xff,
    0x09, 0x00, 0xe2, 0xff, 0x09, 0x00, 0xe2, 0xff, 0x09, 0x00, 0xe2, 0xff, 0x09, 0x00, 0xe2, 0xff,
    0x09, 0x00, 0xe3, 0xff, 0x09, 0x00, 0xe3, 0xff, 0x09, 0x00, 0xe3, 0xff, 0x09, 0x00, 0xe3, 0xff,
    0x09, 0x00, 0xe4, 0xff, 0x09, 0x00, 0xe4, 0xff, 0x09, 0x00, 0xe5, 0xff, 0x09, 0x00, 0xe5, 0xff,
    0x09, 0x00, 0xe6, 0xff, 0x09, 0x00, 0xe7, 0xff, 0x09, 0x00, 0xe7, 0xff, 0x09, 0x00, 0xe8, 0xff,
    0x09, 0x00, 0xe9, 0xff, 0x09, 0x00, 0xea, 0xff, 0x09, 0x00, 0xeb, 0xff, 0x09, 0x00, 0xec, 0xff,
    0x09, 0x00, 0xec, 0xff, 0x09, 0x00, 0xed, 0xff, 0x09, 0x00, 0xed, 0xff, 0x09, 0x00, 0xed, 0xff,
    0x09, 0x00, 0xed, 0xff, 0x09, 0x00, 0xed, 0xff, 0x09, 0x00, 0xec, 0xff, 0x09, 0x00, 0xeb, 0xff,
    0x09, 0x00, 0xe8, 0xff, 0x09, 0x00, 0xe5, 0xff, 0x09, 0x00, 0xe1, 0xfe, 0x09, 0x00, 0xe2, 0xf9,
    0x09, 0x00, 0xe2, 0xf3, 0x08, 0x00, 0xe1, 0xec, 0x09, 0x00, 0xe2, 0xe1, 0x09, 0x00, 0xe1, 0xd7,
    0x08, 0x00, 0xe2, 0xcb, 0x09, 0x00, 0xe2, 0xbd, 0x08, 0x00, 0xe2, 0xad, 0x09, 0x00, 0xe1, 0x9e,
    0x09, 0x00, 0xe2, 0x8d, 0x08, 0x00, 0xe1, 0x7b, 0x09, 0x00, 0xe3, 0x67, 0x08, 0x00, 0xe1, 0x56,
    0x07, 0x00, 0xe1, 0x44, 0x0a, 0x00, 0xe0, 0x32, 0x07, 0x00, 0xe1, 0x22, 0x0c, 0x00, 0xd8, 0x14,
    0x00, 0x00, 0xdf, 0x08, 0x00, 0x00, 0x00, 0x00, 0x00, 0x00, 0x00, 0x00, 0x00, 0x00, 0x00, 0x00,
    0x00, 0x00, 0x00, 0x00, 0x00, 0x00, 0x00, 0x00, 0x00, 0x00, 0x00, 0x00, 0x00, 0x00, 0x00, 0x00,
    0x00, 0x00, 0x00, 0x00, 0x00, 0x00, 0x00, 0x00, 0x00, 0x00, 0x00, 0x00, 0x00, 0x00, 0x00, 0x00,
    0x00, 0x00, 0xff, 0x02, 0x00, 0x00, 0xbf, 0x04, 0x00, 0x00, 0xbf, 0x04, 0x00, 0x00, 0xbf, 0x04,
    0x00, 0x00, 0xaa, 0x03, 0x00, 0x00, 0xff, 0x02, 0x00, 0x00, 0xff, 0x01, 0x00, 0x00, 0x00, 0x01,
    0x00, 0x00, 0x00, 0x00, 0x00, 0x00, 0x00, 0x00, 0x00, 0x00, 0x00, 0x00, 0x00, 0x00, 0x00, 0x00,
    0x00, 0x00, 0x00, 0x00, 0x00, 0x00, 0x00, 0x00, 0x00, 0x00, 0x00, 0x00, 0x00, 0x00, 0x00, 0x00,
    0x00, 0x00, 0x00, 0x00, 0x00, 0x00, 0x00, 0x00, 0x00, 0x00, 0x00, 0x00, 0x00, 0x00, 0x00, 0x00,
    0x00, 0x00, 0x00, 0x00, 0x00, 0x00, 0x00, 0x00, 0x00, 0x00, 0x00, 0x00, 0x00, 0x00, 0x00, 0x00,
    0x00, 0x00, 0x00, 0x00, 0x00, 0x00, 0x00, 0x00, 0x00, 0x00, 0x00, 0x00, 0x00, 0x00, 0x00, 0x00,
    0x00, 0x00, 0x00, 0x00, 0x00, 0x00, 0x00, 0x00, 0x00, 0x00, 0x00, 0x00, 0x00, 0x00, 0x00, 0x00,
    0x00, 0x00, 0x00, 0x00, 0x00, 0x00, 0x00, 0x00, 0x00, 0x00, 0x00, 0x00, 0x00, 0x00, 0x00, 0x00,
    0x00, 0x00, 0x00, 0x00, 0x00, 0x00, 0x00, 0x00, 0x00, 0x00, 0x00, 0x00, 0x00, 0x00, 0x00, 0x00,
    0x00, 0x00, 0x00, 0x00, 0x00, 0x00, 0x00, 0x00, 0x00, 0x00, 0x00, 0x00, 0x00, 0x00, 0x00, 0x00,
    0x00, 0x00, 0x00, 0x00, 0x00, 0x00, 0x00, 0x00, 0x00, 0x00, 0x00, 0x00, 0x00, 0x00, 0x00, 0x00,
    0x00, 0x00, 0x00, 0x00, 0x00, 0x00, 0x00, 0x00, 0x00, 0x00, 0x00, 0x00, 0x00, 0x00, 0x00, 0x00,
    0x00, 0x00, 0x00, 0x00, 0x00, 0x00, 0x00, 0x00, 0x00, 0x00, 0x00, 0x00, 0x00, 0x00, 0x00, 0x00,
    0x00, 0x00, 0x00, 0x00, 0x00, 0x00, 0x00, 0x00, 0x00, 0x00, 0x00, 0x00, 0x00, 0x00, 0x00, 0x00,
    0x00, 0x00, 0x00, 0x00, 0x00, 0x00, 0x00, 0x00, 0x00, 0x00, 0x00, 0x00, 0x00, 0x00, 0x00, 0x00,
    0x00, 0x00, 0x00, 0x00, 0x00, 0x00, 0x00, 0x00, 0x00, 0x00, 0x00, 0x00, 0x00, 0x00, 0x00, 0x00,
    0x00, 0x00, 0x00, 0x00, 0x00, 0x00, 0x00, 0x00, 0x00, 0x00, 0x00, 0x00, 0x00, 0x00, 0x00, 0x00,
    0x00, 0x00, 0x00, 0x00, 0x00, 0x00, 0x00, 0x00, 0x00, 0x00, 0x00, 0x00, 0x00, 0x00, 0x00, 0x00,
    0x00, 0x00, 0x00, 0x00, 0x00, 0x00, 0x00, 0x00, 0x00, 0x00, 0x00, 0x00, 0x00, 0x00, 0x00, 0x00,
    0x00, 0x00, 0x00, 0x00, 0x00, 0x00, 0x00, 0x00, 0x00, 0x00, 0x00, 0x00, 0x00, 0x00, 0x00, 0x00,
    0x00, 0x00, 0x00, 0x00, 0x00, 0x00, 0x00, 0x00, 0x00, 0x00, 0x00, 0x00, 0x00, 0x00, 0x00, 0x00,
    0x00, 0x00, 0x00, 0x00, 0x00, 0x00, 0x00, 0x00, 0x00, 0x00, 0x00, 0x00, 0x00, 0x00, 0x00, 0x00,
    0x00, 0x00, 0x00, 0x00, 0x00, 0x00, 0x00, 0x00, 0x00, 0x00, 0x00, 0x00, 0x00, 0x00, 0x00, 0x00,
    0x00, 0x00, 0x00, 0x00, 0x00, 0x00, 0x00, 0x00, 0x00, 0x00, 0x00, 0x00, 0x00, 0x00, 0x00, 0x00,
    0x00, 0x00, 0x00, 0x00, 0x00, 0x00, 0x00, 0x00, 0x00, 0x00, 0x00, 0x00, 0x00, 0x00, 0x00, 0x00,
    0x00, 0x00, 0x00, 0x00, 0x00, 0x00, 0x00, 0x00, 0x00, 0x00, 0x00, 0x00, 0x00, 0x00, 0x00, 0x00,
    0x00, 0x00, 0x00, 0x00, 0x00, 0x00, 0x00, 0x00, 0x00, 0x00, 0x00, 0x00, 0x00, 0x00, 0x00, 0x00,
    0x00, 0x00, 0x00, 0x00, 0x00, 0x00, 0x00, 0x00, 0x00, 0x00, 0x00, 0x00, 0x00, 0x00, 0x00, 0x00,
    0x00, 0x00, 0x00, 0x00, 0x00, 0x00, 0x00, 0x00, 0x00, 0x00, 0x00, 0x00, 0x00, 0x00, 0x00, 0x00,
    0x00, 0x00, 0x00, 0x00, 0x00, 0x00, 0x00, 0x00, 0x00, 0x00, 0x00, 0x00, 0x00, 0x00, 0x00, 0x00,
    0x00, 0x00, 0x00, 0x00, 0x00, 0x00, 0x00, 0x00, 0x00, 0x00, 0x00, 0x00, 0x00, 0x00, 0x00, 0x00,
    0x00, 0x00, 0x00, 0x00, 0x00, 0x00, 0x00, 0x00, 0x00, 0x00, 0x00, 0x00, 0x00, 0x00, 0x00, 0x00,
    0x00, 0x00, 0x00, 0x00, 0x00, 0x00, 0x00, 0x00, 0x00, 0x00, 0x00, 0x00, 0x00, 0x00, 0x00, 0x00,
    0x00, 0x00, 0x00, 0x00, 0x00, 0x00, 0x00, 0x00, 0x00, 0x00, 0x00, 0x00, 0x00, 0x00, 0x00, 0x00,
    0x00, 0x00, 0x00, 0x00, 0x00, 0x00, 0x00, 0x00, 0x00, 0x00, 0x00, 0x00, 0x00, 0x00, 0x00, 0x00,
    0x00, 0x00, 0x00, 0x00, 0x00, 0x00, 0x00, 0x00, 0x00, 0x00, 0x00, 0x00, 0x00, 0x00, 0x00, 0x00,
    0x00, 0x00, 0x00, 0x00, 0x00, 0x00, 0x00, 0x00, 0x00, 0x00, 0x00, 0x00, 0x00, 0x00, 0x00, 0x00,
    0x00, 0x00, 0x00, 0x00, 0x00, 0x00, 0x00, 0x00, 0x00, 0x00, 0x00, 0x00, 0x00, 0x00, 0x00, 0x00,
    0x00, 0x00, 0x00, 0x00, 0x00, 0x00, 0x00, 0x00, 0x00, 0x00, 0x00, 0x00, 0x00, 0x00, 0x00, 0x00,
    0x00, 0x00, 0x00, 0x00, 0x00, 0x00, 0x00, 0x00, 0x00, 0x00, 0x00, 0x00, 0x00, 0x00, 0x00, 0x00,
    0x00, 0x00, 0x00, 0x00, 0x00, 0x00, 0x00, 0x00, 0x00, 0x00, 0x00, 0x00, 0x00, 0x00, 0x00, 0x00,
    0x00, 0x00, 0x00, 0x00, 0x00, 0x00, 0x00, 0x00, 0x00, 0x00, 0x00, 0x00, 0x00, 0x00, 0x00, 0x00,
    0x00, 0x00, 0x00, 0x00, 0x00, 0x00, 0x00, 0x00, 0x00, 0x00, 0x00, 0x00, 0x00, 0x00, 0x00, 0x00,
    0x00, 0x00, 0x00, 0x00, 0x00, 0x00, 0x00, 0x00, 0x00, 0x00, 0x00, 0x00, 0x00, 0x00, 0x00, 0x00,
    0x00, 0x00, 0x00, 0x00, 0x00, 0x00, 0x00, 0x00, 0x00, 0x00, 0x00, 0x00, 0x00, 0x00, 0x00, 0x00,
    0x00, 0x00, 0x00, 0x00, 0x00, 0x00, 0xff, 0x01, 0x00, 0x00, 0xff, 0x01, 0x00, 0x00, 0xff, 0x02,
    0x00, 0x00, 0xff, 0x03, 0x00, 0x00, 0xbf, 0x04, 0x00, 0x00, 0xbf, 0x04, 0x00, 0x00, 0xff, 0x02,
    0x00, 0x00, 0x00, 0x00, 0x00, 0x00, 0x00, 0x00, 0x00, 0x00, 0x00, 0x00, 0x00, 0x00, 0x00, 0x00,
    0x00, 0x00, 0x00, 0x00, 0x00, 0x00, 0x00, 0x00, 0x00, 0x00, 0x00, 0x00, 0x00, 0x00, 0x00, 0x00,
    0x00, 0x00, 0x00, 0x00, 0x00, 0x00, 0xdf, 0x08, 0x0a, 0x00, 0xe0, 0x19, 0x05, 0x00, 0xe1, 0x2b,
    0x07, 0x00, 0xe3, 0x42, 0x08, 0x00, 0xdf, 0x5a, 0x09, 0x00, 0xe1, 0x71, 0x09, 0x00, 0xe3, 0x8a,
    0x09, 0x00, 0xe1, 0xa3, 0x09, 0x00, 0xe2, 0xb9, 0x08, 0x00, 0xe2, 0xcc, 0x09, 0x00, 0xe2, 0xdd,
    0x08, 0x00, 0xe1, 0xed, 0x09, 0x00, 0xe2, 0xf9, 0x09, 0x00, 0xe4, 0xff, 0x09, 0x00, 0xeb, 0xff,
    0x0a, 0x00, 0xef, 0xff, 0x0a, 0x00, 0xf1, 0xff, 0x0a, 0x00, 0xf2, 0xff, 0x0a, 0x00, 0xf3, 0xff,
    0x0a, 0x00, 0xf1, 0xff, 0x0a, 0x00, 0xf0, 0xff, 0x09, 0x00, 0xee, 0xff, 0x09, 0x00, 0xec, 0xff,
    0x09, 0x00, 0xea, 0xff, 0x09, 0x00, 0xe9, 0xff, 0x09, 0x00, 0xe7, 0xff, 0x09, 0x00, 0xe5, 0xff,
    0x09, 0x00, 0xe4, 0xff, 0x09, 0x00, 0xe3, 0xff, 0x09, 0x00, 0xe2, 0xff, 0x09, 0x00, 0xe1, 0xfe,
    0x09, 0x00, 0xe1, 0xfd, 0x09, 0x00, 0xe1, 0xfd, 0x09, 0x00, 0xe2, 0xfc, 0x09, 0x00, 0xe2, 0xfc,
    0x09, 0x00, 0xe2, 0xfc, 0x09, 0x00, 0xe2, 0xfc, 0x09, 0x00, 0xe2, 0xfc, 0x09, 0x00, 0xe2, 0xfc,
    0x09, 0x00, 0xe1, 0xfd, 0x09, 0x00, 0xe1, 0xfd, 0x09, 0x00, 0xe1, 0xfd, 0x09, 0x00, 0xe1, 0xfd,
    0x09, 0x00, 0xe2, 0xfd, 0x09, 0x00, 0xe1, 0xfe, 0x09, 0x00, 0xe1, 0xfe, 0x09, 0x00, 0xe1, 0xfe,
    0x09, 0x00, 0xe1, 0xfe, 0x09, 0x00, 0xe1, 0xfe, 0x09, 0x00, 0xe2, 0xfe, 0x09, 0x00, 0xe2, 0xff,
    0x09, 0x00, 0xe2, 0xff, 0x09, 0x00, 0xe2, 0xff, 0x09, 0x00, 0xe2, 0xff, 0x09, 0x00, 0xe2, 0xff,
    0x09, 0x00, 0xe2, 0xff, 0x09, 0x00, 0xe2, 0xff, 0x09, 0x00, 0xe2, 0xff, 0x09, 0x00, 0xe2, 0xff,
    0x09, 0x00, 0xe2, 0xff, 0x09, 0x00, 0xe2, 0xff, 0x09, 0x00, 0xe2, 0xff, 0x09, 0x00, 0xe2, 0xff,
    0x09, 0x00, 0xe2, 0xff, 0x09, 0x00, 0xe2, 0xff, 0x09, 0x00, 0xe2, 0xff, 0x09, 0x00, 0xe2, 0xff,
    0x09, 0x00, 0xe2, 0xff, 0x09, 0x00, 0xe2, 0xfe, 0x09, 0x00, 0xe1, 0xfe, 0x09, 0x00, 0xe1, 0xfe,
    0x09, 0x00, 0xe1, 0xfe, 0x09, 0x00, 0xe1, 0xfe, 0x09, 0x00, 0xe1, 0xfe, 0x09, 0x00, 0xe2, 0xfd,
    0x09, 0x00, 0xe1, 0xfd, 0x09, 0x00, 0xe1, 0xfd, 0x09, 0x00, 0xe1, 0xfd, 0x09, 0x00, 0xe1, 0xfd,
    0x09, 0x00, 0xe2, 0xfc, 0x09, 0x00, 0xe2, 0xfc, 0x09, 0x00, 0xe2, 0xfc, 0x09, 0x00, 0xe2, 0xfc,
    0x09, 0x00, 0xe1, 0xfc, 0x09, 0x00, 0xe2, 0xfc, 0x09, 0x00, 0xe1, 0xfd, 0x09, 0x00, 0xe1, 0xfd,
    0x09, 0x00, 0xe1, 0xfe, 0x09, 0x00, 0xe2, 0xff, 0x09, 0x00, 0xe3, 0xff, 0x09, 0x00, 0xe4, 0xff,
    0x09, 0x00, 0xe5, 0xff, 0x09, 0x00, 0xe6, 0xff, 0x09, 0x00, 0xe8, 0xff, 0x09, 0x00, 0xea, 0xff,
    0x09, 0x00, 0xec, 0xff, 0x09, 0x00, 0xee, 0xff, 0x0a, 0x00, 0xf0, 0xff, 0x0a, 0x00, 0xf1, 0xff,
    0x0a, 0x00, 0xf3, 0xff, 0x0a, 0x00, 0xf2, 0xff, 0x0a, 0x00, 0xf1, 0xff, 0x0a, 0x00, 0xef, 0xff,
    0x09, 0x00, 0xeb, 0xff, 0x09, 0x00, 0xe5, 0xff, 0x09, 0x00, 0xe2, 0xf9, 0x08, 0x00, 0xe2, 0xee,
    0x09, 0x00, 0xe2, 0xde, 0x08, 0x00, 0xe2, 0xce, 0x09, 0x00, 0xe2, 0xb9, 0x09, 0x00, 0xe1, 0xa3,
    0x09, 0x00, 0xe0, 0x8d, 0x08, 0x00, 0xe2, 0x73, 0x08, 0x00, 0xe0, 0x5b, 0x07, 0x00, 0xe3, 0x42,
    0x05, 0x00, 0xe2, 0x2c, 0x09, 0x00, 0xe1, 0x1a, 0x00, 0x00, 0xe2, 0x09, 0x00, 0x00, 0x00, 0x00,
    0x00, 0x00, 0x00, 0x00, 0x00, 0x00, 0x00, 0x00, 0x00, 0x00, 0x00, 0x00, 0x00, 0x00, 0x00, 0x00,
    0x00, 0x00, 0x00, 0x00, 0x00, 0x00, 0x00, 0x00, 0x00, 0x00, 0x00, 0x00, 0x00, 0x00, 0x00, 0x00,
    0x00, 0x00, 0xff, 0x02, 0x00, 0x00, 0xbf, 0x04, 0x00, 0x00, 0xbf, 0x04, 0x00, 0x00, 0xff, 0x03,
    0x00, 0x00, 0xff, 0x02, 0x00, 0x00, 0xff, 0x01, 0x00, 0x00, 0xff, 0x01, 0x00, 0x00, 0x00, 0x00,
    0x00, 0x00, 0x00, 0x00, 0x00, 0x00, 0x00, 0x00, 0x00, 0x00, 0x00, 0x00, 0x00, 0x00, 0x00, 0x00,
    0x00, 0x00, 0x00, 0x00, 0x00, 0x00, 0x00, 0x00, 0x00, 0x00, 0x00, 0x00, 0x00, 0x00, 0x00, 0x00,
    0x00, 0x00, 0x00, 0x00, 0x00, 0x00, 0x00, 0x00, 0x00, 0x00, 0x00, 0x00, 0x00, 0x00, 0x00, 0x00,
    0x00, 0x00, 0x00, 0x00, 0x00, 0x00, 0x00, 0x00, 0x00, 0x00, 0x00, 0x00, 0x00, 0x00, 0x00, 0x00,
    0x00, 0x00, 0x00, 0x00, 0x00, 0x00, 0x00, 0x00, 0x00, 0x00, 0x00, 0x00, 0x00, 0x00, 0x00, 0x00,
    0x00, 0x00, 0x00, 0x00, 0x00, 0x00, 0x00, 0x00, 0x00, 0x00, 0x00, 0x00, 0x00, 0x00, 0x00, 0x00,
    0x00, 0x00, 0x00, 0x00, 0x00, 0x00, 0x00, 0x00, 0x00, 0x00, 0x00, 0x00, 0x00, 0x00, 0x00, 0x00,
    0x00, 0x00, 0x00, 0x00, 0x00, 0x00, 0x00, 0x00, 0x00, 0x00, 0x00, 0x00, 0x00, 0x00, 0x00, 0x00,
    0x00, 0x00, 0x00, 0x00, 0x00, 0x00, 0x00, 0x00, 0x00, 0x00, 0x00, 0x00, 0x00, 0x00, 0x00, 0x00,
    0x00, 0x00, 0x00, 0x00, 0x00, 0x00, 0x00, 0x00, 0x00, 0x00, 0x00, 0x00, 0x00, 0x00, 0x00, 0x00,
    0x00, 0x00, 0x00, 0x00, 0x00, 0x00, 0x00, 0x00, 0x00, 0x00, 0x00, 0x00, 0x00, 0x00, 0x00, 0x00,
    0x00, 0x00, 0x00, 0x00, 0x00, 0x00, 0x00, 0x00, 0x00, 0x00, 0x00, 0x00, 0x00, 0x00, 0x00, 0x00,
    0x00, 0x00, 0x00, 0x00, 0x00, 0x00, 0x00, 0x00, 0x00, 0x00, 0x00, 0x00, 0x00, 0x00, 0x00, 0x00,
    0x00, 0x00, 0x00, 0x00, 0x00, 0x00, 0x00, 0x00, 0x00, 0x00, 0x00, 0x00, 0x00, 0x00, 0x00, 0x00,
    0x00, 0x00, 0x00, 0x00, 0x00, 0x00, 0x00, 0x00, 0x00, 0x00, 0x00, 0x00, 0x00, 0x00, 0x00, 0x00,
    0x00, 0x00, 0x00, 0x00, 0x00, 0x00, 0x00, 0x00, 0x00, 0x00, 0x00, 0x00, 0x00, 0x00, 0x00, 0x00,
    0x00, 0x00, 0x00, 0x00, 0x00, 0x00, 0x00, 0x00, 0x00, 0x00, 0x00, 0x00, 0x00, 0x00, 0x00, 0x00,
    0x00, 0x00, 0x00, 0x00, 0x00, 0x00, 0x00, 0x00, 0x00, 0x00, 0x00, 0x00, 0x00, 0x00, 0x00, 0x00,
    0x00, 0x00, 0x00, 0x00, 0x00, 0x00, 0x00, 0x00, 0x00, 0x00, 0x00, 0x00, 0x00, 0x00, 0x00, 0x00,
    0x00, 0x00, 0x00, 0x00, 0x00, 0x00, 0x00, 0x00, 0x00, 0x00, 0x00, 0x00, 0x00, 0x00, 0x00, 0x00,
    0x00, 0x00, 0x00, 0x00, 0x00, 0x00, 0x00, 0x00, 0x00, 0x00, 0x00, 0x00, 0x00, 0x00, 0x00, 0x00,
    0x00, 0x00, 0x00, 0x00, 0x00, 0x00, 0x00, 0x00, 0x00, 0x00, 0x00, 0x00, 0x00, 0x00, 0x00, 0x00,
    0x00, 0x00, 0x00, 0x00, 0x00, 0x00, 0x00, 0x00, 0x00, 0x00, 0x00, 0x00, 0x00, 0x00, 0x00, 0x00,
    0x00, 0x00, 0x00, 0x00, 0x00, 0x00, 0x00, 0x00, 0x00, 0x00, 0x00, 0x00, 0x00, 0x00, 0x00, 0x00,
    0x00, 0x00, 0x00, 0x00, 0x00, 0x00, 0x00, 0x00, 0x00, 0x00, 0x00, 0x00, 0x00, 0x00, 0x00, 0x00,
    0x00, 0x00, 0x00, 0x00, 0x00, 0x00, 0x00, 0x00, 0x00, 0x00, 0x00, 0x00, 0x00, 0x00, 0x00, 0x00,
    0x00, 0x00, 0x00, 0x00, 0x00, 0x00, 0x00, 0x00, 0x00, 0x00, 0x00, 0x00, 0x00, 0x00, 0x00, 0x00,
    0x00, 0x00, 0x00, 0x00, 0x00, 0x00, 0x00, 0x00, 0x00, 0x00, 0x00, 0x00, 0x00, 0x00, 0x00, 0x00,
    0x00, 0x00, 0x00, 0x00, 0x00, 0x00, 0x00, 0x00, 0x00, 0x00, 0x00, 0x00, 0x00, 0x00, 0x00, 0x00,
    0x00, 0x00, 0x00, 0x00, 0x00, 0x00, 0x00, 0x00, 0x00, 0x00, 0x00, 0x00, 0x00, 0x00, 0x00, 0x00,
    0x00, 0x00, 0x00, 0x00, 0x00, 0x00, 0x00, 0x00, 0x00, 0x00, 0x00, 0x00, 0x00, 0x00, 0x00, 0x00,
    0x00, 0x00, 0x00, 0x00, 0x00, 0x00, 0x00, 0x00, 0x00, 0x00, 0x00, 0x00, 0x00, 0x00, 0x00, 0x00,
    0x00, 0x00, 0x00, 0x00, 0x00, 0x00, 0x00, 0x00, 0x00, 0x00, 0x00, 0x00, 0x00, 0x00, 0x00, 0x00,
    0x00, 0x00, 0x00, 0x00, 0x00, 0x00, 0x00, 0x00, 0x00, 0x00, 0x00, 0x00, 0x00, 0x00, 0x00, 0x00,
    0x00, 0x00, 0x00, 0x00, 0x00, 0x00, 0x00, 0x00, 0x00, 0x00, 0x00, 0x00, 0x00, 0x00, 0x00, 0x00,
    0x00, 0x00, 0x00, 0x00, 0x00, 0x00, 0x00, 0x00, 0x00, 0x00, 0x00, 0x00, 0x00, 0x00, 0x00, 0x00,
    0x00, 0x00, 0x00, 0x00, 0x00, 0x00, 0x00, 0x00, 0x00, 0x00, 0x00, 0x00, 0x00, 0x00, 0x00, 0x00,
    0x00, 0x00, 0x00, 0x00, 0x00, 0x00, 0x00, 0x00, 0x00, 0x00, 0x00, 0x00, 0x00, 0x00, 0x00, 0x00,
    0x00, 0x00, 0x00, 0x00, 0x00, 0x00, 0x00, 0x00, 0x00, 0x00, 0x00, 0x00, 0x00, 0x00, 0x00, 0x00,
    0x00, 0x00, 0x00, 0x00, 0x00, 0x00, 0x00, 0x00, 0x00, 0x00, 0x00, 0x00, 0x00, 0x00, 0x00, 0x00,
    0x00, 0x00, 0x00, 0x00, 0x00, 0x00, 0x00, 0x00, 0x00, 0x00, 0x00, 0x00, 0x00, 0x00, 0xff, 0x01,
    0x00, 0x00, 0xff, 0x02, 0x00, 0x00, 0xff, 0x03, 0x00, 0x00, 0xbf, 0x04, 0x00, 0x00, 0xbf, 0x04,
    0x00, 0x00, 0xff, 0x02, 0x00, 0x00, 0x00, 0x00, 0x00, 0x00, 0x00, 0x00, 0x00, 0x00, 0x00, 0x00,
    0x00, 0x00, 0x00, 0x00, 0x00, 0x00, 0x00, 0x00, 0x00, 0x00, 0x00, 0x00, 0x00, 0x00, 0x00, 0x00,
    0x00, 0x00, 0x00, 0x00, 0x00, 0x00, 0xdf, 0x10, 0x06, 0x00, 0xdd, 0x26, 0x08, 0x00, 0xe1, 0x3d,
    0x08, 0x00, 0xe2, 0x5a, 0x08, 0x00, 0xe1, 0x79, 0x08, 0x00, 0xe3, 0x95, 0x08, 0x00, 0xe1, 0xaf,
    0x08, 0x00, 0xe1, 0xca, 0x09, 0x00, 0xe2, 0xdf, 0x09, 0x00, 0xe1, 0xf1, 0x09, 0x00, 0xe2, 0xfd,
    0x09, 0x00, 0xe9, 0xff, 0x0a, 0x00, 0xef, 0xff, 0x0a, 0x00, 0xf1, 0xff, 0x0a, 0x00, 0xf1, 0xff,
    0x0a, 0x00, 0xf0, 0xff, 0x09, 0x00, 0xee, 0xff, 0x09, 0x00, 0xec, 0xff, 0x09, 0x00, 0xe9, 0xff,
    0x09, 0x00, 0xe6, 0xff, 0x09, 0x00, 0xe4, 0xff, 0x09, 0x00, 0xe2, 0xff, 0x09, 0x00, 0xe1, 0xfd,
    0x09, 0x00, 0xe1, 0xfc, 0x09, 0x00, 0xe2, 0xfb, 0x09, 0x00, 0xe2, 0xfb, 0x09, 0x00, 0xe2, 0xfb,
    0x09, 0x00, 0xe2, 0xfb, 0x09, 0x00, 0xe1, 0xfc, 0x09, 0x00, 0xe1, 0xfc, 0x09, 0x00, 0xe1, 0xfd,
    0x09, 0x00, 0xe1, 0xfd, 0x09, 0x00, 0xe2, 0xfd, 0x09, 0x00, 0xe1, 0xfe, 0x09, 0x00, 0xe1, 0xfe,
    0x09, 0x00, 0xe1, 0xfe, 0x09, 0x00, 0xe2, 0xff, 0x09, 0x00, 0xe2, 0xff, 0x09, 0x00, 0xe2, 0xff,
    0x09, 0x00, 0xe2, 0xff, 0x09, 0x00, 0xe2, 0xff, 0x09, 0x00, 0xe2, 0xff, 0x09, 0x00, 0xe2, 0xff,
    0x09, 0x00, 0xe2, 0xff, 0x09, 0x00, 0xe2, 0xff, 0x09, 0x00, 0xe2, 0xff, 0x09, 0x00, 0xe2, 0xff,
    0x09, 0x00, 0xe2, 0xff, 0x09, 0x00, 0xe2, 0xff, 0x09, 0x00, 0xe2, 0xff, 0x09, 0x00, 0xe2, 0xff,
    0x09, 0x00, 0xe2, 0xff, 0x09, 0x00, 0xe2, 0xff, 0x09, 0x00, 0xe2, 0xff, 0x09, 0x00, 0xe2, 0xff,
    0x09, 0x00, 0xe2, 0xff, 0x09, 0x00, 0xe2, 0xff, 0x09, 0x00, 0xe2, 0xff, 0x09, 0x00, 0xe2, 0xff,
    0x09, 0x00, 0xe2, 0xff, 0x09, 0x00, 0xe2, 0xff, 0x09, 0x00, 0xe2, 0xff, 0x09, 0x00, 0xe2, 0xff,
    0x09, 0x00, 0xe2, 0xff, 0x09, 0x00, 0xe2, 0xff, 0x09, 0x00, 0xe2, 0xff, 0x09, 0x00, 0xe2, 0xff,
    0x09, 0x00, 0xe2, 0xff, 0x09, 0x00, 0xe2, 0xff, 0x09, 0x00, 0xe2, 0xff, 0x09, 0x00, 0xe2, 0xff,
    0x09, 0x00, 0xe2, 0xff, 0x09, 0x00, 0xe2, 0xff, 0x09, 0x00, 0xe2, 0xff, 0x09, 0x00, 0xe2, 0xff,
    0x09, 0x00, 0xe2, 0xff, 0x09, 0x00, 0xe2, 0xff, 0x09, 0x00, 0xe2, 0xff, 0x09, 0x00, 0xe2, 0xff,
    0x09, 0x00, 0xe2, 0xff, 0x09, 0x00, 0xe2, 0xff, 0x09, 0x00, 0xe2, 0xff, 0x09, 0x00, 0xe2, 0xff,
    0x09, 0x00, 0xe2, 0xff, 0x09, 0x00, 0xe2, 0xff, 0x09, 0x00, 0xe2, 0xff, 0x09, 0x00, 0xe2, 0xff,
    0x09, 0x00, 0xe2, 0xff, 0x09, 0x00, 0xe2, 0xff, 0x09, 0x00, 0xe2, 0xff, 0x09, 0x00, 0xe2, 0xff,
    0x09, 0x00, 0xe2, 0xff, 0x09, 0x00, 0xe2, 0xff, 0x09, 0x00, 0xe2, 0xff, 0x09, 0x00, 0xe2, 0xff,
    0x09, 0x00, 0xe2, 0xff, 0x09, 0x00, 0xe2, 0xff, 0x09, 0x00, 0xe2, 0xff, 0x09, 0x00, 0xe1, 0xfe,
    0x09, 0x00, 0xe1, 0xfe, 0x09, 0x00, 0xe1, 0xfe, 0x09, 0x00, 0xe1, 0xfe, 0x09, 0x00, 0xe1, 0xfd,
    0x09, 0x00, 0xe1, 0xfd, 0x09, 0x00, 0xe1, 0xfc, 0x09, 0x00, 0xe1, 0xfc, 0x09, 0x00, 0xe2, 0xfb,
    0x09, 0x00, 0xe2, 0xfb, 0x09, 0x00, 0xe2, 0xfb, 0x09, 0x00, 0xe2, 0xfb, 0x09, 0x00, 0xe1, 0xfc,
    0x09, 0x00, 0xe1, 0xfd, 0x09, 0x00, 0xe2, 0xff, 0x09, 0x00, 0xe4, 0xff, 0x09, 0x00, 0xe6, 0xff,
    0x09, 0x00, 0xe9, 0xff, 0x09, 0x00, 0xeb, 0xff, 0x09, 0x00, 0xee, 0xff, 0x0a, 0x00, 0xf0, 0xff,
    0x0a, 0x00, 0xf1, 0xff, 0x0a, 0x00, 0xf1, 0xff, 0x0a, 0x00, 0xef, 0xff, 0x09, 0x00, 0xe9, 0xff,
    0x09, 0x00, 0xe1, 0xfe, 0x09, 0x00, 0xe1, 0xf2, 0x09, 0x00, 0xe1, 0xe0, 0x08, 0x00, 0xe2, 0xcb,
    0x08, 0x00, 0xe2, 0xb2, 0x08, 0x00, 0xe2, 0x97, 0x08, 0x00, 0xe1, 0x79, 0x08, 0x00, 0xe2, 0x5b,
    0x08, 0x00, 0xe2, 0x3f, 0x06, 0x00, 0xdd, 0x26, 0x0f, 0x00, 0xe1, 0x11, 0x00, 0x00, 0x00, 0x00,
    0x00, 0x00, 0x00, 0x00, 0x00, 0x00, 0x00, 0x00, 0x00, 0x00, 0x00, 0x00, 0x00, 0x00, 0x00, 0x00,
    0x00, 0x00, 0x00, 0x00, 0x00, 0x00, 0x00, 0x00, 0x00, 0x00, 0x00, 0x00, 0x00, 0x00, 0xff, 0x02,
    0x00, 0x00, 0xbf, 0x04, 0x00, 0x00, 0xbf, 0x04, 0x00, 0x00, 0xff, 0x03, 0x00, 0x00, 0xff, 0x02,
    0x00, 0x00, 0xff, 0x01, 0x00, 0x00, 0x00, 0x00, 0x00, 0x00, 0x00, 0x00, 0x00, 0x00, 0x00, 0x00,
    0x00, 0x00, 0x00, 0x00, 0x00, 0x00, 0x00, 0x00, 0x00, 0x00, 0x00, 0x00, 0x00, 0x00, 0x00, 0x00,
    0x00, 0x00, 0x00, 0x00, 0x00, 0x00, 0x00, 0x00, 0x00, 0x00, 0x00, 0x00, 0x00, 0x00, 0x00, 0x00,
    0x00, 0x00, 0x00, 0x00, 0x00, 0x00, 0x00, 0x00, 0x00, 0x00, 0x00, 0x00, 0x00, 0x00, 0x00, 0x00,
    0x00, 0x00, 0x00, 0x00, 0x00, 0x00, 0x00, 0x00, 0x00, 0x00, 0x00, 0x00, 0x00, 0x00, 0x00, 0x00,
    0x00, 0x00, 0x00, 0x00, 0x00, 0x00, 0x00, 0x00, 0x00, 0x00, 0x00, 0x00, 0x00, 0x00, 0x00, 0x00,
    0x00, 0x00, 0x00, 0x00, 0x00, 0x00, 0x00, 0x00, 0x00, 0x00, 0x00, 0x00, 0x00, 0x00, 0x00, 0x00,
    0x00, 0x00, 0x00, 0x00, 0x00, 0x00, 0x00, 0x00, 0x00, 0x00, 0x00, 0x00, 0x00, 0x00, 0x00, 0x00,
    0x00, 0x00, 0x00, 0x00, 0x00, 0x00, 0x00, 0x00, 0x00, 0x00, 0x00, 0x00, 0x00, 0x00, 0x00, 0x00,
    0x00, 0x00, 0x00, 0x00, 0x00, 0x00, 0x00, 0x00, 0x00, 0x00, 0x00, 0x00, 0x00, 0x00, 0x00, 0x00,
    0x00, 0x00, 0x00, 0x00, 0x00, 0x00, 0x00, 0x00, 0x00, 0x00, 0x00, 0x00, 0x00, 0x00, 0x00, 0x00,
    0x00, 0x00, 0x00, 0x00, 0x00, 0x00, 0x00, 0x00, 0x00, 0x00, 0x00, 0x00, 0x00, 0x00, 0x00, 0x00,
    0x00, 0x00, 0x00, 0x00, 0x00, 0x00, 0x00, 0x00, 0x00, 0x00, 0x00, 0x00, 0x00, 0x00, 0x00, 0x00,
    0x00, 0x00, 0x00, 0x00, 0x00, 0x00, 0x00, 0x00, 0x00, 0x00, 0x00, 0x00, 0x00, 0x00, 0x00, 0x00,
    0x00, 0x00, 0x00, 0x00, 0x00, 0x00, 0x00, 0x00, 0x00, 0x00, 0x00, 0x00, 0x00, 0x00, 0x00, 0x00,
    0x00, 0x00, 0x00, 0x00, 0x00, 0x00, 0x00, 0x00, 0x00, 0x00, 0x00, 0x00, 0x00, 0x00, 0x00, 0x00,
    0x00, 0x00, 0x00, 0x00, 0x00, 0x00, 0x00, 0x00, 0x00, 0x00, 0x00, 0x00, 0x00, 0x00, 0x00, 0x00,
    0x00, 0x00, 0x00, 0x00, 0x00, 0x00, 0x00, 0x00, 0x00, 0x00, 0x00, 0x00, 0x00, 0x00, 0x00, 0x00,
    0x00, 0x00, 0x00, 0x00, 0x00, 0x00, 0x00, 0x00, 0x00, 0x00, 0x00, 0x00, 0x00, 0x00, 0x00, 0x00,
    0x00, 0x00, 0x00, 0x00, 0x00, 0x00, 0x00, 0x00, 0x00, 0x00, 0x00, 0x00, 0x00, 0x00, 0x00, 0x00,
    0x00, 0x00, 0x00, 0x00, 0x00, 0x00, 0x00, 0x00, 0x00, 0x00, 0x00, 0x00, 0x00, 0x00, 0x00, 0x00,
    0x00, 0x00, 0x00, 0x00, 0x00, 0x00, 0x00, 0x00, 0x00, 0x00, 0x00, 0x00, 0x00, 0x00, 0x00, 0x00,
    0x00, 0x00, 0x00, 0x00, 0x00, 0x00, 0x00, 0x00, 0x00, 0x00, 0x00, 0x00, 0x00, 0x00, 0x00, 0x00,
    0x00, 0x00, 0x00, 0x00, 0x00, 0x00, 0x00, 0x00, 0x00, 0x00, 0x00, 0x00, 0x00, 0x00, 0x00, 0x00,
    0x00, 0x00, 0x00, 0x00, 0x00, 0x00, 0x00, 0x00, 0x00, 0x00, 0x00, 0x00, 0x00, 0x00, 0x00, 0x00,
    0x00, 0x00, 0x00, 0x00, 0x00, 0x00, 0x00, 0x00, 0x00, 0x00, 0x00, 0x00, 0x00, 0x00, 0x00, 0x00,
    0x00, 0x00, 0x00, 0x00, 0x00, 0x00, 0x00, 0x00, 0x00, 0x00, 0x00, 0x00, 0x00, 0x00, 0x00, 0x00,
    0x00, 0x00, 0x00, 0x00, 0x00, 0x00, 0x00, 0x00, 0x00, 0x00, 0x00, 0x00, 0x00, 0x00, 0x00, 0x00,
    0x00, 0x00, 0x00, 0x00, 0x00, 0x00, 0x00, 0x00, 0x00, 0x00, 0x00, 0x00, 0x00, 0x00, 0x00, 0x00,
    0x00, 0x00, 0x00, 0x00, 0x00, 0x00, 0x00, 0x00, 0x00, 0x00, 0x00, 0x00, 0x00, 0x00, 0x00, 0x00,
    0x00, 0x00, 0x00, 0x00, 0x00, 0x00, 0x00, 0x00, 0x00, 0x00, 0x00, 0x00, 0x00, 0x00, 0x00, 0x00,
    0x00, 0x00, 0x00, 0x00, 0x00, 0x00, 0x00, 0x00, 0x00, 0x00, 0x00, 0x00, 0x00, 0x00, 0x00, 0x00,
    0x00, 0x00, 0x00, 0x00, 0x00, 0x00, 0x00, 0x00, 0x00, 0x00, 0x00, 0x00, 0x00, 0x00, 0x00, 0x00,
    0x00, 0x00, 0x00, 0x00, 0x00, 0x00, 0x00, 0x00, 0x00, 0x00, 0x00, 0x00, 0x00, 0x00, 0x00, 0x00,
    0x00, 0x00, 0x00, 0x00, 0x00, 0x00, 0x00, 0x00, 0x00, 0x00, 0x00, 0x00, 0x00, 0x00, 0x00, 0x00,
    0x00, 0x00, 0x00, 0x00, 0x00, 0x00, 0x00, 0x00, 0x00, 0x00, 0x00, 0x00, 0x00, 0x00, 0x00, 0x00,
    0x00, 0x00, 0x00, 0x00, 0x00, 0x00, 0x00, 0x00, 0x00, 0x00, 0x00, 0x00, 0x00, 0x00, 0x00, 0x00,
    0x00, 0x00, 0x00, 0x00, 0x00, 0x00, 0x00, 0x00, 0x00, 0x00, 0x00, 0x00, 0x00, 0x00, 0x00, 0x00,
    0x00, 0x00, 0x00, 0x00, 0x00, 0x00, 0xff, 0x01, 0x00, 0x00, 0xff, 0x02, 0x00, 0x00, 0xff, 0x03,
    0x00, 0x00, 0xbf, 0x04, 0x00, 0x00, 0xff, 0x03, 0x00, 0x00, 0xff, 0x01, 0x00, 0x00, 0x00, 0x00,
    0x00, 0x00, 0x00, 0x00, 0x00, 0x00, 0x00, 0x00, 0x00, 0x00, 0x00, 0x00, 0x00, 0x00, 0x00, 0x00,
    0x00, 0x00, 0x00, 0x00, 0x00, 0x00, 0xaa, 0x03, 0x0a, 0x00, 0xdf, 0x18, 0x0a, 0x00, 0xe0, 0x32,
    0x09, 0x00, 0xe2, 0x51, 0x09, 0x00, 0xe1, 0x71, 0x08, 0x00, 0xe1, 0x95, 0x08, 0x00, 0xe2, 0xb4,
    0x08, 0x00, 0xe1, 0xd0, 0x08, 0x00, 0xe2, 0xe8, 0x09, 0x00, 0xe2, 0xfa, 0x09, 0x00, 0xe8, 0xff,
    0x0a, 0x00, 0xef, 0xff, 0x0a, 0x00, 0xf1, 0xff, 0x0a, 0x00, 0xf1, 0xff, 0x0a, 0x00, 0xef, 0xff,
    0x09, 0x00, 0xec, 0xff, 0x09, 0x00, 0xe8, 0xff, 0x09, 0x00, 0xe5, 0xff, 0x09, 0x00, 0xe3, 0xff,
    0x09, 0x00, 0xe2, 0xfd, 0x09, 0x00, 0xe1, 0xfc, 0x09, 0x00, 0xe2, 0xfb, 0x09, 0x00, 0xe2, 0xfb,
    0x09, 0x00, 0xe2, 0xfb, 0x09, 0x00, 0xe1, 0xfc, 0x09, 0x00, 0xe1, 0xfd, 0x09, 0x00, 0xe1, 0xfd,
    0x09, 0x00, 0xe1, 0xfe, 0x09, 0x00, 0xe1, 0xfe, 0x09, 0x00, 0xe2, 0xff, 0x09, 0x00, 0xe2, 0xff,
    0x09, 0x00, 0xe2, 0xff, 0x09, 0x00, 0xe2, 0xff, 0x09, 0x00, 0xe2, 0xff, 0x09, 0x00, 0xe2, 0xff,
    0x09, 0x00, 0xe2, 0xff, 0x09, 0x00, 0xe2, 0xff, 0x09, 0x00, 0xe2, 0xff, 0x09, 0x00, 0xe2, 0xff,
    0x09, 0x00, 0xe2, 0xff, 0x09, 0x00, 0xe2, 0xff, 0x09, 0x00, 0xe2, 0xff, 0x09, 0x00, 0xe2, 0xff,
    0x09, 0x00, 0xe2, 0xff, 0x09, 0x00, 0xe2, 0xff, 0x09, 0x00, 0xe2, 0xff, 0x09, 0x00, 0xe2, 0xff,
    0x09, 0x00, 0xe2, 0xff, 0x09, 0x00, 0xe2, 0xff, 0x09, 0x00, 0xe2, 0xff, 0x09, 0x00, 0xe2, 0xff,
    0x09, 0x00, 0xe2, 0xff, 0x09, 0x00, 0xe2, 0xff, 0x09, 0x00, 0xe2, 0xff, 0x09, 0x00, 0xe2, 0xff,
    0x09, 0x00, 0xe2, 0xff, 0x09, 0x00, 0xe2, 0xff, 0x09, 0x00, 0xe2, 0xff, 0x09, 0x00, 0xe2, 0xff,
    0x09, 0x00, 0xe2, 0xff, 0x09, 0x00, 0xe2, 0xff, 0x09, 0x00, 0xe2, 0xff, 0x09, 0x00, 0xe2, 0xff,
    0x09, 0x00, 0xe2, 0xff, 0x09, 0x00, 0xe2, 0xff, 0x09, 0x00, 0xe2, 0xff, 0x09, 0x00, 0xe2, 0xff,
    0x09, 0x00, 0xe2, 0xff, 0x09, 0x00, 0xe2, 0xff, 0x09, 0x00, 0xe2, 0xff, 0x09, 0x00, 0xe2, 0xff,
    0x09, 0x00, 0xe2, 0xff, 0x09, 0x00, 0xe2, 0xff, 0x09, 0x00, 0xe2, 0xff, 0x09, 0x00, 0xe2, 0xff,
    0x09, 0x00, 0xe2, 0xff, 0x09, 0x00, 0xe2, 0xff, 0x09, 0x00, 0xe2, 0xff, 0x09, 0x00, 0xe2, 0xff,
    0x09, 0x00, 0xe2, 0xff, 0x09, 0x00, 0xe2, 0xff, 0x09, 0x00, 0xe2, 0xff, 0x09, 0x00, 0xe2, 0xff,
    0x09, 0x00, 0xe2, 0xff, 0x09, 0x00, 0xe2, 0xff, 0x09, 0x00, 0xe2, 0xff, 0x09, 0x00, 0xe2, 0xff,
    0x09, 0x00, 0xe2, 0xff, 0x09, 0x00, 0xe2, 0xff, 0x09, 0x00, 0xe2, 0xff, 0x09, 0x00, 0xe2, 0xff,
    0x09, 0x00, 0xe2, 0xff, 0x09, 0x00, 0xe2, 0xff, 0x09, 0x00, 0xe2, 0xff, 0x09, 0x00, 0xe2, 0xff,
    0x09, 0x00, 0xe2, 0xff, 0x09, 0x00, 0xe2, 0xff, 0x09, 0x00, 0xe2, 0xff, 0x09, 0x00, 0xe2, 0xff,
    0x09, 0x00, 0xe2, 0xff, 0x09, 0x00, 0xe2, 0xff, 0x09, 0x00, 0xe2, 0xff, 0x09, 0x00, 0xe2, 0xff,
    0x09, 0x00, 0xe2, 0xff, 0x09, 0x00, 0xe2, 0xff, 0x09, 0x00, 0xe2, 0xff, 0x09, 0x00, 0xe2, 0xff,
    0x09, 0x00, 0xe2, 0xff, 0x09, 0x00, 0xe2, 0xff, 0x09, 0x00, 0xe2, 0xff, 0x09, 0x00, 0xe2, 0xff,
    0x09, 0x00, 0xe2, 0xff, 0x09, 0x00, 0xe2, 0xff, 0x09, 0x00, 0xe2, 0xff, 0x09, 0x00, 0xe2, 0xff,
    0x09, 0x00, 0xe2, 0xff, 0x09, 0x00, 0xe2, 0xff, 0x09, 0x00, 0xe2, 0xff, 0x09, 0x00, 0xe2, 0xff,
    0x09, 0x00, 0xe2, 0xff, 0x09, 0x00, 0xe2, 0xff, 0x09, 0x00, 0xe1, 0xfe, 0x09, 0x00, 0xe1, 0xfe,
    0x09, 0x00, 0xe1, 0xfd, 0x09, 0x00, 0xe1, 0xfd, 0x09, 0x00, 0xe1, 0xfc, 0x09, 0x00, 0xe2, 0xfb,
    0x09, 0x00, 0xe2, 0xfb, 0x09, 0x00, 0xe2, 0xfb, 0x09, 0x00, 0xe1, 0xfc, 0x09, 0x00, 0xe2, 0xfd,
    0x09, 0x00, 0xe2, 0xff, 0x09, 0x00, 0xe5, 0xff, 0x09, 0x00, 0xe8, 0xff, 0x09, 0x00, 0xec, 0xff,
    0x0a, 0x00, 0xef, 0xff, 0x0a, 0x00, 0xf1, 0xff, 0x0a, 0x00, 0xf1, 0xff, 0x0a, 0x00, 0xef, 0xff,
    0x09, 0x00, 0xe9, 0xff, 0x09, 0x00, 0xe2, 0xfa, 0x08, 0x00, 0xe1, 0xe9, 0x09, 0x00, 0xe1, 0xd2,
    0x08, 0x00, 0xe1, 0xb5, 0x08, 0x00, 0xe2, 0x96, 0x08, 0x00, 0xe2, 0x73, 0x09, 0x00, 0xe0, 0x53,
    0x0a, 0x00, 0xe5, 0x32, 0x0a, 0x00, 0xe0, 0x19, 0x00, 0x00, 0xff, 0x03, 0x00, 0x00, 0x00, 0x00,
    0x00, 0x00, 0x00, 0x00, 0x00, 0x00, 0x00, 0x00, 0x00, 0x00, 0x00, 0x00, 0x00, 0x00, 0x00, 0x00,
    0x00, 0x00, 0x00, 0x00, 0x00, 0x00, 0xff, 0x01, 0x00, 0x00, 0xff, 0x03, 0x00, 0x00, 0xbf, 0x04,
    0x00, 0x00, 0xff, 0x03, 0x00, 0x00, 0xff, 0x02, 0x00, 0x00, 0xff, 0x01, 0x00, 0x00, 0x00, 0x00,
    0x00, 0x00, 0x00, 0x00, 0x00, 0x00, 0x00, 0x00, 0x00, 0x00, 0x00, 0x00, 0x00, 0x00, 0x00, 0x00,
    0x00, 0x00, 0x00, 0x00, 0x00, 0x00, 0x00, 0x00, 0x00, 0x00, 0x00, 0x00, 0x00, 0x00, 0x00, 0x00,
    0x00, 0x00, 0x00, 0x00, 0x00, 0x00, 0x00, 0x00, 0x00, 0x00, 0x00, 0x00, 0x00, 0x00, 0x00, 0x00,
    0x00, 0x00, 0x00, 0x00, 0x00, 0x00, 0x00, 0x00, 0x00, 0x00, 0x00, 0x00, 0x00, 0x00, 0x00, 0x00,
    0x00, 0x00, 0x00, 0x00, 0x00, 0x00, 0x00, 0x00, 0x00, 0x00, 0x00, 0x00, 0x00, 0x00, 0x00, 0x00,
    0x00, 0x00, 0x00, 0x00, 0x00, 0x00, 0x00, 0x00, 0x00, 0x00, 0x00, 0x00, 0x00, 0x00, 0x00, 0x00,
    0x00, 0x00, 0x00, 0x00, 0x00, 0x00, 0x00, 0x00, 0x00, 0x00, 0x00, 0x00, 0x00, 0x00, 0x00, 0x00,
    0x00, 0x00, 0x00, 0x00, 0x00, 0x00, 0x00, 0x00, 0x00, 0x00, 0x00, 0x00, 0x00, 0x00, 0x00, 0x00,
    0x00, 0x00, 0x00, 0x00, 0x00, 0x00, 0x00, 0x00, 0x00, 0x00, 0x00, 0x00, 0x00, 0x00, 0x00, 0x00,
    0x00, 0x00, 0x00, 0x00, 0x00, 0x00, 0x00, 0x00, 0x00, 0x00, 0x00, 0x00, 0x00, 0x00, 0x00, 0x00,
    0x00, 0x00, 0x00, 0x00, 0x00, 0x00, 0x00, 0x00, 0x00, 0x00, 0x00, 0x00, 0x00, 0x00, 0x00, 0x00,
    0x00, 0x00, 0x00, 0x00, 0x00, 0x00, 0x00, 0x00, 0x00, 0x00, 0x00, 0x00, 0x00, 0x00, 0x00, 0x00,
    0x00, 0x00, 0x00, 0x00, 0x00, 0x00, 0x00, 0x00, 0x00, 0x00, 0x00, 0x00, 0x00, 0x00, 0x00, 0x00,
    0x00, 0x00, 0x00, 0x00, 0x00, 0x00, 0x00, 0x00, 0x00, 0x00, 0x00, 0x00, 0x00, 0x00, 0x00, 0x00,
    0x00, 0x00, 0x00, 0x00, 0x00, 0x00, 0x00, 0x00, 0x00, 0x00, 0x00, 0x00, 0x00, 0x00, 0x00, 0x00,
    0x00, 0x00, 0x00, 0x00, 0x00, 0x00, 0x00, 0x00, 0x00, 0x00, 0x00, 0x00, 0x00, 0x00, 0x00, 0x00,
    0x00, 0x00, 0x00, 0x00, 0x00, 0x00, 0x00, 0x00, 0x00, 0x00, 0x00, 0x00, 0x00, 0x00, 0x00, 0x00,
    0x00, 0x00, 0x00, 0x00, 0x00, 0x00, 0x00, 0x00, 0x00, 0x00, 0x00, 0x00, 0x00, 0x00, 0x00, 0x00,
    0x00, 0x00, 0x00, 0x00, 0x00, 0x00, 0x00, 0x00, 0x00, 0x00, 0x00, 0x00, 0x00, 0x00, 0x00, 0x00,
    0x00, 0x00, 0x00, 0x00, 0x00, 0x00, 0x00, 0x00, 0x00, 0x00, 0x00, 0x00, 0x00, 0x00, 0x00, 0x00,
    0x00, 0x00, 0x00, 0x00, 0x00, 0x00, 0x00, 0x00, 0x00, 0x00, 0x00, 0x00, 0x00, 0x00, 0x00, 0x00,
    0x00, 0x00, 0x00, 0x00, 0x00, 0x00, 0x00, 0x00, 0x00, 0x00, 0x00, 0x00, 0x00, 0x00, 0x00, 0x00,
    0x00, 0x00, 0x00, 0x00, 0x00, 0x00, 0x00, 0x00, 0x00, 0x00, 0x00, 0x00, 0x00, 0x00, 0x00, 0x00,
    0x00, 0x00, 0x00, 0x00, 0x00, 0x00, 0x00, 0x00, 0x00, 0x00, 0x00, 0x00, 0x00, 0x00, 0x00, 0x00,
    0x00, 0x00, 0x00, 0x00, 0x00, 0x00, 0x00, 0x00, 0x00, 0x00, 0x00, 0x00, 0x00, 0x00, 0x00, 0x00,
    0x00, 0x00, 0x00, 0x00, 0x00, 0x00, 0x00, 0x00, 0x00, 0x00, 0x00, 0x00, 0x00, 0x00, 0x00, 0x00,
    0x00, 0x00, 0x00, 0x00, 0x00, 0x00, 0x00, 0x00, 0x00, 0x00, 0x00, 0x00, 0x00, 0x00, 0x00, 0x00,
    0x00, 0x00, 0x00, 0x00, 0x00, 0x00, 0x00, 0x00, 0x00, 0x00, 0x00, 0x00, 0x00, 0x00, 0x00, 0x00,
    0x00, 0x00, 0x00, 0x00, 0x00, 0x00, 0x00, 0x00, 0x00, 0x00, 0x00, 0x00, 0x00, 0x00, 0x00, 0x00,
    0x00, 0x00, 0x00, 0x00, 0x00, 0x00, 0x00, 0x00, 0x00, 0x00, 0x00, 0x00, 0x00, 0x00, 0x00, 0x00,
    0x00, 0x00, 0x00, 0x00, 0x00, 0x00, 0x00, 0x00, 0x00, 0x00, 0x00, 0x00, 0x00, 0x00, 0x00, 0x00,
    0x00, 0x00, 0x00, 0x00, 0x00, 0x00, 0x00, 0x00, 0x00, 0x00, 0x00, 0x00, 0x00, 0x00, 0x00, 0x00,
    0x00, 0x00, 0x00, 0x00, 0x00, 0x00, 0x00, 0x00, 0x00, 0x00, 0x00, 0x00, 0x00, 0x00, 0x00, 0x00,
    0x00, 0x00, 0x00, 0x00, 0x00, 0x00, 0x00, 0x00, 0x00, 0x00, 0x00, 0x00, 0x00, 0x00, 0x00, 0x00,
    0x00, 0x00, 0x00, 0x00, 0x00, 0x00, 0x00, 0x00, 0x00, 0x00, 0x00, 0x00, 0x00, 0x00, 0x00, 0x00,
    0x00, 0x00, 0xff, 0x01, 0x00, 0x00, 0xaa, 0x03, 0x00, 0x00, 0xbf, 0x04, 0x00, 0x00, 0xbf, 0x04,
    0x00, 0x00, 0xff, 0x02, 0x00, 0x00, 0x00, 0x00, 0x00, 0x00, 0x00, 0x00, 0x00, 0x00, 0x00, 0x00,
    0x00, 0x00, 0x00, 0x00, 0x00, 0x00, 0x00, 0x00, 0x00, 0x00, 0x00, 0x00, 0x00, 0x00, 0xd7, 0x0d,
    0x06, 0x00, 0xe4, 0x27, 0x07, 0x00, 0xe2, 0x48, 0x09, 0x00, 0xe2, 0x6d, 0x08, 0x00, 0xe1, 0x95,
    0x09, 0x00, 0xe1, 0xb8, 0x09, 0x00, 0xe2, 0xd6, 0x08, 0x00, 0xe1, 0xf0, 0x09, 0x00, 0xe4, 0xff,
    0x09, 0x00, 0xed, 0xff, 0x0a, 0x00, 0xf1, 0xff, 0x0a, 0x00, 0xf1, 0xff, 0x0a, 0x00, 0xef, 0xff,
    0x09, 0x00, 0xeb, 0xff, 0x09, 0x00, 0xe7, 0xff, 0x09, 0x00, 0xe3, 0xff, 0x09, 0x00, 0xe1, 0xfe,
    0x09, 0x00, 0xe1, 0xfc, 0x09, 0x00, 0xe2, 0xfb, 0x09, 0x00, 0xe2, 0xfb, 0x09, 0x00, 0xe1, 0xfc,
    0x09, 0x00, 0xe2, 0xfc, 0x09, 0x00, 0xe1, 0xfd, 0x09, 0x00, 0xe1, 0xfe, 0x09, 0x00, 0xe1, 0xfe,
    0x09, 0x00, 0xe2, 0xff, 0x09, 0x00, 0xe2, 0xff, 0x09, 0x00, 0xe2, 0xff, 0x09, 0x00, 0xe2, 0xff,
    0x09, 0x00, 0xe2, 0xff, 0x09, 0x00, 0xe2, 0xff, 0x09, 0x00, 0xe2, 0xff, 0x09, 0x00, 0xe2, 0xff,
    0x09, 0x00, 0xe2, 0xff, 0x09, 0x00, 0xe2, 0xff, 0x09, 0x00, 0xe2, 0xff, 0x09, 0x00, 0xe2, 0xff,
    0x09, 0x00, 0xe2, 0xff, 0x09, 0x00, 0xe2, 0xff, 0x09, 0x00, 0xe2, 0xff, 0x09, 0x00, 0xe2, 0xff,
    0x09, 0x00, 0xe2, 0xff, 0x09, 0x00, 0xe2, 0xff, 0x09, 0x00, 0xe2, 0xff, 0x09, 0x00, 0xe2, 0xff,
    0x09, 0x00, 0xe2, 0xff, 0x09, 0x00, 0xe2, 0xff, 0x09, 0x00, 0xe2, 0xff, 0x09, 0x00, 0xe2, 0xff,
    0x09, 0x00, 0xe2, 0xff, 0x09, 0x00, 0xe2, 0xff, 0x09, 0x00, 0xe2, 0xff, 0x09, 0x00, 0xe2, 0xff,
    0x09, 0x00, 0xe2, 0xff, 0x09, 0x00, 0xe2, 0xff, 0x09, 0x00, 0xe2, 0xff, 0x09, 0x00, 0xe2, 0xff,
    0x09, 0x00, 0xe2, 0xff, 0x09, 0x00, 0xe2, 0xff, 0x09, 0x00, 0xe2, 0xff, 0x09, 0x00, 0xe2, 0xff,
    0x09, 0x00, 0xe2, 0xff, 0x09, 0x00, 0xe2, 0xff, 0x09, 0x00, 0xe2, 0xff, 0x09, 0x00, 0xe2, 0xff,
    0x09, 0x00, 0xe2, 0xff, 0x09, 0x00, 0xe2, 0xff, 0x09, 0x00, 0xe2, 0xff, 0x09, 0x00, 0xe2, 0xff,
    0x09, 0x00, 0xe2, 0xff, 0x09, 0x00, 0xe2, 0xff, 0x09, 0x00, 0xe2, 0xff, 0x09, 0x00, 0xe2, 0xff,
    0x09, 0x00, 0xe2, 0xff, 0x09, 0x00, 0xe2, 0xff, 0x09, 0x00, 0xe2, 0xff, 0x09, 0x00, 0xe2, 0xff,
    0x09, 0x00, 0xe2, 0xff, 0x09, 0x00, 0xe2, 0xff, 0x09, 0x00, 0xe2, 0xff, 0x09, 0x00, 0xe2, 0xff,
    0x09, 0x00, 0xe2, 0xff, 0x09, 0x00, 0xe2, 0xff, 0x09, 0x00, 0xe2, 0xff, 0x09, 0x00, 0xe2, 0xff,
    0x09, 0x00, 0xe2, 0xff, 0x09, 0x00, 0xe2, 0xff, 0x09, 0x00, 0xe2, 0xff, 0x09, 0x00, 0xe2, 0xff,
    0x09, 0x00, 0xe2, 0xff, 0x09, 0x00, 0xe2, 0xff, 0x09, 0x00, 0xe2, 0xff, 0x09, 0x00, 0xe2, 0xff,
    0x09, 0x00, 0xe2, 0xff, 0x09, 0x00, 0xe2, 0xff, 0x09, 0x00, 0xe2, 0xff, 0x09, 0x00, 0xe2, 0xff,
    0x09, 0x00, 0xe2, 0xff, 0x09, 0x00, 0xe2, 0xff, 0x09, 0x00, 0xe2, 0xff, 0x09, 0x00, 0xe2, 0xff,
    0x09, 0x00, 0xe2, 0xff, 0x09, 0x00, 0xe2, 0xff, 0x09, 0x00, 0xe2, 0xff, 0x09, 0x00, 0xe2, 0xff,
    0x09, 0x00, 0xe2, 0xff, 0x09, 0x00, 0xe2, 0xff, 0x09, 0x00, 0xe2, 0xff, 0x09, 0x00, 0xe2, 0xff,
    0x09, 0x00, 0xe2, 0xff, 0x09, 0x00, 0xe2, 0xff, 0x09, 0x00, 0xe2, 0xff, 0x09, 0x00, 0xe2, 0xff,
    0x09, 0x00, 0xe2, 0xff, 0x09, 0x00, 0xe2, 0xff, 0x09, 0x00, 0xe2, 0xff, 0x09, 0x00, 0xe2, 0xff,
    0x09, 0x00, 0xe2, 0xff, 0x09, 0x00, 0xe2, 0xff, 0x09, 0x00, 0xe2, 0xff, 0x09, 0x00, 0xe2, 0xff,
    0x09, 0x00, 0xe2, 0xff, 0x09, 0x00, 0xe2, 0xff, 0x09, 0x00, 0xe2, 0xff, 0x09, 0x00, 0xe2, 0xff,
    0x09, 0x00, 0xe2, 0xff, 0x09, 0x00, 0xe2, 0xff, 0x09, 0x00, 0xe2, 0xff, 0x09, 0x00, 0xe2, 0xff,
    0x09, 0x00, 0xe2, 0xff, 0x09, 0x00, 0xe2, 0xff, 0x09, 0x00, 0xe2, 0xff, 0x09, 0x00, 0xe2, 0xff,
    0x09, 0x00, 0xe2, 0xff, 0x09, 0x00, 0xe2, 0xff, 0x09, 0x00, 0xe2, 0xff, 0x09, 0x00, 0xe2, 0xff,
    0x09, 0x00, 0xe2, 0xfe, 0x09, 0x00, 0xe1, 0xfe, 0x09, 0x00, 0xe1, 0xfd, 0x09, 0x00, 0xe1, 0xfd,
    0x09, 0x00, 0xe1, 0xfc, 0x09, 0x00, 0xe2, 0xfb, 0x09, 0x00, 0xe2, 0xfb, 0x09, 0x00, 0xe1, 0xfc,
    0x09, 0x00, 0xe1, 0xfe, 0x09, 0x00, 0xe3, 0xff, 0x09, 0x00, 0xe7, 0xff, 0x09, 0x00, 0xeb, 0xff,
    0x0a, 0x00, 0xef, 0xff, 0x0a, 0x00, 0xf1, 0xff, 0x0a, 0x00, 0xf1, 0xff, 0x09, 0x00, 0xed, 0xff,
    0x09, 0x00, 0xe4, 0xff, 0x09, 0x00, 0xe1, 0xf1, 0x09, 0x00, 0xe2, 0xd8, 0x09, 0x00, 0xe0, 0xba,
    0x08, 0x00, 0xe2, 0x96, 0x09, 0x00, 0xe3, 0x6f, 0x0a, 0x00, 0xe3, 0x4a, 0x06, 0x00, 0xe5, 0x28,
    0x00, 0x00, 0xeb, 0x0d, 0x00, 0x00, 0x00, 0x00, 0x00, 0x00, 0x00, 0x00, 0x00, 0x00, 0x00, 0x00,
    0x00, 0x00, 0x00, 0x00, 0x00, 0x00, 0x00, 0x00, 0x00, 0x00, 0x00, 0x00, 0x00, 0x00, 0x7f, 0x02,
    0x00, 0x00, 0xbf, 0x04, 0x00, 0x00, 0xbf, 0x04, 0x00, 0x00, 0xaa, 0x03, 0x00, 0x00, 0xff, 0x01,
    0x00, 0x00, 0x00, 0x00, 0x00, 0x00, 0x00, 0x00, 0x00, 0x00, 0x00, 0x00, 0x00, 0x00, 0x00, 0x00,
    0x00, 0x00, 0x00, 0x00, 0x00, 0x00, 0x00, 0x00, 0x00, 0x00, 0x00, 0x00, 0x00, 0x00, 0x00, 0x00,
    0x00, 0x00, 0x00, 0x00, 0x00, 0x00, 0x00, 0x00, 0x00, 0x00, 0x00, 0x00, 0x00, 0x00, 0x00, 0x00,
    0x00, 0x00, 0x00, 0x00, 0x00, 0x00, 0x00, 0x00, 0x00, 0x00, 0x00, 0x00, 0x00, 0x00, 0x00, 0x00,
    0x00, 0x00, 0x00, 0x00, 0x00, 0x00, 0x00, 0x00, 0x00, 0x00, 0x00, 0x00, 0x00, 0x00, 0x00, 0x00,
    0x00, 0x00, 0x00, 0x00, 0x00, 0x00, 0x00, 0x00, 0x00, 0x00, 0x00, 0x00, 0x00, 0x00, 0x00, 0x00,
    0x00, 0x00, 0x00, 0x00, 0x00, 0x00, 0x00, 0x00, 0x00, 0x00, 0x00, 0x00, 0x00, 0x00, 0x00, 0x00,
    0x00, 0x00, 0x00, 0x00, 0x00, 0x00, 0x00, 0x00, 0x00, 0x00, 0x00, 0x00, 0x00, 0x00, 0x00, 0x00,
    0x00, 0x00, 0x00, 0x00, 0x00, 0x00, 0x00, 0x00, 0x00, 0x00, 0x00, 0x00, 0x00, 0x00, 0x00, 0x00,
    0x00, 0x00, 0x00, 0x00, 0x00, 0x00, 0x00, 0x00, 0x00, 0x00, 0x00, 0x00, 0x00, 0x00, 0x00, 0x00,
    0x00, 0x00, 0x00, 0x00, 0x00, 0x00, 0x00, 0x00, 0x00, 0x00, 0x00, 0x00, 0x00, 0x00, 0x00, 0x00,
    0x00, 0x00, 0x00, 0x00, 0x00, 0x00, 0x00, 0x00, 0x00, 0x00, 0x00, 0x00, 0x00, 0x00, 0x00, 0x00,
    0x00, 0x00, 0x00, 0x00, 0x00, 0x00, 0x00, 0x00, 0x00, 0x00, 0x00, 0x00, 0x00, 0x00, 0x00, 0x00,
    0x00, 0x00, 0x00, 0x00, 0x00, 0x00, 0x00, 0x00, 0x00, 0x00, 0x00, 0x00, 0x00, 0x00, 0x00, 0x00,
    0x00, 0x00, 0x00, 0x00, 0x00, 0x00, 0x00, 0x00, 0x00, 0x00, 0x00, 0x00, 0x00, 0x00, 0x00, 0x00,
    0x00, 0x00, 0x00, 0x00, 0x00, 0x00, 0x00, 0x00, 0x00, 0x00, 0x00, 0x00, 0x00, 0x00, 0x00, 0x00,
    0x00, 0x00, 0x00, 0x00, 0x00, 0x00, 0x00, 0x00, 0x00, 0x00, 0x00, 0x00, 0x00, 0x00, 0x00, 0x00,
    0x00, 0x00, 0x00, 0x00, 0x00, 0x00, 0x00, 0x00, 0x00, 0x00, 0x00, 0x00, 0x00, 0x00, 0x00, 0x00,
    0x00, 0x00, 0x00, 0x00, 0x00, 0x00, 0x00, 0x00, 0x00, 0x00, 0x00, 0x00, 0x00, 0x00, 0x00, 0x00,
    0x00, 0x00, 0x00, 0x00, 0x00, 0x00, 0x00, 0x00, 0x00, 0x00, 0x00, 0x00, 0x00, 0x00, 0x00, 0x00,
    0x00, 0x00, 0x00, 0x00, 0x00, 0x00, 0x00, 0x00, 0x00, 0x00, 0x00, 0x00, 0x00, 0x00, 0x00, 0x00,
    0x00, 0x00, 0x00, 0x00, 0x00, 0x00, 0x00, 0x00, 0x00, 0x00, 0x00, 0x00, 0x00, 0x00, 0x00, 0x00,
    0x00, 0x00, 0x00, 0x00, 0x00, 0x00, 0x00, 0x00, 0x00, 0x00, 0x00, 0x00, 0x00, 0x00, 0x00, 0x00,
    0x00, 0x00, 0x00, 0x00, 0x00, 0x00, 0x00, 0x00, 0x00, 0x00, 0x00, 0x00, 0x00, 0x00, 0x00, 0x00,
    0x00, 0x00, 0x00, 0x00, 0x00, 0x00, 0x00, 0x00, 0x00, 0x00, 0x00, 0x00, 0x00, 0x00, 0x00, 0x00,
    0x00, 0x00, 0x00, 0x00, 0x00, 0x00, 0x00, 0x00, 0x00, 0x00, 0x00, 0x00, 0x00, 0x00, 0x00, 0x00,
    0x00, 0x00, 0x00, 0x00, 0x00, 0x00, 0x00, 0x00, 0x00, 0x00, 0x00, 0x00, 0x00, 0x00, 0x00, 0x00,
    0x00, 0x00, 0x00, 0x00, 0x00, 0x00, 0x00, 0x00, 0x00, 0x00, 0x00, 0x00, 0x00, 0x00, 0x00, 0x00,
    0x00, 0x00, 0x00, 0x00, 0x00, 0x00, 0x00, 0x00, 0x00, 0x00, 0x00, 0x00, 0x00, 0x00, 0x00, 0x00,
    0x00, 0x00, 0x00, 0x00, 0x00, 0x00, 0x00, 0x00, 0x00, 0x00, 0x00, 0x00, 0x00, 0x00, 0x00, 0x00,
    0x00, 0x00, 0x00, 0x00, 0x00, 0x00, 0x00, 0x00, 0x00, 0x00, 0x00, 0x00, 0x00, 0x00, 0x00, 0x00,
    0x00, 0x00, 0x00, 0x00, 0x00, 0x00, 0x00, 0x00, 0x00, 0x00, 0x00, 0x00, 0x00, 0x00, 0x00, 0x00,
    0x00, 0x00, 0x00, 0x00, 0x00, 0x00, 0x00, 0x00, 0x00, 0x00, 0x00, 0x00, 0x00, 0x00, 0xff, 0x01,
    0x00, 0x00, 0xaa, 0x03, 0x00, 0x00, 0xbf, 0x04, 0x00, 0x00, 0xbf, 0x04, 0x00, 0x00, 0xff, 0x01,
    0x00, 0x00, 0x00, 0x00, 0x00, 0x00, 0x00, 0x00, 0x00, 0x00, 0x00, 0x00, 0x00, 0x00, 0x00, 0x00,
    0x00, 0x00, 0x00, 0x00, 0x00, 0x00, 0xe5, 0x0a, 0x06, 0x00, 0xe4, 0x26, 0x06, 0x00, 0xe3, 0x4a,
    0x08, 0x00, 0xe2, 0x74, 0x09, 0x00, 0xe1, 0x9e, 0x09, 0x00, 0xe2, 0xc4, 0x08, 0x00, 0xe1, 0xe4,
    0x09, 0x00, 0xe2, 0xfb, 0x09, 0x00, 0xeb, 0xff, 0x0a, 0x00, 0xf1, 0xff, 0x0a, 0x00, 0xf1, 0xff,
    0x09, 0x00, 0xee, 0xff, 0x09, 0x00, 0xea, 0xff, 0x09, 0x00, 0xe5, 0xff, 0x09, 0x00, 0xe2, 0xff,
    0x09, 0x00, 0xe2, 0xfc, 0x09, 0x00, 0xe2, 0xfb, 0x09, 0x00, 0xe2, 0xfb, 0x09, 0x00, 0xe1, 0xfc,
    0x09, 0x00, 0xe1, 0xfd, 0x09, 0x00, 0xe1, 0xfe, 0x09, 0x00, 0xe1, 0xfe, 0x09, 0x00, 0xe2, 0xff,
    0x09, 0x00, 0xe2, 0xff, 0x09, 0x00, 0xe2, 0xff, 0x09, 0x00, 0xe2, 0xff, 0x09, 0x00, 0xe2, 0xff,
    0x09, 0x00, 0xe2, 0xff, 0x09, 0x00, 0xe2, 0xff, 0x09, 0x00, 0xe2, 0xff, 0x09, 0x00, 0xe2, 0xff,
    0x09, 0x00, 0xe2, 0xff, 0x09, 0x00, 0xe2, 0xff, 0x09, 0x00, 0xe2, 0xff, 0x09, 0x00, 0xe2, 0xff,
    0x09, 0x00, 0xe2, 0xff, 0x09, 0x00, 0xe2, 0xff, 0x09, 0x00, 0xe2, 0xff, 0x09, 0x00, 0xe2, 0xff,
    0x09, 0x00, 0xe2, 0xff, 0x09, 0x00, 0xe2, 0xff, 0x09, 0x00, 0xe2, 0xff, 0x09, 0x00, 0xe2, 0xff,
    0x09, 0x00, 0xe2, 0xff, 0x09, 0x00, 0xe2, 0xff, 0x09, 0x00, 0xe2, 0xff, 0x09, 0x00, 0xe2, 0xff,
    0x09, 0x00, 0xe2, 0xff, 0x09, 0x00, 0xe2, 0xff, 0x09, 0x00, 0xe2, 0xff, 0x09, 0x00, 0xe2, 0xff,
    0x09, 0x00, 0xe2, 0xff, 0x09, 0x00, 0xe2, 0xff, 0x09, 0x00, 0xe2, 0xff, 0x09, 0x00, 0xe2, 0xff,
    0x09, 0x00, 0xe2, 0xff, 0x09, 0x00, 0xe2, 0xff, 0x09, 0x00, 0xe2, 0xff, 0x09, 0x00, 0xe2, 0xff,
    0x09, 0x00, 0xe2, 0xff, 0x09, 0x00, 0xe2, 0xff, 0x09, 0x00, 0xe2, 0xff, 0x09, 0x00, 0xe2, 0xff,
    0x09, 0x00, 0xe2, 0xff, 0x09, 0x00, 0xe2, 0xff, 0x09, 0x00, 0xe2, 0xff, 0x09, 0x00, 0xe2, 0xff,
    0x09, 0x00, 0xe2, 0xff, 0x09, 0x00, 0xe2, 0xff, 0x09, 0x00, 0xe2, 0xff, 0x09, 0x00, 0xe2, 0xff,
    0x09, 0x00, 0xe2, 0xff, 0x09, 0x00, 0xe2, 0xff, 0x09, 0x00, 0xe2, 0xff, 0x09, 0x00, 0xe2, 0xff,
    0x09, 0x00, 0xe2, 0xff, 0x09, 0x00, 0xe2, 0xff, 0x09, 0x00, 0xe2, 0xff, 0x09, 0x00, 0xe2, 0xff,
    0x09, 0x00, 0xe2, 0xff, 0x09, 0x00, 0xe2, 0xff, 0x09, 0x00, 0xe2, 0xff, 0x09, 0x00, 0xe2, 0xff,
    0x09, 0x00, 0xe2, 0xff, 0x09, 0x00, 0xe2, 0xff, 0x09, 0x00, 0xe2, 0xff, 0x09, 0x00, 0xe2, 0xff,
    0x09, 0x00, 0xe2, 0xff, 0x09, 0x00, 0xe2, 0xff, 0x09, 0x00, 0xe2, 0xff, 0x09, 0x00, 0xe2, 0xff,
    0x09, 0x00, 0xe2, 0xff, 0x09, 0x00, 0xe2, 0xff, 0x09, 0x00, 0xe2, 0xff, 0x09, 0x00, 0xe2, 0xff,
    0x09, 0x00, 0xe2, 0xff, 0x09, 0x00, 0xe2, 0xff, 0x09, 0x00, 0xe2, 0xff, 0x09, 0x00, 0xe2, 0xff,
    0x09, 0x00, 0xe2, 0xff, 0x09, 0x00, 0xe2, 0xff, 0x09, 0x00, 0xe2, 0xff, 0x09, 0x00, 0xe2, 0xff,
    0x09, 0x00, 0xe2, 0xff, 0x09, 0x00, 0xe2, 0xff, 0x09, 0x00, 0xe2, 0xff, 0x09, 0x00, 0xe2, 0xff,
    0x09, 0x00, 0xe2, 0xff, 0x09, 0x00, 0xe2, 0xff, 0x09, 0x00, 0xe2, 0xff, 0x09, 0x00, 0xe2, 0xff,
    0x09, 0x00, 0xe2, 0xff, 0x09, 0x00, 0xe2, 0xff, 0x09, 0x00, 0xe2, 0xff, 0x09, 0x00, 0xe2, 0xff,
    0x09, 0x00, 0xe2, 0xff, 0x09, 0x00, 0xe2, 0xff, 0x09, 0x00, 0xe2, 0xff, 0x09, 0x00, 0xe2, 0xff,
    0x09, 0x00, 0xe2, 0xff, 0x09, 0x00, 0xe2, 0xff, 0x09, 0x00, 0xe2, 0xff, 0x09, 0x00, 0xe2, 0xff,
    0x09, 0x00, 0xe2, 0xff, 0x09, 0x00, 0xe2, 0xff, 0x09, 0x00, 0xe2, 0xff, 0x09, 0x00, 0xe2, 0xff,
    0x09, 0x00, 0xe2, 0xff, 0x09, 0x00, 0xe2, 0xff, 0x09, 0x00, 0xe2, 0xff, 0x09, 0x00, 0xe2, 0xff,
    0x09, 0x00, 0xe2, 0xff, 0x09, 0x00, 0xe2, 0xff, 0x09, 0x00, 0xe2, 0xff, 0x09, 0x00, 0xe2, 0xff,
    0x09, 0x00, 0xe2, 0xff, 0x09, 0x00, 0xe2, 0xff, 0x09, 0x00, 0xe2, 0xff, 0x09, 0x00, 0xe2, 0xff,
    0x09, 0x00, 0xe2, 0xff, 0x09, 0x00, 0xe2, 0xff, 0x09, 0x00, 0xe2, 0xff, 0x09, 0x00, 0xe2, 0xff,
    0x09, 0x00, 0xe2, 0xff, 0x09, 0x00, 0xe2, 0xff, 0x09, 0x00, 0xe2, 0xff, 0x09, 0x00, 0xe2, 0xff,
    0x09, 0x00, 0xe2, 0xff, 0x09, 0x00, 0xe2, 0xff, 0x09, 0x00, 0xe2, 0xff, 0x09, 0x00, 0xe2, 0xff,
    0x09, 0x00, 0xe2, 0xff, 0x09, 0x00, 0xe1, 0xfe, 0x09, 0x00, 0xe1, 0xfe, 0x09, 0x00, 0xe1, 0xfd,
    0x09, 0x00, 0xe1, 0xfc, 0x09, 0x00, 0xe2, 0xfb, 0x09, 0x00, 0xe2, 0xfb, 0x09, 0x00, 0xe2, 0xfc,
    0x09, 0x00, 0xe2, 0xff, 0x09, 0x00, 0xe5, 0xff, 0x09, 0x00, 0xea, 0xff, 0x09, 0x00, 0xee, 0xff,
    0x0a, 0x00, 0xf1, 0xff, 0x0a, 0x00, 0xf1, 0xff, 0x09, 0x00, 0xec, 0xff, 0x09, 0x00, 0xe1, 0xfc,
    0x08, 0x00, 0xe2, 0xe5, 0x09, 0x00, 0xe1, 0xc6, 0x09, 0x00, 0xe2, 0x9f, 0x08, 0x00, 0xe2, 0x75,
    0x0a, 0x00, 0xe4, 0x4c, 0x06, 0x00, 0xe4, 0x27, 0x00, 0x00, 0xe5, 0x0a, 0x00, 0x00, 0x00, 0x00,
    0x00, 0x00, 0x00, 0x00, 0x00, 0x00, 0x00, 0x00, 0x00, 0x00, 0x00, 0x00, 0x00, 0x00, 0x00, 0x00,
    0x00, 0x00, 0xff, 0x01, 0x00, 0x00, 0xff, 0x03, 0x00, 0x00, 0xbf, 0x04, 0x00, 0x00, 0xaa, 0x03,
    0x00, 0x00, 0xff, 0x01, 0x00, 0x00, 0x00, 0x00, 0x00, 0x00, 0x00, 0x00, 0x00, 0x00, 0x00, 0x00,
    0x00, 0x00, 0x00, 0x00, 0x00, 0x00, 0x00, 0x00, 0x00, 0x00, 0x00, 0x00, 0x00, 0x00, 0x00, 0x00,
    0x00, 0x00, 0x00, 0x00, 0x00, 0x00, 0x00, 0x00, 0x00, 0x00, 0x00, 0x00, 0x00, 0x00, 0x00, 0x00,
    0x00, 0x00, 0x00, 0x00, 0x00, 0x00, 0x00, 0x00, 0x00, 0x00, 0x00, 0x00, 0x00, 0x00, 0x00, 0x00,
    0x00, 0x00, 0x00, 0x00, 0x00, 0x00, 0x00, 0x00, 0x00, 0x00, 0x00, 0x00, 0x00, 0x00, 0x00, 0x00,
    0x00, 0x00, 0x00, 0x00, 0x00, 0x00, 0x00, 0x00, 0x00, 0x00, 0x00, 0x00, 0x00, 0x00, 0x00, 0x00,
    0x00, 0x00, 0x00, 0x00, 0x00, 0x00, 0x00, 0x00, 0x00, 0x00, 0x00, 0x00, 0x00, 0x00, 0x00, 0x00,
    0x00, 0x00, 0x00, 0x00, 0x00, 0x00, 0x00, 0x00, 0x00, 0x00, 0x00, 0x00, 0x00, 0x00, 0x00, 0x00,
    0x00, 0x00, 0x00, 0x00, 0x00, 0x00, 0x00, 0x00, 0x00, 0x00, 0x00, 0x00, 0x00, 0x00, 0x00, 0x00,
    0x00, 0x00, 0x00, 0x00, 0x00, 0x00, 0x00, 0x00, 0x00, 0x00, 0x00, 0x00, 0x00, 0x00, 0x00, 0x00,
    0x00, 0x00, 0x00, 0x00, 0x00, 0x00, 0x00, 0x00, 0x00, 0x00, 0x00, 0x00, 0x00, 0x00, 0x00, 0x00,
    0x00, 0x00, 0x00, 0x00, 0x00, 0x00, 0x00, 0x00, 0x00, 0x00, 0x00, 0x00, 0x00, 0x00, 0x00, 0x00,
    0x00, 0x00, 0x00, 0x00, 0x00, 0x00, 0x00, 0x00, 0x00, 0x00, 0x00, 0x00, 0x00, 0x00, 0x00, 0x00,
    0x00, 0x00, 0x00, 0x00, 0x00, 0x00, 0x00, 0x00, 0x00, 0x00, 0x00, 0x00, 0x00, 0x00, 0x00, 0x00,
    0x00, 0x00, 0x00, 0x00, 0x00, 0x00, 0x00, 0x00, 0x00, 0x00, 0x00, 0x00, 0x00, 0x00, 0x00, 0x00,
    0x00, 0x00, 0x00, 0x00, 0x00, 0x00, 0x00, 0x00, 0x00, 0x00, 0x00, 0x00, 0x00, 0x00, 0x00, 0x00,
    0x00, 0x00, 0x00, 0x00, 0x00, 0x00, 0x00, 0x00, 0x00, 0x00, 0x00, 0x00, 0x00, 0x00, 0x00, 0x00,
    0x00, 0x00, 0x00, 0x00, 0x00, 0x00, 0x00, 0x00, 0x00, 0x00, 0x00, 0x00, 0x00, 0x00, 0x00, 0x00,
    0x00, 0x00, 0x00, 0x00, 0x00, 0x00, 0x00, 0x00, 0x00, 0x00, 0x00, 0x00, 0x00, 0x00, 0x00, 0x00,
    0x00, 0x00, 0x00, 0x00, 0x00, 0x00, 0x00, 0x00, 0x00, 0x00, 0x00, 0x00, 0x00, 0x00, 0x00, 0x00,
    0x00, 0x00, 0x00, 0x00, 0x00, 0x00, 0x00, 0x00, 0x00, 0x00, 0x00, 0x00, 0x00, 0x00, 0x00, 0x00,
    0x00, 0x00, 0x00, 0x00, 0x00, 0x00, 0x00, 0x00, 0x00, 0x00, 0x00, 0x00, 0x00, 0x00, 0x00, 0x00,
    0x00, 0x00, 0x00, 0x00, 0x00, 0x00, 0x00, 0x00, 0x00, 0x00, 0x00, 0x00, 0x00, 0x00, 0x00, 0x00,
    0x00, 0x00, 0x00, 0x00, 0x00, 0x00, 0x00, 0x00, 0x00, 0x00, 0x00, 0x00, 0x00, 0x00, 0x00, 0x00,
    0x00, 0x00, 0x00, 0x00, 0x00, 0x00, 0x00, 0x00, 0x00, 0x00, 0x00, 0x00, 0x00, 0x00, 0x00, 0x00,
    0x00, 0x00, 0x00, 0x00, 0x00, 0x00, 0x00, 0x00, 0x00, 0x00, 0x00, 0x00, 0x00, 0x00, 0x00, 0x00,
    0x00, 0x00, 0x00, 0x00, 0x00, 0x00, 0x00, 0x00, 0x00, 0x00, 0x00, 0x00, 0x00, 0x00, 0x00, 0x00,
    0x00, 0x00, 0x00, 0x00, 0x00, 0x00, 0x00, 0x00, 0x00, 0x00, 0x00, 0x00, 0x00, 0x00, 0x00, 0x00,
    0x00, 0x00, 0x00, 0x00, 0x00, 0x00, 0x00, 0x00, 0x00, 0x00, 0x00, 0x00, 0x00, 0x00, 0x00, 0x00,
    0x00, 0x00, 0x00, 0x00, 0x00, 0x00, 0x00, 0x00, 0x00, 0x00, 0x00, 0x00, 0x00, 0x00, 0x00, 0x00,
    0x00, 0x00, 0x00, 0x00, 0x00, 0x00, 0x00, 0x00, 0x00, 0x00, 0xff, 0x01, 0x00, 0x00, 0xff, 0x02,
    0x00, 0x00, 0xff, 0x03, 0x00, 0x00, 0xbf, 0x04, 0x00, 0x00, 0xff, 0x01, 0x00, 0x00, 0x00, 0x00,
    0x00, 0x00, 0x00, 0x00, 0x00, 0x00, 0x00, 0x00, 0x00, 0x00, 0x00, 0x00, 0x00, 0x00, 0x00, 0x00,
    0x0d, 0x00, 0xe4, 0x13, 0x09, 0x00, 0xe2, 0x35, 0x07, 0x00, 0xe4, 0x61, 0x08, 0x00, 0xe2, 0x90,
    0x08, 0x00, 0xe2, 0xbb, 0x09, 0x00, 0xe2, 0xe0, 0x09, 0x00, 0xe2, 0xfa, 0x09, 0x00, 0xeb, 0xff,
    0x0a, 0x00, 0xf1, 0xff, 0x0a, 0x00, 0xf1, 0xff, 0x09, 0x00, 0xed, 0xff, 0x09, 0x00, 0xe8, 0xff,
    0x09, 0x00, 0xe3, 0xff, 0x09, 0x00, 0xe1, 0xfd, 0x09, 0x00, 0xe2, 0xfb, 0x09, 0x00, 0xe2, 0xfb,
    0x09, 0x00, 0xe1, 0xfc, 0x09, 0x00, 0xe1, 0xfd, 0x09, 0x00, 0xe1, 0xfe, 0x09, 0x00, 0xe2, 0xff,
    0x09, 0x00, 0xe2, 0xff, 0x09, 0x00, 0xe2, 0xff, 0x09, 0x00, 0xe2, 0xff, 0x09, 0x00, 0xe2, 0xff,
    0x09, 0x00, 0xe2, 0xff, 0x09, 0x00, 0xe2, 0xff, 0x09, 0x00, 0xe2, 0xff, 0x09, 0x00, 0xe2, 0xff,
    0x09, 0x00, 0xe2, 0xff, 0x09, 0x00, 0xe2, 0xff, 0x09, 0x00, 0xe2, 0xff, 0x09, 0x00, 0xe2, 0xff,
    0x09, 0x00, 0xe2, 0xff, 0x09, 0x00, 0xe2, 0xff, 0x09, 0x00, 0xe2, 0xff, 0x09, 0x00, 0xe2, 0xff,
    0x09, 0x00, 0xe2, 0xff, 0x09, 0x00, 0xe2, 0xff, 0x09, 0x00, 0xe2, 0xff, 0x09, 0x00, 0xe2, 0xff,
    0x09, 0x00, 0xe2, 0xff, 0x09, 0x00, 0xe2, 0xff, 0x09, 0x00, 0xe2, 0xff, 0x09, 0x00, 0xe2, 0xff,
    0x09, 0x00, 0xe2, 0xff, 0x09, 0x00, 0xe2, 0xff, 0x09, 0x00, 0xe2, 0xff, 0x09, 0x00, 0xe2, 0xff,
    0x09, 0x00, 0xe2, 0xff, 0x09, 0x00, 0xe2, 0xff, 0x09, 0x00, 0xe2, 0xff, 0x09, 0x00, 0xe2, 0xff,
    0x09, 0x00, 0xe2, 0xff, 0x09, 0x00, 0xe2, 0xff, 0x09, 0x00, 0xe2, 0xff, 0x09, 0x00, 0xe2, 0xff,
    0x09, 0x00, 0xe2, 0xff, 0x09, 0x00, 0xe2, 0xff, 0x09, 0x00, 0xe2, 0xff, 0x09, 0x00, 0xe2, 0xff,
    0x09, 0x00, 0xe2, 0xff, 0x09, 0x00, 0xe2, 0xff, 0x09, 0x00, 0xe2, 0xff, 0x09, 0x00, 0xe2, 0xff,
    0x09, 0x00, 0xe2, 0xff, 0x09, 0x00, 0xe2, 0xff, 0x09, 0x00, 0xe2, 0xff, 0x09, 0x00, 0xe2, 0xff,
    0x09, 0x00, 0xe2, 0xff, 0x09, 0x00, 0xe2, 0xff, 0x09, 0x00, 0xe2, 0xff, 0x09, 0x00, 0xe2, 0xff,
    0x09, 0x00, 0xe2, 0xff, 0x09, 0x00, 0xe2, 0xff, 0x09, 0x00, 0xe2, 0xff, 0x09, 0x00, 0xe2, 0xff,
    0x09, 0x00, 0xe2, 0xff, 0x09, 0x00, 0xe2, 0xff, 0x09, 0x00, 0xe2, 0xff, 0x09, 0x00, 0xe2, 0xff,
    0x09, 0x00, 0xe2, 0xff, 0x09, 0x00, 0xe2, 0xff, 0x09, 0x00, 0xe2, 0xff, 0x09, 0x00, 0xe2, 0xff,
    0x09, 0x00, 0xe2, 0xff, 0x09, 0x00, 0xe2, 0xff, 0x09, 0x00, 0xe2, 0xff, 0x09, 0x00, 0xe2, 0xff,
    0x09, 0x00, 0xe2, 0xff, 0x09, 0x00, 0xe2, 0xff, 0x09, 0x00, 0xe2, 0xff, 0x09, 0x00, 0xe2, 0xff,
    0x09, 0x00, 0xe2, 0xff, 0x09, 0x00, 0xe2, 0xff, 0x09, 0x00, 0xe2, 0xff, 0x09, 0x00, 0xe2, 0xff,
    0x09, 0x00, 0xe2, 0xff, 0x09, 0x00, 0xe2, 0xff, 0x09, 0x00, 0xe2, 0xff, 0x09, 0x00, 0xe2, 0xff,
    0x09, 0x00, 0xe2, 0xff, 0x09, 0x00, 0xe2, 0xff, 0x09, 0x00, 0xe2, 0xff, 0x09, 0x00, 0xe2, 0xff,
    0x09, 0x00, 0xe2, 0xff, 0x09, 0x00, 0xe2, 0xff, 0x09, 0x00, 0xe2, 0xff, 0x09, 0x00, 0xe2, 0xff,
    0x09, 0x00, 0xe2, 0xff, 0x09, 0x00, 0xe2, 0xff, 0x09, 0x00, 0xe2, 0xff, 0x09, 0x00, 0xe2, 0xff,
    0x09, 0x00, 0xe2, 0xff, 0x09, 0x00, 0xe2, 0xff, 0x09, 0x00, 0xe2, 0xff, 0x09, 0x00, 0xe2, 0xff,
    0x09, 0x00, 0xe2, 0xff, 0x09, 0x00, 0xe2, 0xff, 0x09, 0x00, 0xe2, 0xff, 0x09, 0x00, 0xe2, 0xff,
    0x09, 0x00, 0xe2, 0xff, 0x09, 0x00, 0xe2, 0xff, 0x09, 0x00, 0xe2, 0xff, 0x09, 0x00, 0xe2, 0xff,
    0x09, 0x00, 0xe2, 0xff, 0x09, 0x00, 0xe2, 0xff, 0x09, 0x00, 0xe2, 0xff, 0x09, 0x00, 0xe2, 0xff,
    0x09, 0x00, 0xe2, 0xff, 0x09, 0x00, 0xe2, 0xff, 0x09, 0x00, 0xe2, 0xff, 0x09, 0x00, 0xe2, 0xff,
    0x09, 0x00, 0xe2, 0xff, 0x09, 0x00, 0xe2, 0xff, 0x09, 0x00, 0xe2, 0xff, 0x09, 0x00, 0xe2, 0xff,
    0x09, 0x00, 0xe2, 0xff, 0x09, 0x00, 0xe2, 0xff, 0x09, 0x00, 0xe2, 0xff, 0x09, 0x00, 0xe2, 0xff,
    0x09, 0x00, 0xe2, 0xff, 0x09, 0x00, 0xe2, 0xff, 0x09, 0x00, 0xe2, 0xff, 0x09, 0x00, 0xe2, 0xff,
    0x09, 0x00, 0xe2, 0xff, 0x09, 0x00, 0xe2, 0xff, 0x09, 0x00, 0xe2, 0xff, 0x09, 0x00, 0xe2, 0xff,
    0x09, 0x00, 0xe2, 0xff, 0x09, 0x00, 0xe2, 0xff, 0x09, 0x00, 0xe2, 0xff, 0x09, 0x00, 0xe2, 0xff,
    0x09, 0x00, 0xe2, 0xff, 0x09, 0x00, 0xe2, 0xff, 0x09, 0x00, 0xe2, 0xff, 0x09, 0x00, 0xe2, 0xff,
    0x09, 0x00, 0xe2, 0xff, 0x09, 0x00, 0xe2, 0xff, 0x09, 0x00, 0xe2, 0xff, 0x09, 0x00, 0xe2, 0xff,
    0x09, 0x00, 0xe2, 0xff, 0x09, 0x00, 0xe2, 0xff, 0x09, 0x00, 0xe2, 0xff, 0x09, 0x00, 0xe2, 0xff,
    0x09, 0x00, 0xe2, 0xff, 0x09, 0x00, 0xe1, 0xfe, 0x09, 0x00, 0xe1, 0xfd, 0x09, 0x00, 0xe1, 0xfc,
    0x09, 0x00, 0xe2, 0xfb, 0x09, 0x00, 0xe2, 0xfb, 0x09, 0x00, 0xe1, 0xfd, 0x09, 0x00, 0xe3, 0xff,
    0x09, 0x00, 0xe7, 0xff, 0x09, 0x00, 0xec, 0xff, 0x0a, 0x00, 0xf0, 0xff, 0x0a, 0x00, 0xf1, 0xff,
    0x09, 0x00, 0xec, 0xff, 0x09, 0x00, 0xe2, 0xfb, 0x09, 0x00, 0xe3, 0xe0, 0x09, 0x00, 0xe2, 0xbd,
    0x08, 0x00, 0xe1, 0x92, 0x07, 0x00, 0xe2, 0x62, 0x09, 0x00, 0xe3, 0x37, 0x0c, 0x00, 0xe5, 0x14,
    0x00, 0x00, 0x00, 0x00, 0x00, 0x00, 0x00, 0x00, 0x00, 0x00, 0x00, 0x00, 0x00, 0x00, 0x00, 0x00,
    0x00, 0x00, 0x00, 0x00, 0x00, 0x00, 0xff, 0x01, 0x00, 0x00, 0xbf, 0x04, 0x00, 0x00, 0xbf, 0x04,
    0x00, 0x00, 0xff, 0x02, 0x00, 0x00, 0xff, 0x01, 0x00, 0x00, 0x00, 0x00, 0x00, 0x00, 0x00, 0x00,
    0x00, 0x00, 0x00, 0x00, 0x00, 0x00, 0x00, 0x00, 0x00, 0x00, 0x00, 0x00, 0x00, 0x00, 0x00, 0x00,
    0x00, 0x00, 0x00, 0x00, 0x00, 0x00, 0x00, 0x00, 0x00, 0x00, 0x00, 0x00, 0x00, 0x00, 0x00, 0x00,
    0x00, 0x00, 0x00, 0x00, 0x00, 0x00, 0x00, 0x00, 0x00, 0x00, 0x00, 0x00, 0x00, 0x00, 0x00, 0x00,
    0x00, 0x00, 0x00, 0x00, 0x00, 0x00, 0x00, 0x00, 0x00, 0x00, 0x00, 0x00, 0x00, 0x00, 0x00, 0x00,
    0x00, 0x00, 0x00, 0x00, 0x00, 0x00, 0x00, 0x00, 0x00, 0x00, 0x00, 0x00, 0x00, 0x00, 0x00, 0x00,
    0x00, 0x00, 0x00, 0x00, 0x00, 0x00, 0x00, 0x00, 0x00, 0x00, 0x00, 0x00, 0x00, 0x00, 0x00, 0x00,
    0x00, 0x00, 0x00, 0x00, 0x00, 0x00, 0x00, 0x00, 0x00, 0x00, 0x00, 0x00, 0x00, 0x00, 0x00, 0x00,
    0x00, 0x00, 0x00, 0x00, 0x00, 0x00, 0x00, 0x00, 0x00, 0x00, 0x00, 0x00, 0x00, 0x00, 0x00, 0x00,
    0x00, 0x00, 0x00, 0x00, 0x00, 0x00, 0x00, 0x00, 0x00, 0x00, 0x00, 0x00, 0x00, 0x00, 0x00, 0x00,
    0x00, 0x00, 0x00, 0x00, 0x00, 0x00, 0x00, 0x00, 0x00, 0x00, 0x00, 0x00, 0x00, 0x00, 0x00, 0x00,
    0x00, 0x00, 0x00, 0x00, 0x00, 0x00, 0x00, 0x00, 0x00, 0x00, 0x00, 0x00, 0x00, 0x00, 0x00, 0x00,
    0x00, 0x00, 0x00, 0x00, 0x00, 0x00, 0x00, 0x00, 0x00, 0x00, 0x00, 0x00, 0x00, 0x00, 0x00, 0x00,
    0x00, 0x00, 0x00, 0x00, 0x00, 0x00, 0x00, 0x00, 0x00, 0x00, 0x00, 0x00, 0x00, 0x00, 0x00, 0x00,
    0x00, 0x00, 0x00, 0x00, 0x00, 0x00, 0x00, 0x00, 0x00, 0x00, 0x00, 0x00, 0x00, 0x00, 0x00, 0x00,
    0x00, 0x00, 0x00, 0x00, 0x00, 0x00, 0x00, 0x00, 0x00, 0x00, 0x00, 0x00, 0x00, 0x00, 0x00, 0x00,
    0x00, 0x00, 0x00, 0x00, 0x00, 0x00, 0x00, 0x00, 0x00, 0x00, 0x00, 0x00, 0x00, 0x00, 0x00, 0x00,
    0x00, 0x00, 0x00, 0x00, 0x00, 0x00, 0x00, 0x00, 0x00, 0x00, 0x00, 0x00, 0x00, 0x00, 0x00, 0x00,
    0x00, 0x00, 0x00, 0x00, 0x00, 0x00, 0x00, 0x00, 0x00, 0x00, 0x00, 0x00, 0x00, 0x00, 0x00, 0x00,
    0x00, 0x00, 0x00, 0x00, 0x00, 0x00, 0x00, 0x00, 0x00, 0x00, 0x00, 0x00, 0x00, 0x00, 0x00, 0x00,
    0x00, 0x00, 0x00, 0x00, 0x00, 0x00, 0x00, 0x00, 0x00, 0x00, 0x00, 0x00, 0x00, 0x00, 0x00, 0x00,
    0x00, 0x00, 0x00, 0x00, 0x00, 0x00, 0x00, 0x00, 0x00, 0x00, 0x00, 0x00, 0x00, 0x00, 0x00, 0x00,
    0x00, 0x00, 0x00, 0x00, 0x00, 0x00, 0x00, 0x00, 0x00, 0x00, 0x00, 0x00, 0x00, 0x00, 0x00, 0x00,
    0x00, 0x00, 0x00, 0x00, 0x00, 0x00, 0x00, 0x00, 0x00, 0x00, 0x00, 0x00, 0x00, 0x00, 0x00, 0x00,
    0x00, 0x00, 0x00, 0x00, 0x00, 0x00, 0x00, 0x00, 0x00, 0x00, 0x00, 0x00, 0x00, 0x00, 0x00, 0x00,
    0x00, 0x00, 0x00, 0x00, 0x00, 0x00, 0x00, 0x00, 0x00, 0x00, 0x00, 0x00, 0x00, 0x00, 0x00, 0x00,
    0x00, 0x00, 0x00, 0x00, 0x00, 0x00, 0x00, 0x00, 0x00, 0x00, 0x00, 0x00, 0x00, 0x00, 0x00, 0x00,
    0x00, 0x00, 0x00, 0x00, 0x00, 0x00, 0x00, 0x00, 0x00, 0x00, 0x00, 0x00, 0x00, 0x00, 0x00, 0x00,
    0x00, 0x00, 0x00, 0x00, 0x00, 0x00, 0x00, 0x00, 0x00, 0x00, 0xff, 0x01, 0x00, 0x00, 0xff, 0x02,
    0x00, 0x00, 0xbf, 0x04, 0x00, 0x00, 0xff, 0x03, 0x00, 0x00, 0x00, 0x00, 0x00, 0x00, 0x00, 0x00,
    0x00, 0x00, 0x00, 0x00, 0x00, 0x00, 0x00, 0x00, 0x00, 0x00, 0x00, 0x00, 0x0f, 0x00, 0xe1, 0x11,
    0x09, 0x00, 0xe2, 0x36, 0x0a, 0x00, 0xe2, 0x64, 0x08, 0x00, 0xe2, 0x98, 0x08, 0x00, 0xe1, 0xc8,
    0x08, 0x00, 0xe2, 0xea, 0x09, 0x00, 0xe5, 0xff, 0x0a, 0x00, 0xf0, 0xff, 0x0a, 0x00, 0xf1, 0xff,
    0x09, 0x00, 0xee, 0xff, 0x09, 0x00, 0xe8, 0xff, 0x09, 0x00, 0xe3, 0xff, 0x09, 0x00, 0xe1, 0xfd,
    0x09, 0x00, 0xe2, 0xfb, 0x09, 0x00, 0xe2, 0xfb, 0x09, 0x00, 0xe2, 0xfc, 0x09, 0x00, 0xe2, 0xfd,
    0x09, 0x00, 0xe1, 0xfe, 0x09, 0x00, 0xe2, 0xff, 0x09, 0x00, 0xe2, 0xff, 0x09, 0x00, 0xe2, 0xff,
    0x09, 0x00, 0xe2, 0xff, 0x09, 0x00, 0xe2, 0xff, 0x09, 0x00, 0xe2, 0xff, 0x09, 0x00, 0xe2, 0xff,
    0x09, 0x00, 0xe2, 0xff, 0x09, 0x00, 0xe2, 0xff, 0x09, 0x00, 0xe2, 0xff, 0x09, 0x00, 0xe2, 0xff,
    0x09, 0x00, 0xe2, 0xff, 0x09, 0x00, 0xe2, 0xff, 0x09, 0x00, 0xe2, 0xff, 0x09, 0x00, 0xe2, 0xff,
    0x09, 0x00, 0xe2, 0xff, 0x09, 0x00, 0xe2, 0xff, 0x09, 0x00, 0xe2, 0xff, 0x09, 0x00, 0xe2, 0xff,
    0x09, 0x00, 0xe2, 0xff, 0x09, 0x00, 0xe2, 0xff, 0x09, 0x00, 0xe2, 0xff, 0x09, 0x00, 0xe2, 0xff,
    0x09, 0x00, 0xe2, 0xff, 0x09, 0x00, 0xe2, 0xff, 0x09, 0x00, 0xe2, 0xff, 0x09, 0x00, 0xe2, 0xff,
    0x09, 0x00, 0xe2, 0xff, 0x09, 0x00, 0xe2, 0xff, 0x09, 0x00, 0xe2, 0xff, 0x09, 0x00, 0xe2, 0xff,
    0x09, 0x00, 0xe2, 0xff, 0x09, 0x00, 0xe2, 0xff, 0x09, 0x00, 0xe2, 0xff, 0x09, 0x00, 0xe2, 0xff,
    0x09, 0x00, 0xe2, 0xff, 0x09, 0x00, 0xe2, 0xff, 0x09, 0x00, 0xe2, 0xff, 0x09, 0x00, 0xe2, 0xff,
    0x09, 0x00, 0xe2, 0xff, 0x09, 0x00, 0xe2, 0xff, 0x09, 0x00, 0xe2, 0xff, 0x09, 0x00, 0xe2, 0xff,
    0x09, 0x00, 0xe2, 0xff, 0x09, 0x00, 0xe2, 0xff, 0x09, 0x00, 0xe2, 0xff, 0x09, 0x00, 0xe2, 0xff,
    0x09, 0x00, 0xe2, 0xff, 0x09, 0x00, 0xe2, 0xff, 0x09, 0x00, 0xe2, 0xff, 0x09, 0x00, 0xe2, 0xff,
    0x09, 0x00, 0xe2, 0xff, 0x09, 0x00, 0xe2, 0xff, 0x09, 0x00, 0xe2, 0xff, 0x09, 0x00, 0xe2, 0xff,
    0x09, 0x00, 0xe2, 0xff, 0x09, 0x00, 0xe2, 0xff, 0x09, 0x00, 0xe2, 0xff, 0x09, 0x00, 0xe2, 0xff,
    0x09, 0x00, 0xe2, 0xff, 0x09, 0x00, 0xe2, 0xff, 0x09, 0x00, 0xe2, 0xff, 0x09, 0x00, 0xe2, 0xff,
    0x09, 0x00, 0xe2, 0xff, 0x09, 0x00, 0xe2, 0xff, 0x09, 0x00, 0xe2, 0xff, 0x09, 0x00, 0xe2, 0xff,
    0x09, 0x00, 0xe2, 0xff, 0x09, 0x00, 0xe2, 0xff, 0x09, 0x00, 0xe2, 0xff, 0x09, 0x00, 0xe2, 0xff,
    0x09, 0x00, 0xe2, 0xff, 0x09, 0x00, 0xe2, 0xff, 0x09, 0x00, 0xe2, 0xff, 0x09, 0x00, 0xe2, 0xff,
    0x09, 0x00, 0xe2, 0xff, 0x09, 0x00, 0xe2, 0xff, 0x09, 0x00, 0xe2, 0xff, 0x09, 0x00, 0xe2, 0xff,
    0x09, 0x00, 0xe2, 0xff, 0x09, 0x00, 0xe2, 0xff, 0x09, 0x00, 0xe2, 0xff, 0x09, 0x00, 0xe2, 0xff,
    0x09, 0x00, 0xe2, 0xff, 0x09, 0x00, 0xe2, 0xff, 0x09, 0x00, 0xe2, 0xff, 0x09, 0x00, 0xe2, 0xff,
    0x09, 0x00, 0xe2, 0xff, 0x09, 0x00, 0xe2, 0xff, 0x09, 0x00, 0xe2, 0xff, 0x09, 0x00, 0xe2, 0xff,
    0x09, 0x00, 0xe2, 0xff, 0x09, 0x00, 0xe2, 0xff, 0x09, 0x00, 0xe2, 0xff, 0x09, 0x00, 0xe2, 0xff,
    0x09, 0x00, 0xe2, 0xff, 0x09, 0x00, 0xe2, 0xff, 0x09, 0x00, 0xe2, 0xff, 0x09, 0x00, 0xe2, 0xff,
    0x09, 0x00, 0xe2, 0xff, 0x09, 0x00, 0xe2, 0xff, 0x09, 0x00, 0xe2, 0xff, 0x09, 0x00, 0xe2, 0xff,
    0x09, 0x00, 0xe2, 0xff, 0x09, 0x00, 0xe2, 0xff, 0x09, 0x00, 0xe2, 0xff, 0x09, 0x00, 0xe2, 0xff,
    0x09, 0x00, 0xe2, 0xff, 0x09, 0x00, 0xe2, 0xff, 0x09, 0x00, 0xe2, 0xff, 0x09, 0x00, 0xe2, 0xff,
    0x09, 0x00, 0xe2, 0xff, 0x09, 0x00, 0xe2, 0xff, 0x09, 0x00, 0xe2, 0xff, 0x09, 0x00, 0xe2, 0xff,
    0x09, 0x00, 0xe2, 0xff, 0x09, 0x00, 0xe2, 0xff, 0x09, 0x00, 0xe2, 0xff, 0x09, 0x00, 0xe2, 0xff,
    0x09, 0x00, 0xe2, 0xff, 0x09, 0x00, 0xe2, 0xff, 0x09, 0x00, 0xe2, 0xff, 0x09, 0x00, 0xe2, 0xff,
    0x09, 0x00, 0xe2, 0xff, 0x09, 0x00, 0xe2, 0xff, 0x09, 0x00, 0xe2, 0xff, 0x09, 0x00, 0xe2, 0xff,
    0x09, 0x00, 0xe2, 0xff, 0x09, 0x00, 0xe2, 0xff, 0x09, 0x00, 0xe2, 0xff, 0x09, 0x00, 0xe2, 0xff,
    0x09, 0x00, 0xe2, 0xff, 0x09, 0x00, 0xe2, 0xff, 0x09, 0x00, 0xe2, 0xff, 0x09, 0x00, 0xe2, 0xff,
    0x09, 0x00, 0xe2, 0xff, 0x09, 0x00, 0xe2, 0xff, 0x09, 0x00, 0xe2, 0xff, 0x09, 0x00, 0xe2, 0xff,
    0x09, 0x00, 0xe2, 0xff, 0x09, 0x00, 0xe2, 0xff, 0x09, 0x00, 0xe2, 0xff, 0x09, 0x00, 0xe2, 0xff,
    0x09, 0x00, 0xe2, 0xff, 0x09, 0x00, 0xe2, 0xff, 0x09, 0x00, 0xe2, 0xff, 0x09, 0x00, 0xe2, 0xff,
    0x09, 0x00, 0xe2, 0xff, 0x09, 0x00, 0xe2, 0xff, 0x09, 0x00, 0xe2, 0xff, 0x09, 0x00, 0xe2, 0xff,
    0x09, 0x00, 0xe2, 0xff, 0x09, 0x00, 0xe2, 0xff, 0x09, 0x00, 0xe2, 0xff, 0x09, 0x00, 0xe2, 0xff,
    0x09, 0x00, 0xe2, 0xff, 0x09, 0x00, 0xe2, 0xff, 0x09, 0x00, 0xe2, 0xff, 0x09, 0x00, 0xe1, 0xfe,
    0x09, 0x00, 0xe2, 0xfd, 0x09, 0x00, 0xe2, 0xfc, 0x09, 0x00, 0xe2, 0xfb, 0x09, 0x00, 0xe2, 0xfb,
    0x09, 0x00, 0xe1, 0xfd, 0x09, 0x00, 0xe3, 0xff, 0x09, 0x00, 0xe8, 0xff, 0x09, 0x00, 0xee, 0xff,
    0x0a, 0x00, 0xf1, 0xff, 0x0a, 0x00, 0xf0, 0xff, 0x09, 0x00, 0xe6, 0xff, 0x08, 0x00, 0xe1, 0xec,
    0x08, 0x00, 0xe2, 0xc8, 0x08, 0x00, 0xe2, 0x99, 0x0a, 0x00, 0xe3, 0x66, 0x09, 0x00, 0xe3, 0x37,
    0x0e, 0x00, 0xe2, 0x12, 0x00, 0x00, 0x00, 0x00, 0x00, 0x00, 0x00, 0x00, 0x00, 0x00, 0x00, 0x00,
    0x00, 0x00, 0x00, 0x00, 0x00, 0x00, 0x00, 0x00, 0x00, 0x00, 0xff, 0x03, 0x00, 0x00, 0xbf, 0x04,
    0x00, 0x00, 0xff, 0x02, 0x00, 0x00, 0xff, 0x01, 0x00, 0x00, 0x00, 0x00, 0x00, 0x00, 0x00, 0x00,
    0x00, 0x00, 0x00, 0x00, 0x00, 0x00, 0x00, 0x00, 0x00, 0x00, 0x00, 0x00, 0x00, 0x00, 0x00, 0x00,
    0x00, 0x00, 0x00, 0x00, 0x00, 0x00, 0x00, 0x00, 0x00, 0x00, 0x00, 0x00, 0x00, 0x00, 0x00, 0x00,
    0x00, 0x00, 0x00, 0x00, 0x00, 0x00, 0x00, 0x00, 0x00, 0x00, 0x00, 0x00, 0x00, 0x00, 0x00, 0x00,
    0x00, 0x00, 0x00, 0x00, 0x00, 0x00, 0x00, 0x00, 0x00, 0x00, 0x00, 0x00, 0x00, 0x00, 0x00, 0x00,
    0x00, 0x00, 0x00, 0x00, 0x00, 0x00, 0x00, 0x00, 0x00, 0x00, 0x00, 0x00, 0x00, 0x00, 0x00, 0x00,
    0x00, 0x00, 0x00, 0x00, 0x00, 0x00, 0x00, 0x00, 0x00, 0x00, 0x00, 0x00, 0x00, 0x00, 0x00, 0x00,
    0x00, 0x00, 0x00, 0x00, 0x00, 0x00, 0x00, 0x00, 0x00, 0x00, 0x00, 0x00, 0x00, 0x00, 0x00, 0x00,
    0x00, 0x00, 0x00, 0x00, 0x00, 0x00, 0x00, 0x00, 0x00, 0x00, 0x00, 0x00, 0x00, 0x00, 0x00, 0x00,
    0x00, 0x00, 0x00, 0x00, 0x00, 0x00, 0x00, 0x00, 0x00, 0x00, 0x00, 0x00, 0x00, 0x00, 0x00, 0x00,
    0x00, 0x00, 0x00, 0x00, 0x00, 0x00, 0x00, 0x00, 0x00, 0x00, 0x00, 0x00, 0x00, 0x00, 0x00, 0x00,
    0x00, 0x00, 0x00, 0x00, 0x00, 0x00, 0x00, 0x00, 0x00, 0x00, 0x00, 0x00, 0x00, 0x00, 0x00, 0x00,
    0x00, 0x00, 0x00, 0x00, 0x00, 0x00, 0x00, 0x00, 0x00, 0x00, 0x00, 0x00, 0x00, 0x00, 0x00, 0x00,
    0x00, 0x00, 0x00, 0x00, 0x00, 0x00, 0x00, 0x00, 0x00, 0x00, 0x00, 0x00, 0x00, 0x00, 0x00, 0x00,
    0x00, 0x00, 0x00, 0x00, 0x00, 0x00, 0x00, 0x00, 0x00, 0x00, 0x00, 0x00, 0x00, 0x00, 0x00, 0x00,
    0x00, 0x00, 0x00, 0x00, 0x00, 0x00, 0x00, 0x00, 0x00, 0x00, 0x00, 0x00, 0x00, 0x00, 0x00, 0x00,
    0x00, 0x00, 0x00, 0x00, 0x00, 0x00, 0x00, 0x00, 0x00, 0x00, 0x00, 0x00, 0x00, 0x00, 0x00, 0x00,
    0x00, 0x00, 0x00, 0x00, 0x00, 0x00, 0x00, 0x00, 0x00, 0x00, 0x00, 0x00, 0x00, 0x00, 0x00, 0x00,
    0x00, 0x00, 0x00, 0x00, 0x00, 0x00, 0x00, 0x00, 0x00, 0x00, 0x00, 0x00, 0x00, 0x00, 0x00, 0x00,
    0x00, 0x00, 0x00, 0x00, 0x00, 0x00, 0x00, 0x00, 0x00, 0x00, 0x00, 0x00, 0x00, 0x00, 0x00, 0x00,
    0x00, 0x00, 0x00, 0x00, 0x00, 0x00, 0x00, 0x00, 0x00, 0x00, 0x00, 0x00, 0x00, 0x00, 0x00, 0x00,
    0x00, 0x00, 0x00, 0x00, 0x00, 0x00, 0x00, 0x00, 0x00, 0x00, 0x00, 0x00, 0x00, 0x00, 0x00, 0x00,
    0x00, 0x00, 0x00, 0x00, 0x00, 0x00, 0x00, 0x00, 0x00, 0x00, 0x00, 0x00, 0x00, 0x00, 0x00, 0x00,
    0x00, 0x00, 0x00, 0x00, 0x00, 0x00, 0x00, 0x00, 0x00, 0x00, 0x00, 0x00, 0x00, 0x00, 0x00, 0x00,
    0x00, 0x00, 0x00, 0x00, 0x00, 0x00, 0x00, 0x00, 0x00, 0x00, 0x00, 0x00, 0x00, 0x00, 0x00, 0x00,
    0x00, 0x00, 0x00, 0x00, 0x00, 0x00, 0x00, 0x00, 0x00, 0x00, 0x00, 0x00, 0x00, 0x00, 0x00, 0x00,
    0x00, 0x00, 0x00, 0x00, 0x00, 0x00, 0x00, 0x00, 0x00, 0x00, 0xff, 0x01, 0x00, 0x00, 0xff, 0x02,
    0x00, 0x00, 0xbf, 0x04, 0x00, 0x00, 0xaa, 0x03, 0x00, 0x00, 0x00, 0x00, 0x00, 0x00, 0x00, 0x00,
    0x00, 0x00, 0x00, 0x00, 0x00, 0x00, 0x00, 0x00, 0x00, 0x00, 0xff, 0x03, 0x06, 0x00, 0xe3, 0x25,
    0x08, 0x00, 0xe1, 0x57, 0x08, 0x00, 0xe2, 0x8e, 0x09, 0x00, 0xe3, 0xc0, 0x08, 0x00, 0xe2, 0xe8,
    0x09, 0x00, 0xe6, 0xff, 0x0a, 0x00, 0xf0, 0xff, 0x0a, 0x00, 0xf1, 0xff, 0x09, 0x00, 0xec, 0xff,
    0x09, 0x00, 0xe6, 0xff, 0x09, 0x00, 0xe2, 0xff, 0x09, 0x00, 0xe1, 0xfc, 0x09, 0x00, 0xe2, 0xfb,
    0x09, 0x00, 0xe1, 0xfc, 0x09, 0x00, 0xe2, 0xfd, 0x09, 0x00, 0xe1, 0xfe, 0x09, 0x00, 0xe2, 0xff,
    0x09, 0x00, 0xe2, 0xff, 0x09, 0x00, 0xe2, 0xff, 0x09, 0x00, 0xe2, 0xff, 0x09, 0x00, 0xe2, 0xff,
    0x09, 0x00, 0xe2, 0xff, 0x09, 0x00, 0xe2, 0xff, 0x09, 0x00, 0xe2, 0xff, 0x09, 0x00, 0xe2, 0xff,
    0x09, 0x00, 0xe2, 0xff, 0x09, 0x00, 0xe2, 0xff, 0x09, 0x00, 0xe2, 0xff, 0x09, 0x00, 0xe2, 0xff,
    0x09, 0x00, 0xe2, 0xff, 0x09, 0x00, 0xe2, 0xff, 0x09, 0x00, 0xe2, 0xff, 0x09, 0x00, 0xe2, 0xff,
    0x09, 0x00, 0xe2, 0xff, 0x09, 0x00, 0xe2, 0xff, 0x09, 0x00, 0xe2, 0xff, 0x09, 0x00, 0xe2, 0xff,
    0x09, 0x00, 0xe2, 0xff, 0x09, 0x00, 0xe2, 0xff, 0x09, 0x00, 0xe2, 0xff, 0x09, 0x00, 0xe2, 0xff,
    0x09, 0x00, 0xe2, 0xff, 0x09, 0x00, 0xe2, 0xff, 0x09, 0x00, 0xe2, 0xff, 0x09, 0x00, 0xe2, 0xff,
    0x09, 0x00, 0xe2, 0xff, 0x09, 0x00, 0xe2, 0xff, 0x09, 0x00, 0xe2, 0xff, 0x09, 0x00, 0xe2, 0xff,
    0x09, 0x00, 0xe2, 0xff, 0x09, 0x00, 0xe2, 0xff, 0x09, 0x00, 0xe2, 0xff, 0x09, 0x00, 0xe2, 0xff,
    0x09, 0x00, 0xe2, 0xff, 0x09, 0x00, 0xe2, 0xff, 0x09, 0x00, 0xe2, 0xff, 0x09, 0x00, 0xe2, 0xff,
    0x09, 0x00, 0xe2, 0xff, 0x09, 0x00, 0xe2, 0xff, 0x09, 0x00, 0xe2, 0xff, 0x09, 0x00, 0xe2, 0xff,
    0x09, 0x00, 0xe2, 0xff, 0x09, 0x00, 0xe2, 0xff, 0x09, 0x00, 0xe2, 0xff, 0x09, 0x00, 0xe2, 0xff,
    0x09, 0x00, 0xe2, 0xff, 0x09, 0x00, 0xe2, 0xff, 0x09, 0x00, 0xe2, 0xff, 0x09, 0x00, 0xe2, 0xff,
    0x09, 0x00, 0xe2, 0xff, 0x09, 0x00, 0xe2, 0xff, 0x09, 0x00, 0xe2, 0xff, 0x09, 0x00, 0xe2, 0xff,
    0x09, 0x00, 0xe2, 0xff, 0x09, 0x00, 0xe2, 0xff, 0x09, 0x00, 0xe2, 0xff, 0x09, 0x00, 0xe2, 0xff,
    0x09, 0x00, 0xe2, 0xff, 0x09, 0x00, 0xe2, 0xff, 0x09, 0x00, 0xe2, 0xff, 0x09, 0x00, 0xe2, 0xff,
    0x09, 0x00, 0xe2, 0xff, 0x09, 0x00, 0xe2, 0xff, 0x09, 0x00, 0xe2, 0xff, 0x09, 0x00, 0xe2, 0xff,
    0x09, 0x00, 0xe2, 0xff, 0x09, 0x00, 0xe2, 0xff, 0x09, 0x00, 0xe2, 0xff, 0x09, 0x00, 0xe2, 0xff,
    0x09, 0x00, 0xe2, 0xff, 0x09, 0x00, 0xe2, 0xff, 0x09, 0x00, 0xe2, 0xff, 0x09, 0x00, 0xe2, 0xff,
    0x09, 0x00, 0xe2, 0xff, 0x09, 0x00, 0xe2, 0xff, 0x09, 0x00, 0xe2, 0xff, 0x09, 0x00, 0xe2, 0xff,
    0x09, 0x00, 0xe2, 0xff, 0x09, 0x00, 0xe2, 0xff, 0x09, 0x00, 0xe2, 0xff, 0x09, 0x00, 0xe2, 0xff,
    0x09, 0x00, 0xe2, 0xff, 0x09, 0x00, 0xe2, 0xff, 0x09, 0x00, 0xe2, 0xff, 0x09, 0x00, 0xe2, 0xff,
    0x09, 0x00, 0xe2, 0xff, 0x09, 0x00, 0xe2, 0xff, 0x09, 0x00, 0xe2, 0xff, 0x09, 0x00, 0xe2, 0xff,
    0x09, 0x00, 0xe2, 0xff, 0x09, 0x00, 0xe2, 0xff, 0x09, 0x00, 0xe2, 0xff, 0x09, 0x00, 0xe2, 0xff,
    0x09, 0x00, 0xe2, 0xff, 0x09, 0x00, 0xe2, 0xff, 0x09, 0x00, 0xe2, 0xff, 0x09, 0x00, 0xe2, 0xff,
    0x09, 0x00, 0xe2, 0xff, 0x09, 0x00, 0xe2, 0xff, 0x09, 0x00, 0xe2, 0xff, 0x09, 0x00, 0xe2, 0xff,
    0x09, 0x00, 0xe2, 0xff, 0x09, 0x00, 0xe2, 0xff, 0x09, 0x00, 0xe2, 0xff, 0x09, 0x00, 0xe2, 0xff,
    0x09, 0x00, 0xe2, 0xff, 0x09, 0x00, 0xe2, 0xff, 0x09, 0x00, 0xe2, 0xff, 0x09, 0x00, 0xe2, 0xff,
    0x09, 0x00, 0xe2, 0xff, 0x09, 0x00, 0xe2, 0xff, 0x09, 0x00, 0xe2, 0xff, 0x09, 0x00, 0xe2, 0xff,
    0x09, 0x00, 0xe2, 0xff, 0x09, 0x00, 0xe2, 0xff, 0x09, 0x00, 0xe2, 0xff, 0x09, 0x00, 0xe2, 0xff,
    0x09, 0x00, 0xe2, 0xff, 0x09, 0x00, 0xe2, 0xff, 0x09, 0x00, 0xe2, 0xff, 0x09, 0x00, 0xe2, 0xff,
    0x09, 0x00, 0xe2, 0xff, 0x09, 0x00, 0xe2, 0xff, 0x09, 0x00, 0xe2, 0xff, 0x09, 0x00, 0xe2, 0xff,
    0x09, 0x00, 0xe2, 0xff, 0x09, 0x00, 0xe2, 0xff, 0x09, 0x00, 0xe2, 0xff, 0x09, 0x00, 0xe2, 0xff,
    0x09, 0x00, 0xe2, 0xff, 0x09, 0x00, 0xe2, 0xff, 0x09, 0x00, 0xe2, 0xff, 0x09, 0x00, 0xe2, 0xff,
    0x09, 0x00, 0xe2, 0xff, 0x09, 0x00, 0xe2, 0xff, 0x09, 0x00, 0xe2, 0xff, 0x09, 0x00, 0xe2, 0xff,
    0x09, 0x00, 0xe2, 0xff, 0x09, 0x00, 0xe2, 0xff, 0x09, 0x00, 0xe2, 0xff, 0x09, 0x00, 0xe2, 0xff,
    0x09, 0x00, 0xe2, 0xff, 0x09, 0x00, 0xe2, 0xff, 0x09, 0x00, 0xe2, 0xff, 0x09, 0x00, 0xe2, 0xff,
    0x09, 0x00, 0xe2, 0xff, 0x09, 0x00, 0xe2, 0xff, 0x09, 0x00, 0xe2, 0xff, 0x09, 0x00, 0xe2, 0xff,
    0x09, 0x00, 0xe2, 0xff, 0x09, 0x00, 0xe2, 0xff, 0x09, 0x00, 0xe2, 0xff, 0x09, 0x00, 0xe2, 0xff,
    0x09, 0x00, 0xe2, 0xff, 0x09, 0x00, 0xe2, 0xff, 0x09, 0x00, 0xe2, 0xff, 0x09, 0x00, 0xe2, 0xff,
    0x09, 0x00, 0xe2, 0xff, 0x09, 0x00, 0xe2, 0xff, 0x09, 0x00, 0xe2, 0xff, 0x09, 0x00, 0xe2, 0xff,
    0x09, 0x00, 0xe2, 0xff, 0x09, 0x00, 0xe2, 0xff, 0x09, 0x00, 0xe2, 0xff, 0x09, 0x00, 0xe2, 0xff,
    0x09, 0x00, 0xe2, 0xff, 0x09, 0x00, 0xe1, 0xfe, 0x09, 0x00, 0xe2, 0xfd, 0x09, 0x00, 0xe1, 0xfc,
    0x09, 0x00, 0xe2, 0xfb, 0x09, 0x00, 0xe1, 0xfc, 0x09, 0x00, 0xe1, 0xfe, 0x09, 0x00, 0xe6, 0xff,
    0x09, 0x00, 0xec, 0xff, 0x0a, 0x00, 0xf1, 0xff, 0x0a, 0x00, 0xf0, 0xff, 0x09, 0x00, 0xe6, 0xff,
    0x08, 0x00, 0xe2, 0xe9, 0x09, 0x00, 0xe2, 0xc2, 0x08, 0x00, 0xe2, 0x90, 0x08, 0x00, 0xe2, 0x58,
    0x06, 0x00, 0xe4, 0x27, 0x00, 0x00, 0xff, 0x04, 0x00, 0x00, 0x00, 0x00, 0x00, 0x00, 0x00, 0x00,
    0x00, 0x00, 0x00, 0x00, 0x00, 0x00, 0x00, 0x00, 0x00, 0x00, 0xff, 0x02, 0x00, 0x00, 0xbf, 0x04,
    0x00, 0x00, 0xff, 0x02, 0x00, 0x00, 0xff, 0x01, 0x00, 0x00, 0x00, 0x00, 0x00, 0x00, 0x00, 0x00,
    0x00, 0x00, 0x00, 0x00, 0x00, 0x00, 0x00, 0x00, 0x00, 0x00, 0x00, 0x00, 0x00, 0x00, 0x00, 0x00,
    0x00, 0x00, 0x00, 0x00, 0x00, 0x00, 0x00, 0x00, 0x00, 0x00, 0x00, 0x00, 0x00, 0x00, 0x00, 0x00,
    0x00, 0x00, 0x00, 0x00, 0x00, 0x00, 0x00, 0x00, 0x00, 0x00, 0x00, 0x00, 0x00, 0x00, 0x00, 0x00,
    0x00, 0x00, 0x00, 0x00, 0x00, 0x00, 0x00, 0x00, 0x00, 0x00, 0x00, 0x00, 0x00, 0x00, 0x00, 0x00,
    0x00, 0x00, 0x00, 0x00, 0x00, 0x00, 0x00, 0x00, 0x00, 0x00, 0x00, 0x00, 0x00, 0x00, 0x00, 0x00,
    0x00, 0x00, 0x00, 0x00, 0x00, 0x00, 0x00, 0x00, 0x00, 0x00, 0x00, 0x00, 0x00, 0x00, 0x00, 0x00,
    0x00, 0x00, 0x00, 0x00, 0x00, 0x00, 0x00, 0x00, 0x00, 0x00, 0x00, 0x00, 0x00, 0x00, 0x00, 0x00,
    0x00, 0x00, 0x00, 0x00, 0x00, 0x00, 0x00, 0x00, 0x00, 0x00, 0x00, 0x00, 0x00, 0x00, 0x00, 0x00,
    0x00, 0x00, 0x00, 0x00, 0x00, 0x00, 0x00, 0x00, 0x00, 0x00, 0x00, 0x00, 0x00, 0x00, 0x00, 0x00,
    0x00, 0x00, 0x00, 0x00, 0x00, 0x00, 0x00, 0x00, 0x00, 0x00, 0x00, 0x00, 0x00, 0x00, 0x00, 0x00,
    0x00, 0x00, 0x00, 0x00, 0x00, 0x00, 0x00, 0x00, 0x00, 0x00, 0x00, 0x00, 0x00, 0x00, 0x00, 0x00,
    0x00, 0x00, 0x00, 0x00, 0x00, 0x00, 0x00, 0x00, 0x00, 0x00, 0x00, 0x00, 0x00, 0x00, 0x00, 0x00,
    0x00, 0x00, 0x00, 0x00, 0x00, 0x00, 0x00, 0x00, 0x00, 0x00, 0x00, 0x00, 0x00, 0x00, 0x00, 0x00,
    0x00, 0x00, 0x00, 0x00, 0x00, 0x00, 0x00, 0x00, 0x00, 0x00, 0x00, 0x00, 0x00, 0x00, 0x00, 0x00,
    0x00, 0x00, 0x00, 0x00, 0x00, 0x00, 0x00, 0x00, 0x00, 0x00, 0x00, 0x00, 0x00, 0x00, 0x00, 0x00,
    0x00, 0x00, 0x00, 0x00, 0x00, 0x00, 0x00, 0x00, 0x00, 0x00, 0x00, 0x00, 0x00, 0x00, 0x00, 0x00,
    0x00, 0x00, 0x00, 0x00, 0x00, 0x00, 0x00, 0x00, 0x00, 0x00, 0x00, 0x00, 0x00, 0x00, 0x00, 0x00,
    0x00, 0x00, 0x00, 0x00, 0x00, 0x00, 0x00, 0x00, 0x00, 0x00, 0x00, 0x00, 0x00, 0x00, 0x00, 0x00,
    0x00, 0x00, 0x00, 0x00, 0x00, 0x00, 0x00, 0x00, 0x00, 0x00, 0x00, 0x00, 0x00, 0x00, 0x00, 0x00,
    0x00, 0x00, 0x00, 0x00, 0x00, 0x00, 0x00, 0x00, 0x00, 0x00, 0x00, 0x00, 0x00, 0x00, 0x00, 0x00,
    0x00, 0x00, 0x00, 0x00, 0x00, 0x00, 0x00, 0x00, 0x00, 0x00, 0x00, 0x00, 0x00, 0x00, 0x00, 0x00,
    0x00, 0x00, 0x00, 0x00, 0x00, 0x00, 0x00, 0x00, 0x00, 0x00, 0x00, 0x00, 0x00, 0x00, 0x00, 0x00,
    0x00, 0x00, 0x00, 0x00, 0x00, 0x00, 0x00, 0x00, 0x00, 0x00, 0x00, 0x00, 0x00, 0x00, 0x00, 0x00,
    0x00, 0x00, 0x00, 0x00, 0x00, 0x00, 0x00, 0x00, 0x00, 0x00, 0x00, 0x00, 0x00, 0x00, 0xff, 0x02,
    0x00, 0x00, 0xbf, 0x04, 0x00, 0x00, 0xff, 0x03, 0x00, 0x00, 0x00, 0x00, 0x00, 0x00, 0x00, 0x00,
    0x00, 0x00, 0x00, 0x00, 0x00, 0x00, 0x00, 0x00, 0x00, 0x00, 0xe5, 0x0a, 0x09, 0x00, 0xe6, 0x34,
    0x09, 0x00, 0xe4, 0x6a, 0x09, 0x00, 0xe4, 0xa3, 0x09, 0x00, 0xe2, 0xd7, 0x09, 0x00, 0xe2, 0xfa,
    0x09, 0x00, 0xee, 0xff, 0x0a, 0x00, 0xf1, 0xff, 0x09, 0x00, 0xed, 0xff, 0x09, 0x00, 0xe7, 0xff,
    0x09, 0x00, 0xe1, 0xfe, 0x09, 0x00, 0xe1, 0xfc, 0x09, 0x00, 0xe2, 0xfb, 0x09, 0x00, 0xe2, 0xfc,
    0x09, 0x00, 0xe1, 0xfe, 0x09, 0x00, 0xe2, 0xff, 0x09, 0x00, 0xe2, 0xff, 0x09, 0x00, 0xe2, 0xff,
    0x09, 0x00, 0xe2, 0xff, 0x09, 0x00, 0xe2, 0xff, 0x09, 0x00, 0xe2, 0xff, 0x09, 0x00, 0xe2, 0xff,
    0x09, 0x00, 0xe2, 0xff, 0x09, 0x00, 0xe2, 0xff, 0x09, 0x00, 0xe2, 0xff, 0x09, 0x00, 0xe2, 0xff,
    0x09, 0x00, 0xe2, 0xff, 0x09, 0x00, 0xe2, 0xff, 0x09, 0x00, 0xe2, 0xff, 0x09, 0x00, 0xe2, 0xff,
    0x09, 0x00, 0xe2, 0xff, 0x09, 0x00, 0xe2, 0xff, 0x09, 0x00, 0xe2, 0xff, 0x09, 0x00, 0xe2, 0xff,
    0x09, 0x00, 0xe2, 0xff, 0x09, 0x00, 0xe2, 0xff, 0x09, 0x00, 0xe2, 0xff, 0x09, 0x00, 0xe2, 0xff,
    0x09, 0x00, 0xe2, 0xff, 0x09, 0x00, 0xe2, 0xff, 0x09, 0x00, 0xe2, 0xff, 0x09, 0x00, 0xe2, 0xff,
    0x09, 0x00, 0xe2, 0xff, 0x09, 0x00, 0xe2, 0xff, 0x09, 0x00, 0xe2, 0xff, 0x09, 0x00, 0xe2, 0xff,
    0x09, 0x00, 0xe2, 0xff, 0x09, 0x00, 0xe2, 0xff, 0x09, 0x00, 0xe2, 0xff, 0x09, 0x00, 0xe2, 0xff,
    0x09, 0x00, 0xe2, 0xff, 0x09, 0x00, 0xe2, 0xff, 0x09, 0x00, 0xe2, 0xff, 0x09, 0x00, 0xe2, 0xff,
    0x09, 0x00, 0xe2, 0xff, 0x09, 0x00, 0xe2, 0xff, 0x09, 0x00, 0xe2, 0xff, 0x09, 0x00, 0xe2, 0xff,
    0x09, 0x00, 0xe2, 0xff, 0x09, 0x00, 0xe2, 0xff, 0x09, 0x00, 0xe2, 0xff, 0x09, 0x00, 0xe2, 0xff,
    0x09, 0x00, 0xe2, 0xff, 0x09, 0x00, 0xe2, 0xff, 0x09, 0x00, 0xe2, 0xff, 0x09, 0x00, 0xe2, 0xff,
    0x09, 0x00, 0xe2, 0xff, 0x09, 0x00, 0xe2, 0xff, 0x09, 0x00, 0xe2, 0xff, 0x09, 0x00, 0xe2, 0xff,
    0x09, 0x00, 0xe2, 0xff, 0x09, 0x00, 0xe2, 0xff, 0x09, 0x00, 0xe2, 0xff, 0x09, 0x00, 0xe2, 0xff,
    0x09, 0x00, 0xe2, 0xff, 0x09, 0x00, 0xe2, 0xff, 0x09, 0x00, 0xe2, 0xff, 0x09, 0x00, 0xe2, 0xff,
    0x09, 0x00, 0xe2, 0xff, 0x09, 0x00, 0xe2, 0xff, 0x09, 0x00, 0xe2, 0xff, 0x09, 0x00, 0xe2, 0xff,
    0x09, 0x00, 0xe2, 0xff, 0x09, 0x00, 0xe2, 0xff, 0x09, 0x00, 0xe2, 0xff, 0x09, 0x00, 0xe2, 0xff,
    0x09, 0x00, 0xe2, 0xff, 0x09, 0x00, 0xe2, 0xff, 0x09, 0x00, 0xe2, 0xff, 0x09, 0x00, 0xe2, 0xff,
    0x09, 0x00, 0xe2, 0xff, 0x09, 0x00, 0xe2, 0xff, 0x09, 0x00, 0xe2, 0xff, 0x09, 0x00, 0xe2, 0xff,
    0x09, 0x00, 0xe2, 0xff, 0x09, 0x00, 0xe2, 0xff, 0x09, 0x00, 0xe2, 0xff, 0x09, 0x00, 0xe2, 0xff,
    0x09, 0x00, 0xe2, 0xff, 0x09, 0x00, 0xe2, 0xff, 0x09, 0x00, 0xe2, 0xff, 0x09, 0x00, 0xe2, 0xff,
    0x09, 0x00, 0xe2, 0xff, 0x09, 0x00, 0xe2, 0xff, 0x09, 0x00, 0xe2, 0xff, 0x09, 0x00, 0xe2, 0xff,
    0x09, 0x00, 0xe2, 0xff, 0x09, 0x00, 0xe2, 0xff, 0x09, 0x00, 0xe2, 0xff, 0x09, 0x00, 0xe2, 0xff,
    0x09, 0x00, 0xe2, 0xff, 0x09, 0x00, 0xe2, 0xff, 0x09, 0x00, 0xe2, 0xff, 0x09, 0x00, 0xe2, 0xff,
    0x09, 0x00, 0xe2, 0xff, 0x09, 0x00, 0xe2, 0xff, 0x09, 0x00, 0xe2, 0xff, 0x09, 0x00, 0xe2, 0xff,
    0x09, 0x00, 0xe2, 0xff, 0x09, 0x00, 0xe2, 0xff, 0x09, 0x00, 0xe2, 0xff, 0x09, 0x00, 0xe2, 0xff,
    0x09, 0x00, 0xe2, 0xff, 0x09, 0x00, 0xe2, 0xff, 0x09, 0x00, 0xe2, 0xff, 0x09, 0x00, 0xe2, 0xff,
    0x09, 0x00, 0xe2, 0xff, 0x09, 0x00, 0xe2, 0xff, 0x09, 0x00, 0xe2, 0xff, 0x09, 0x00, 0xe2, 0xff,
    0x09, 0x00, 0xe2, 0xff, 0x09, 0x00, 0xe2, 0xff, 0x09, 0x00, 0xe2, 0xff, 0x09, 0x00, 0xe2, 0xff,
    0x09, 0x00, 0xe2, 0xff, 0x09, 0x00, 0xe2, 0xff, 0x09, 0x00, 0xe2, 0xff, 0x09, 0x00, 0xe2, 0xff,
    0x09, 0x00, 0xe2, 0xff, 0x09, 0x00, 0xe2, 0xff, 0x09, 0x00, 0xe2, 0xff, 0x09, 0x00, 0xe2, 0xff,
    0x09, 0x00, 0xe2, 0xff, 0x09, 0x00, 0xe2, 0xff, 0x09, 0x00, 0xe2, 0xff, 0x09, 0x00, 0xe2, 0xff,
    0x09, 0x00, 0xe2, 0xff, 0x09, 0x00, 0xe2, 0xff, 0x09, 0x00, 0xe2, 0xff, 0x09, 0x00, 0xe2, 0xff,
    0x09, 0x00, 0xe2, 0xff, 0x09, 0x00, 0xe2, 0xff, 0x09, 0x00, 0xe2, 0xff, 0x09, 0x00, 0xe2, 0xff,
    0x09, 0x00, 0xe2, 0xff, 0x09, 0x00, 0xe2, 0xff, 0x09, 0x00, 0xe2, 0xff, 0x09, 0x00, 0xe2, 0xff,
    0x09, 0x00, 0xe2, 0xff, 0x09, 0x00, 0xe2, 0xff, 0x09, 0x00, 0xe2, 0xff, 0x09, 0x00, 0xe2, 0xff,
    0x09, 0x00, 0xe2, 0xff, 0x09, 0x00, 0xe2, 0xff, 0x09, 0x00, 0xe2, 0xff, 0x09, 0x00, 0xe2, 0xff,
    0x09, 0x00, 0xe2, 0xff, 0x09, 0x00, 0xe2, 0xff, 0x09, 0x00, 0xe2, 0xff, 0x09, 0x00, 0xe2, 0xff,
    0x09, 0x00, 0xe2, 0xff, 0x09, 0x00, 0xe2, 0xff, 0x09, 0x00, 0xe2, 0xff, 0x09, 0x00, 0xe2, 0xff,
    0x09, 0x00, 0xe2, 0xff, 0x09, 0x00, 0xe2, 0xff, 0x09, 0x00, 0xe2, 0xff, 0x09, 0x00, 0xe2, 0xff,
    0x09, 0x00, 0xe2, 0xff, 0x09, 0x00, 0xe2, 0xff, 0x09, 0x00, 0xe2, 0xff, 0x09, 0x00, 0xe2, 0xff,
    0x09, 0x00, 0xe2, 0xff, 0x09, 0x00, 0xe2, 0xff, 0x09, 0x00, 0xe2, 0xff, 0x09, 0x00, 0xe2, 0xff,
    0x09, 0x00, 0xe2, 0xff, 0x09, 0x00, 0xe2, 0xff, 0x09, 0x00, 0xe2, 0xff, 0x09, 0x00, 0xe2, 0xff,
    0x09, 0x00, 0xe2, 0xff, 0x09, 0x00, 0xe2, 0xff, 0x09, 0x00, 0xe2, 0xff, 0x09, 0x00, 0xe2, 0xff,
    0x09, 0x00, 0xe2, 0xff, 0x09, 0x00, 0xe2, 0xff, 0x09, 0x00, 0xe2, 0xff, 0x09, 0x00, 0xe1, 0xfe,
    0x09, 0x00, 0xe2, 0xfc, 0x09, 0x00, 0xe2, 0xfb, 0x09, 0x00, 0xe1, 0xfc, 0x09, 0x00, 0xe1, 0xfe,
    0x09, 0x00, 0xe7, 0xff, 0x09, 0x00, 0xed, 0xff, 0x0a, 0x00, 0xf1, 0xff, 0x09, 0x00, 0xee, 0xff,
    0x09, 0x00, 0xe2, 0xfb, 0x09, 0x00, 0xe2, 0xd8, 0x09, 0x00, 0xe4, 0xa5, 0x09, 0x00, 0xe2, 0x6c,
    0x09, 0x00, 0xe2, 0x35, 0x00, 0x00, 0xe7, 0x0b, 0x00, 0x00, 0x00, 0x00, 0x00, 0x00, 0x00, 0x00,
    0x00, 0x00, 0x00, 0x00, 0x00, 0x00, 0x00, 0x00, 0x00, 0x00, 0xff, 0x03, 0x00, 0x00, 0xbf, 0x04,
    0x00, 0x00, 0xff, 0x02, 0x00, 0x00, 0x00, 0x01, 0x00, 0x00, 0x00, 0x00, 0x00, 0x00, 0x00, 0x00,
    0x00, 0x00, 0x00, 0x00, 0x00, 0x00, 0x00, 0x00, 0x00, 0x00, 0x00, 0x00, 0x00, 0x00, 0x00, 0x00,
    0x00, 0x00, 0x00, 0x00, 0x00, 0x00, 0x00, 0x00, 0x00, 0x00, 0x00, 0x00, 0x00, 0x00, 0x00, 0x00,
    0x00, 0x00, 0x00, 0x00, 0x00, 0x00, 0x00, 0x00, 0x00, 0x00, 0x00, 0x00, 0x00, 0x00, 0x00, 0x00,
    0x00, 0x00, 0x00, 0x00, 0x00, 0x00, 0x00, 0x00, 0x00, 0x00, 0x00, 0x00, 0x00, 0x00, 0x00, 0x00,
    0x00, 0x00, 0x00, 0x00, 0x00, 0x00, 0x00, 0x00, 0x00, 0x00, 0x00, 0x00, 0x00, 0x00, 0x00, 0x00,
    0x00, 0x00, 0x00, 0x00, 0x00, 0x00, 0x00, 0x00, 0x00, 0x00, 0x00, 0x00, 0x00, 0x00, 0x00, 0x00,
    0x00, 0x00, 0x00, 0x00, 0x00, 0x00, 0x00, 0x00, 0x00, 0x00, 0x00, 0x00, 0x00, 0x00, 0x00, 0x00,
    0x00, 0x00, 0x00, 0x00, 0x00, 0x00, 0x00, 0x00, 0x00, 0x00, 0x00, 0x00, 0x00, 0x00, 0x00, 0x00,
    0x00, 0x00, 0x00, 0x00, 0x00, 0x00, 0x00, 0x00, 0x00, 0x00, 0x00, 0x00, 0x00, 0x00, 0x00, 0x00,
    0x00, 0x00, 0x00, 0x00, 0x00, 0x00, 0x00, 0x00, 0x00, 0x00, 0x00, 0x00, 0x00, 0x00, 0x00, 0x00,
    0x00, 0x00, 0x00, 0x00, 0x00, 0x00, 0x00, 0x00, 0x00, 0x00, 0x00, 0x00, 0x00, 0x00, 0x00, 0x00,
    0x00, 0x00, 0x00, 0x00, 0x00, 0x00, 0x00, 0x00, 0x00, 0x00, 0x00, 0x00, 0x00, 0x00, 0x00, 0x00,
    0x00, 0x00, 0x00, 0x00, 0x00, 0x00, 0x00, 0x00, 0x00, 0x00, 0x00, 0x00, 0x00, 0x00, 0x00, 0x00,
    0x00, 0x00, 0x00, 0x00, 0x00, 0x00, 0x00, 0x00, 0x00, 0x00, 0x00, 0x00, 0x00, 0x00, 0x00, 0x00,
    0x00, 0x00, 0x00, 0x00, 0x00, 0x00, 0x00, 0x00, 0x00, 0x00, 0x00, 0x00, 0x00, 0x00, 0x00, 0x00,
    0x00, 0x00, 0x00, 0x00, 0x00, 0x00, 0x00, 0x00, 0x00, 0x00, 0x00, 0x00, 0x00, 0x00, 0x00, 0x00,
    0x00, 0x00, 0x00, 0x00, 0x00, 0x00, 0x00, 0x00, 0x00, 0x00, 0x00, 0x00, 0x00, 0x00, 0x00, 0x00,
    0x00, 0x00, 0x00, 0x00, 0x00, 0x00, 0x00, 0x00, 0x00, 0x00, 0x00, 0x00, 0x00, 0x00, 0x00, 0x00,
    0x00, 0x00, 0x00, 0x00, 0x00, 0x00, 0x00, 0x00, 0x00, 0x00, 0x00, 0x00, 0x00, 0x00, 0x00, 0x00,
    0x00, 0x00, 0x00, 0x00, 0x00, 0x00, 0x00, 0x00, 0x00, 0x00, 0x00, 0x00, 0x00, 0x00, 0x00, 0x00,
    0x00, 0x00, 0x00, 0x00, 0x00, 0x00, 0x00, 0x00, 0x00, 0x00, 0x00, 0x00, 0x00, 0x00, 0x00, 0x00,
    0x00, 0x00, 0x00, 0x00, 0x00, 0x00, 0x00, 0x00, 0x00, 0x00, 0x00, 0x00, 0x00, 0x00, 0xff, 0x01,
    0x00, 0x00, 0xff, 0x03, 0x00, 0x00, 0xbf, 0x04, 0x00, 0x00, 0x00, 0x00, 0x00, 0x00, 0x00, 0x00,
    0x00, 0x00, 0x00, 0x00, 0x00, 0x00, 0x00, 0x00, 0x00, 0x00, 0xe2, 0x09, 0x09, 0x00, 0xe6, 0x35,
    0x09, 0x00, 0xe5, 0x70, 0x08, 0x00, 0xe4, 0xad, 0x09, 0x00, 0xe4, 0xdf, 0x09, 0x00, 0xe5, 0xff,
    0x0a, 0x00, 0xf0, 0xff, 0x0a, 0x00, 0xf0, 0xff, 0x09, 0x00, 0xea, 0xff, 0x09, 0x00, 0xe3, 0xff,
    0x09, 0x00, 0xe1, 0xfc, 0x09, 0x00, 0xe2, 0xfb, 0x09, 0x00, 0xe1, 0xfc, 0x09, 0x00, 0xe1, 0xfe,
    0x09, 0x00, 0xe2, 0xff, 0x09, 0x00, 0xe2, 0xff, 0x09, 0x00, 0xe2, 0xff, 0x09, 0x00, 0xe2, 0xff,
    0x09, 0x00, 0xe2, 0xff, 0x09, 0x00, 0xe2, 0xff, 0x09, 0x00, 0xe2, 0xff, 0x09, 0x00, 0xe2, 0xff,
    0x09, 0x00, 0xe2, 0xff, 0x09, 0x00, 0xe2, 0xff, 0x09, 0x00, 0xe2, 0xff, 0x09, 0x00, 0xe2, 0xff,
    0x09, 0x00, 0xe2, 0xff, 0x09, 0x00, 0xe2, 0xff, 0x09, 0x00, 0xe2, 0xff, 0x09, 0x00, 0xe2, 0xff,
    0x09, 0x00, 0xe2, 0xff, 0x09, 0x00, 0xe2, 0xff, 0x09, 0x00, 0xe2, 0xff, 0x09, 0x00, 0xe2, 0xff,
    0x09, 0x00, 0xe2, 0xff, 0x09, 0x00, 0xe2, 0xff, 0x09, 0x00, 0xe2, 0xff, 0x09, 0x00, 0xe2, 0xff,
    0x09, 0x00, 0xe2, 0xff, 0x09, 0x00, 0xe2, 0xff, 0x09, 0x00, 0xe2, 0xff, 0x09, 0x00, 0xe2, 0xff,
    0x09, 0x00, 0xe2, 0xff, 0x09, 0x00, 0xe2, 0xff, 0x09, 0x00, 0xe2, 0xff, 0x09, 0x00, 0xe2, 0xff,
    0x09, 0x00, 0xe2, 0xff, 0x09, 0x00, 0xe2, 0xff, 0x09, 0x00, 0xe2, 0xff, 0x09, 0x00, 0xe2, 0xff,
    0x09, 0x00, 0xe2, 0xff, 0x09, 0x00, 0xe2, 0xff, 0x09, 0x00, 0xe2, 0xff, 0x09, 0x00, 0xe2, 0xff,
    0x09, 0x00, 0xe2, 0xff, 0x09, 0x00, 0xe2, 0xff, 0x09, 0x00, 0xe2, 0xff, 0x09, 0x00, 0xe2, 0xff,
    0x09, 0x00, 0xe2, 0xff, 0x09, 0x00, 0xe2, 0xff, 0x09, 0x00, 0xe2, 0xff, 0x09, 0x00, 0xe2, 0xff,
    0x09, 0x00, 0xe2, 0xff, 0x09, 0x00, 0xe2, 0xff, 0x09, 0x00, 0xe2, 0xff, 0x09, 0x00, 0xe2, 0xff,
    0x09, 0x00, 0xe2, 0xff, 0x09, 0x00, 0xe2, 0xff, 0x09, 0x00, 0xe2, 0xff, 0x09, 0x00, 0xe2, 0xff,
    0x09, 0x00, 0xe2, 0xff, 0x09, 0x00, 0xe2, 0xff, 0x09, 0x00, 0xe2, 0xff, 0x09, 0x00, 0xe2, 0xff,
    0x09, 0x00, 0xe2, 0xff, 0x09, 0x00, 0xe2, 0xff, 0x09, 0x00, 0xe2, 0xff, 0x09, 0x00, 0xe2, 0xff,
    0x09, 0x00, 0xe2, 0xff, 0x09, 0x00, 0xe2, 0xff, 0x09, 0x00, 0xe2, 0xff, 0x09, 0x00, 0xe2, 0xff,
    0x09, 0x00, 0xe2, 0xff, 0x09, 0x00, 0xe2, 0xff, 0x09, 0x00, 0xe2, 0xff, 0x09, 0x00, 0xe2, 0xff,
    0x09, 0x00, 0xe2, 0xff, 0x09, 0x00, 0xe2, 0xff, 0x09, 0x00, 0xe2, 0xff, 0x09, 0x00, 0xe2, 0xff,
    0x09, 0x00, 0xe2, 0xff, 0x09, 0x00, 0xe2, 0xff, 0x09, 0x00, 0xe2, 0xff, 0x09, 0x00, 0xe2, 0xff,
    0x09, 0x00, 0xe2, 0xff, 0x09, 0x00, 0xe2, 0xff, 0x09, 0x00, 0xe2, 0xff, 0x09, 0x00, 0xe2, 0xff,
    0x09, 0x00, 0xe2, 0xff, 0x09, 0x00, 0xe2, 0xff, 0x09, 0x00, 0xe2, 0xff, 0x09, 0x00, 0xe2, 0xff,
    0x09, 0x00, 0xe2, 0xff, 0x09, 0x00, 0xe2, 0xff, 0x09, 0x00, 0xe2, 0xff, 0x09, 0x00, 0xe2, 0xff,
    0x09, 0x00, 0xe2, 0xff, 0x09, 0x00, 0xe2, 0xff, 0x09, 0x00, 0xe2, 0xff, 0x09, 0x00, 0xe2, 0xff,
    0x09, 0x00, 0xe2, 0xff, 0x09, 0x00, 0xe2, 0xff, 0x09, 0x00, 0xe2, 0xff, 0x09, 0x00, 0xe2, 0xff,
    0x09, 0x00, 0xe2, 0xff, 0x09, 0x00, 0xe2, 0xff, 0x09, 0x00, 0xe2, 0xff, 0x09, 0x00, 0xe2, 0xff,
    0x09, 0x00, 0xe2, 0xff, 0x09, 0x00, 0xe2, 0xff, 0x09, 0x00, 0xe2, 0xff, 0x09, 0x00, 0xe2, 0xff,
    0x09, 0x00, 0xe2, 0xff, 0x09, 0x00, 0xe2, 0xff, 0x09, 0x00, 0xe2, 0xff, 0x09, 0x00, 0xe2, 0xff,
    0x09, 0x00, 0xe2, 0xff, 0x09, 0x00, 0xe2, 0xff, 0x09, 0x00, 0xe2, 0xff, 0x09, 0x00, 0xe2, 0xff,
    0x09, 0x00, 0xe2, 0xff, 0x09, 0x00, 0xe2, 0xff, 0x09, 0x00, 0xe2, 0xff, 0x09, 0x00, 0xe2, 0xff,
    0x09, 0x00, 0xe2, 0xff, 0x09, 0x00, 0xe2, 0xff, 0x09, 0x00, 0xe2, 0xff, 0x09, 0x00, 0xe2, 0xff,
    0x09, 0x00, 0xe2, 0xff, 0x09, 0x00, 0xe2, 0xff, 0x09, 0x00, 0xe2, 0xff, 0x09, 0x00, 0xe2, 0xff,
    0x09, 0x00, 0xe2, 0xff, 0x09, 0x00, 0xe2, 0xff, 0x09, 0x00, 0xe2, 0xff, 0x09, 0x00, 0xe2, 0xff,
    0x09, 0x00, 0xe2, 0xff, 0x09, 0x00, 0xe2, 0xff, 0x09, 0x00, 0xe2, 0xff, 0x09, 0x00, 0xe2, 0xff,
    0x09, 0x00, 0xe2, 0xff, 0x09, 0x00, 0xe2, 0xff, 0x09, 0x00, 0xe2, 0xff, 0x09, 0x00, 0xe2, 0xff,
    0x09, 0x00, 0xe2, 0xff, 0x09, 0x00, 0xe2, 0xff, 0x09, 0x00, 0xe2, 0xff, 0x09, 0x00, 0xe2, 0xff,
    0x09, 0x00, 0xe2, 0xff, 0x09, 0x00, 0xe2, 0xff, 0x09, 0x00, 0xe2, 0xff, 0x09, 0x00, 0xe2, 0xff,
    0x09, 0x00, 0xe2, 0xff, 0x09, 0x00, 0xe2, 0xff, 0x09, 0x00, 0xe2, 0xff, 0x09, 0x00, 0xe2, 0xff,
    0x09, 0x00, 0xe2, 0xff, 0x09, 0x00, 0xe2, 0xff, 0x09, 0x00, 0xe2, 0xff, 0x09, 0x00, 0xe2, 0xff,
    0x09, 0x00, 0xe2, 0xff, 0x09, 0x00, 0xe2, 0xff, 0x09, 0x00, 0xe2, 0xff, 0x09, 0x00, 0xe2, 0xff,
    0x09, 0x00, 0xe2, 0xff, 0x09, 0x00, 0xe2, 0xff, 0x09, 0x00, 0xe2, 0xff, 0x09, 0x00, 0xe2, 0xff,
    0x09, 0x00, 0xe2, 0xff, 0x09, 0x00, 0xe2, 0xff, 0x09, 0x00, 0xe2, 0xff, 0x09, 0x00, 0xe2, 0xff,
    0x09, 0x00, 0xe2, 0xff, 0x09, 0x00, 0xe2, 0xff, 0x09, 0x00, 0xe2, 0xff, 0x09, 0x00, 0xe2, 0xff,
    0x09, 0x00, 0xe2, 0xff, 0x09, 0x00, 0xe2, 0xff, 0x09, 0x00, 0xe2, 0xff, 0x09, 0x00, 0xe2, 0xff,
    0x09, 0x00, 0xe2, 0xff, 0x09, 0x00, 0xe2, 0xff, 0x09, 0x00, 0xe2, 0xff, 0x09, 0x00, 0xe2, 0xff,
    0x09, 0x00, 0xe2, 0xff, 0x09, 0x00, 0xe2, 0xff, 0x09, 0x00, 0xe2, 0xff, 0x09, 0x00, 0xe2, 0xff,
    0x09, 0x00, 0xe2, 0xff, 0x09, 0x00, 0xe2, 0xff, 0x09, 0x00, 0xe2, 0xff, 0x09, 0x00, 0xe2, 0xff,
    0x09, 0x00, 0xe2, 0xff, 0x09, 0x00, 0xe2, 0xff, 0x09, 0x00, 0xe2, 0xff, 0x09, 0x00, 0xe2, 0xff,
    0x09, 0x00, 0xe1, 0xfe, 0x09, 0x00, 0xe2, 0xfc, 0x09, 0x00, 0xe2, 0xfb, 0x09, 0x00, 0xe1, 0xfc,
    0x09, 0x00, 0xe3, 0xff, 0x09, 0x00, 0xea, 0xff, 0x0a, 0x00, 0xf0, 0xff, 0x0a, 0x00, 0xf1, 0xff,
    0x09, 0x00, 0xe5, 0xff, 0x09, 0x00, 0xe3, 0xe1, 0x08, 0x00, 0xe4, 0xae, 0x08, 0x00, 0xe4, 0x72,
    0x09, 0x00, 0xe7, 0x36, 0x00, 0x00, 0xe5, 0x0a, 0x00, 0x00, 0x00, 0x00, 0x00, 0x00, 0x00, 0x00,
    0x00, 0x00, 0x00, 0x00, 0x00, 0x00, 0x00, 0x00, 0x00, 0x00, 0xbf, 0x04, 0x00, 0x00, 0xff, 0x03,
    0x00, 0x00, 0xff, 0x01, 0x00, 0x00, 0x00, 0x00, 0x00, 0x00, 0x00, 0x00, 0x00, 0x00, 0x00, 0x00,
    0x00, 0x00, 0x00, 0x00, 0x00, 0x00, 0x00, 0x00, 0x00, 0x00, 0x00, 0x00, 0x00, 0x00, 0x00, 0x00,
    0x00, 0x00, 0x00, 0x00, 0x00, 0x00, 0x00, 0x00, 0x00, 0x00, 0x00, 0x00, 0x00, 0x00, 0x00, 0x00,
    0x00, 0x00, 0x00, 0x00, 0x00, 0x00, 0x00, 0x00, 0x00, 0x00, 0x00, 0x00, 0x00, 0x00, 0x00, 0x00,
    0x00, 0x00, 0x00, 0x00, 0x00, 0x00, 0x00, 0x00, 0x00, 0x00, 0x00, 0x00, 0x00, 0x00, 0x00, 0x00,
    0x00, 0x00, 0x00, 0x00, 0x00, 0x00, 0x00, 0x00, 0x00, 0x00, 0x00, 0x00, 0x00, 0x00, 0x00, 0x00,
    0x00, 0x00, 0x00, 0x00, 0x00, 0x00, 0x00, 0x00, 0x00, 0x00, 0x00, 0x00, 0x00, 0x00, 0x00, 0x00,
    0x00, 0x00, 0x00, 0x00, 0x00, 0x00, 0x00, 0x00, 0x00, 0x00, 0x00, 0x00, 0x00, 0x00, 0x00, 0x00,
    0x00, 0x00, 0x00, 0x00, 0x00, 0x00, 0x00, 0x00, 0x00, 0x00, 0x00, 0x00, 0x00, 0x00, 0x00, 0x00,
    0x00, 0x00, 0x00, 0x00, 0x00, 0x00, 0x00, 0x00, 0x00, 0x00, 0x00, 0x00, 0x00, 0x00, 0x00, 0x00,
    0x00, 0x00, 0x00, 0x00, 0x00, 0x00, 0x00, 0x00, 0x00, 0x00, 0x00, 0x00, 0x00, 0x00, 0x00, 0x00,
    0x00, 0x00, 0x00, 0x00, 0x00, 0x00, 0x00, 0x00, 0x00, 0x00, 0x00, 0x00, 0x00, 0x00, 0x00, 0x00,
    0x00, 0x00, 0x00, 0x00, 0x00, 0x00, 0x00, 0x00, 0x00, 0x00, 0x00, 0x00, 0x00, 0x00, 0x00, 0x00,
    0x00, 0x00, 0x00, 0x00, 0x00, 0x00, 0x00, 0x00, 0x00, 0x00, 0x00, 0x00, 0x00, 0x00, 0x00, 0x00,
    0x00, 0x00, 0x00, 0x00, 0x00, 0x00, 0x00, 0x00, 0x00, 0x00, 0x00, 0x00, 0x00, 0x00, 0x00, 0x00,
    0x00, 0x00, 0x00, 0x00, 0x00, 0x00, 0x00, 0x00, 0x00, 0x00, 0x00, 0x00, 0x00, 0x00, 0x00, 0x00,
    0x00, 0x00, 0x00, 0x00, 0x00, 0x00, 0x00, 0x00, 0x00, 0x00, 0x00, 0x00, 0x00, 0x00, 0x00, 0x00,
    0x00, 0x00, 0x00, 0x00, 0x00, 0x00, 0x00, 0x00, 0x00, 0x00, 0x00, 0x00, 0x00, 0x00, 0x00, 0x00,
    0x00, 0x00, 0x00, 0x00, 0x00, 0x00, 0x00, 0x00, 0x00, 0x00, 0x00, 0x00, 0x00, 0x00, 0x00, 0x00,
    0x00, 0x00, 0x00, 0x00, 0x00, 0x00, 0x00, 0x00, 0x00, 0x00, 0x00, 0x00, 0x00, 0x00, 0x00, 0x00,
    0x00, 0x00, 0x00, 0x00, 0x00, 0x00, 0x00, 0x00, 0x00, 0x00, 0x00, 0x00, 0x00, 0x00, 0x00, 0x00,
    0x00, 0x00, 0x7f, 0x02, 0x00, 0x00, 0xbf, 0x04, 0x00, 0x00, 0xaa, 0x03, 0x00, 0x00, 0x00, 0x00,
    0x00, 0x00, 0x00, 0x00, 0x00, 0x00, 0x00, 0x00, 0x00, 0x00, 0x00, 0x00, 0x06, 0x00, 0xdf, 0x28,
    0x0a, 0x00, 0xe5, 0x63, 0x09, 0x00, 0xe3, 0xa7, 0x09, 0x00, 0xe4, 0xdd, 0x09, 0x00, 0xe5, 0xff,
    0x0a, 0x00, 0xf1, 0xff, 0x0a, 0x00, 0xef, 0xff, 0x09, 0x00, 0xe8, 0xff, 0x09, 0x00, 0xe2, 0xff,
    0x09, 0x00, 0xe1, 0xfc, 0x09, 0x00, 0xe2, 0xfb, 0x09, 0x00, 0xe1, 0xfd, 0x09, 0x00, 0xe1, 0xfe,
    0x09, 0x00, 0xe2, 0xff, 0x09, 0x00, 0xe2, 0xff, 0x09, 0x00, 0xe2, 0xff, 0x09, 0x00, 0xe2, 0xff,
    0x09, 0x00, 0xe2, 0xff, 0x09, 0x00, 0xe2, 0xff, 0x09, 0x00, 0xe2, 0xff, 0x09, 0x00, 0xe2, 0xff,
    0x09, 0x00, 0xe2, 0xff, 0x09, 0x00, 0xe2, 0xff, 0x09, 0x00, 0xe2, 0xff, 0x09, 0x00, 0xe2, 0xff,
    0x09, 0x00, 0xe2, 0xff, 0x09, 0x00, 0xe2, 0xff, 0x09, 0x00, 0xe2, 0xff, 0x09, 0x00, 0xe2, 0xff,
    0x09, 0x00, 0xe2, 0xff, 0x09, 0x00, 0xe2, 0xff, 0x09, 0x00, 0xe2, 0xff, 0x09, 0x00, 0xe2, 0xff,
    0x09, 0x00, 0xe2, 0xff, 0x09, 0x00, 0xe2, 0xff, 0x09, 0x00, 0xe2, 0xff, 0x09, 0x00, 0xe2, 0xff,
    0x09, 0x00, 0xe2, 0xff, 0x09, 0x00, 0xe2, 0xff, 0x09, 0x00, 0xe2, 0xff, 0x09, 0x00, 0xe2, 0xff,
    0x09, 0x00, 0xe2, 0xff, 0x09, 0x00, 0xe2, 0xff, 0x09, 0x00, 0xe2, 0xff, 0x09, 0x00, 0xe2, 0xff,
    0x09, 0x00, 0xe2, 0xff, 0x09, 0x00, 0xe2, 0xff, 0x09, 0x00, 0xe2, 0xff, 0x09, 0x00, 0xe2, 0xff,
    0x09, 0x00, 0xe2, 0xff, 0x09, 0x00, 0xe2, 0xff, 0x09, 0x00, 0xe2, 0xff, 0x09, 0x00, 0xe2, 0xff,
    0x09, 0x00, 0xe2, 0xff, 0x09, 0x00, 0xe2, 0xff, 0x09, 0x00, 0xe2, 0xff, 0x09, 0x00, 0xe2, 0xff,
    0x09, 0x00, 0xe2, 0xff, 0x09, 0x00, 0xe2, 0xff, 0x09, 0x00, 0xe2, 0xff, 0x09, 0x00, 0xe2, 0xff,
    0x09, 0x00, 0xe2, 0xff, 0x09, 0x00, 0xe2, 0xff, 0x09, 0x00, 0xe2, 0xff, 0x09, 0x00, 0xe2, 0xff,
    0x09, 0x00, 0xe2, 0xff, 0x09, 0x00, 0xe2, 0xff, 0x09, 0x00, 0xe2, 0xff, 0x09, 0x00, 0xe2, 0xff,
    0x09, 0x00, 0xe2, 0xff, 0x09, 0x00, 0xe2, 0xff, 0x09, 0x00, 0xe2, 0xff, 0x09, 0x00, 0xe2, 0xff,
    0x09, 0x00, 0xe2, 0xff, 0x09, 0x00, 0xe2, 0xff, 0x09, 0x00, 0xe2, 0xff, 0x09, 0x00, 0xe2, 0xff,
    0x09, 0x00, 0xe2, 0xff, 0x09, 0x00, 0xe2, 0xff, 0x09, 0x00, 0xe2, 0xff, 0x09, 0x00, 0xe2, 0xff,
    0x09, 0x00, 0xe2, 0xff, 0x09, 0x00, 0xe2, 0xff, 0x09, 0x00, 0xe2, 0xff, 0x09, 0x00, 0xe2, 0xff,
    0x09, 0x00, 0xe2, 0xff, 0x09, 0x00, 0xe2, 0xff, 0x09, 0x00, 0xe2, 0xff, 0x09, 0x00, 0xe2, 0xff,
    0x09, 0x00, 0xe2, 0xff, 0x09, 0x00, 0xe2, 0xff, 0x09, 0x00, 0xe2, 0xff, 0x09, 0x00, 0xe2, 0xff,
    0x09, 0x00, 0xe2, 0xff, 0x09, 0x00, 0xe2, 0xff, 0x09, 0x00, 0xe2, 0xff, 0x09, 0x00, 0xe2, 0xff,
    0x09, 0x00, 0xe2, 0xff, 0x09, 0x00, 0xe2, 0xff, 0x09, 0x00, 0xe2, 0xff, 0x09, 0x00, 0xe2, 0xff,
    0x09, 0x00, 0xe2, 0xff, 0x09, 0x00, 0xe2, 0xff, 0x09, 0x00, 0xe2, 0xff, 0x09, 0x00, 0xe2, 0xff,
    0x09, 0x00, 0xe2, 0xff, 0x09, 0x00, 0xe2, 0xff, 0x09, 0x00, 0xe2, 0xff, 0x09, 0x00, 0xe2, 0xff,
    0x09, 0x00, 0xe2, 0xff, 0x09, 0x00, 0xe2, 0xff, 0x09, 0x00, 0xe2, 0xff, 0x09, 0x00, 0xe2, 0xff,
    0x09, 0x00, 0xe2, 0xff, 0x09, 0x00, 0xe2, 0xff, 0x09, 0x00, 0xe2, 0xff, 0x09, 0x00, 0xe2, 0xff,
    0x09, 0x00, 0xe2, 0xff, 0x09, 0x00, 0xe2, 0xff, 0x09, 0x00, 0xe2, 0xff, 0x09, 0x00, 0xe2, 0xff,
    0x09, 0x00, 0xe2, 0xff, 0x09, 0x00, 0xe2, 0xff, 0x09, 0x00, 0xe2, 0xff, 0x09, 0x00, 0xe2, 0xff,
    0x09, 0x00, 0xe2, 0xff, 0x09, 0x00, 0xe2, 0xff, 0x09, 0x00, 0xe2, 0xff, 0x09, 0x00, 0xe2, 0xff,
    0x09, 0x00, 0xe2, 0xff, 0x09, 0x00, 0xe2, 0xff, 0x09, 0x00, 0xe2, 0xff, 0x09, 0x00, 0xe2, 0xff,
    0x09, 0x00, 0xe2, 0xff, 0x09, 0x00, 0xe2, 0xff, 0x09, 0x00, 0xe2, 0xff, 0x09, 0x00, 0xe2, 0xff,
    0x09, 0x00, 0xe2, 0xff, 0x09, 0x00, 0xe2, 0xff, 0x09, 0x00, 0xe2, 0xff, 0x09, 0x00, 0xe2, 0xff,
    0x09, 0x00, 0xe2, 0xff, 0x09, 0x00, 0xe2, 0xff, 0x09, 0x00, 0xe2, 0xff, 0x09, 0x00, 0xe2, 0xff,
    0x09, 0x00, 0xe2, 0xff, 0x09, 0x00, 0xe2, 0xff, 0x09, 0x00, 0xe2, 0xff, 0x09, 0x00, 0xe2, 0xff,
    0x09, 0x00, 0xe2, 0xff, 0x09, 0x00, 0xe2, 0xff, 0x09, 0x00, 0xe2, 0xff, 0x09, 0x00, 0xe2, 0xff,
    0x09, 0x00, 0xe2, 0xff, 0x09, 0x00, 0xe2, 0xff, 0x09, 0x00, 0xe2, 0xff, 0x09, 0x00, 0xe2, 0xff,
    0x09, 0x00, 0xe2, 0xff, 0x09, 0x00, 0xe2, 0xff, 0x09, 0x00, 0xe2, 0xff, 0x09, 0x00, 0xe2, 0xff,
    0x09, 0x00, 0xe2, 0xff, 0x09, 0x00, 0xe2, 0xff, 0x09, 0x00, 0xe2, 0xff, 0x09, 0x00, 0xe2, 0xff,
    0x09, 0x00, 0xe2, 0xff, 0x09, 0x00, 0xe2, 0xff, 0x09, 0x00, 0xe2, 0xff, 0x09, 0x00, 0xe2, 0xff,
    0x09, 0x00, 0xe2, 0xff, 0x09, 0x00, 0xe2, 0xff, 0x09, 0x00, 0xe2, 0xff, 0x09, 0x00, 0xe2, 0xff,
    0x09, 0x00, 0xe2, 0xff, 0x09, 0x00, 0xe2, 0xff, 0x09, 0x00, 0xe2, 0xff, 0x09, 0x00, 0xe2, 0xff,
    0x09, 0x00, 0xe2, 0xff, 0x09, 0x00, 0xe2, 0xff, 0x09, 0x00, 0xe2, 0xff, 0x09, 0x00, 0xe2, 0xff,
    0x09, 0x00, 0xe2, 0xff, 0x09, 0x00, 0xe2, 0xff, 0x09, 0x00, 0xe2, 0xff, 0x09, 0x00, 0xe2, 0xff,
    0x09, 0x00, 0xe2, 0xff, 0x09, 0x00, 0xe2, 0xff, 0x09, 0x00, 0xe2, 0xff, 0x09, 0x00, 0xe2, 0xff,
    0x09, 0x00, 0xe2, 0xff, 0x09, 0x00, 0xe2, 0xff, 0x09, 0x00, 0xe2, 0xff, 0x09, 0x00, 0xe2, 0xff,
    0x09, 0x00, 0xe2, 0xff, 0x09, 0x00, 0xe2, 0xff, 0x09, 0x00, 0xe2, 0xff, 0x09, 0x00, 0xe2, 0xff,
    0x09, 0x00, 0xe2, 0xff, 0x09, 0x00, 0xe2, 0xff, 0x09, 0x00, 0xe2, 0xff, 0x09, 0x00, 0xe2, 0xff,
    0x09, 0x00, 0xe2, 0xff, 0x09, 0x00, 0xe2, 0xff, 0x09, 0x00, 0xe2, 0xff, 0x09, 0x00, 0xe2, 0xff,
    0x09, 0x00, 0xe2, 0xff, 0x09, 0x00, 0xe2, 0xff, 0x09, 0x00, 0xe2, 0xff, 0x09, 0x00, 0xe2, 0xff,
    0x09, 0x00, 0xe2, 0xff, 0x09, 0x00, 0xe2, 0xff, 0x09, 0x00, 0xe2, 0xff, 0x09, 0x00, 0xe2, 0xff,
    0x09, 0x00, 0xe1, 0xfe, 0x09, 0x00, 0xe1, 0xfd, 0x09, 0x00, 0xe1, 0xfc, 0x09, 0x00, 0xe2, 0xfb,
    0x09, 0x00, 0xe2, 0xff, 0x09, 0x00, 0xe8, 0xff, 0x0a, 0x00, 0xef, 0xff, 0x0a, 0x00, 0xf1, 0xff,
    0x09, 0x00, 0xe5, 0xff, 0x09, 0x00, 0xe3, 0xde, 0x09, 0x00, 0xe3, 0xa8, 0x0a, 0x00, 0xe5, 0x65,
    0x06, 0x00, 0xe6, 0x29, 0x00, 0x00, 0x00, 0x00, 0x00, 0x00, 0x00, 0x00, 0x00, 0x00, 0x00, 0x00,
    0x00, 0x00, 0x00, 0x00, 0x00, 0x00, 0xff, 0x02, 0x00, 0x00, 0xbf, 0x04, 0x00, 0x00, 0x7f, 0x02,
    0x00, 0x00, 0x00, 0x00, 0x00, 0x00, 0x00, 0x00, 0x00, 0x00, 0x00, 0x00, 0x00, 0x00, 0x00, 0x00,
    0x00, 0x00, 0x00, 0x00, 0x00, 0x00, 0x00, 0x00, 0x00, 0x00, 0x00, 0x00, 0x00, 0x00, 0x00, 0x00,
    0x00, 0x00, 0x00, 0x00, 0x00, 0x00, 0x00, 0x00, 0x00, 0x00, 0x00, 0x00, 0x00, 0x00, 0x00, 0x00,
    0x00, 0x00, 0x00, 0x00, 0x00, 0x00, 0x00, 0x00, 0x00, 0x00, 0x00, 0x00, 0x00, 0x00, 0x00, 0x00,
    0x00, 0x00, 0x00, 0x00, 0x00, 0x00, 0x00, 0x00, 0x00, 0x00, 0x00, 0x00, 0x00, 0x00, 0x00, 0x00,
    0x00, 0x00, 0x00, 0x00, 0x00, 0x00, 0x00, 0x00, 0x00, 0x00, 0x00, 0x00, 0x00, 0x00, 0x00, 0x00,
    0x00, 0x00, 0x00, 0x00, 0x00, 0x00, 0x00, 0x00, 0x00, 0x00, 0x00, 0x00, 0x00, 0x00, 0x00, 0x00,
    0x00, 0x00, 0x00, 0x00, 0x00, 0x00, 0x00, 0x00, 0x00, 0x00, 0x00, 0x00, 0x00, 0x00, 0x00, 0x00,
    0x00, 0x00, 0x00, 0x00, 0x00, 0x00, 0x00, 0x00, 0x00, 0x00, 0x00, 0x00, 0x00, 0x00, 0x00, 0x00,
    0x00, 0x00, 0x00, 0x00, 0x00, 0x00, 0x00, 0x00, 0x00, 0x00, 0x00, 0x00, 0x00, 0x00, 0x00, 0x00,
    0x00, 0x00, 0x00, 0x00, 0x00, 0x00, 0x00, 0x00, 0x00, 0x00, 0x00, 0x00, 0x00, 0x00, 0x00, 0x00,
    0x00, 0x00, 0x00, 0x00, 0x00, 0x00, 0x00, 0x00, 0x00, 0x00, 0x00, 0x00, 0x00, 0x00, 0x00, 0x00,
    0x00, 0x00, 0x00, 0x00, 0x00, 0x00, 0x00, 0x00, 0x00, 0x00, 0x00, 0x00, 0x00, 0x00, 0x00, 0x00,
    0x00, 0x00, 0x00, 0x00, 0x00, 0x00, 0x00, 0x00, 0x00, 0x00, 0x00, 0x00, 0x00, 0x00, 0x00, 0x00,
    0x00, 0x00, 0x00, 0x00, 0x00, 0x00, 0x00, 0x00, 0x00, 0x00, 0x00, 0x00, 0x00, 0x00, 0x00, 0x00,
    0x00, 0x00, 0x00, 0x00, 0x00, 0x00, 0x00, 0x00, 0x00, 0x00, 0x00, 0x00, 0x00, 0x00, 0x00, 0x00,
    0x00, 0x00, 0x00, 0x00, 0x00, 0x00, 0x00, 0x00, 0x00, 0x00, 0x00, 0x00, 0x00, 0x00, 0x00, 0x00,
    0x00, 0x00, 0x00, 0x00, 0x00, 0x00, 0x00, 0x00, 0x00, 0x00, 0x00, 0x00, 0x00, 0x00, 0x00, 0x00,
    0x00, 0x00, 0x00, 0x00, 0x00, 0x00, 0x00, 0x00, 0x00, 0x00, 0x00, 0x00, 0x00, 0x00, 0x00, 0x00,
    0x00, 0x00, 0x00, 0x00, 0x00, 0x00, 0xff, 0x02, 0x00, 0x00, 0xbf, 0x04, 0x00, 0x00, 0x7f, 0x02,
    0x00, 0x00, 0x00, 0x00, 0x00, 0x00, 0x00, 0x00, 0x00, 0x00, 0x00, 0x00, 0x0f, 0x00, 0xf0, 0x11,
    0x0a, 0x00, 0xe3, 0x49, 0x08, 0x00, 0xe2, 0x8e, 0x08, 0x00, 0xe2, 0xcf, 0x09, 0x00, 0xe2, 0xfb,
    0x0a, 0x00, 0xf0, 0xff, 0x0a, 0x00, 0xf0, 0xff, 0x09, 0x00, 0xe8, 0xff, 0x09, 0x00, 0xe2, 0xff,
    0x09, 0x00, 0xe2, 0xfb, 0x09, 0x00, 0xe1, 0xfc, 0x09, 0x00, 0xe2, 0xfd, 0x09, 0x00, 0xe2, 0xff,
    0x09, 0x00, 0xe2, 0xff, 0x09, 0x00, 0xe2, 0xff, 0x09, 0x00, 0xe2, 0xff, 0x09, 0x00, 0xe2, 0xff,
    0x09, 0x00, 0xe2, 0xff, 0x09, 0x00, 0xe2, 0xff, 0x09, 0x00, 0xe2, 0xff, 0x09, 0x00, 0xe2, 0xff,
    0x09, 0x00, 0xe2, 0xff, 0x09, 0x00, 0xe2, 0xff, 0x09, 0x00, 0xe2, 0xff, 0x09, 0x00, 0xe2, 0xff,
    0x09, 0x00, 0xe2, 0xff, 0x09, 0x00, 0xe2, 0xff, 0x09, 0x00, 0xe2, 0xff, 0x09, 0x00, 0xe2, 0xff,
    0x09, 0x00, 0xe2, 0xff, 0x09, 0x00, 0xe2, 0xff, 0x09, 0x00, 0xe2, 0xff, 0x09, 0x00, 0xe2, 0xff,
    0x09, 0x00, 0xe2, 0xff, 0x09, 0x00, 0xe2, 0xff, 0x09, 0x00, 0xe2, 0xff, 0x09, 0x00, 0xe2, 0xff,
    0x09, 0x00, 0xe2, 0xff, 0x09, 0x00, 0xe2, 0xff, 0x09, 0x00, 0xe2, 0xff, 0x09, 0x00, 0xe2, 0xff,
    0x09, 0x00, 0xe2, 0xff, 0x09, 0x00, 0xe2, 0xff, 0x09, 0x00, 0xe2, 0xff, 0x09, 0x00, 0xe2, 0xff,
    0x09, 0x00, 0xe2, 0xff, 0x09, 0x00, 0xe2, 0xff, 0x09, 0x00, 0xe2, 0xff, 0x09, 0x00, 0xe2, 0xff,
    0x09, 0x00, 0xe2, 0xff, 0x09, 0x00, 0xe2, 0xff, 0x09, 0x00, 0xe2, 0xff, 0x09, 0x00, 0xe2, 0xff,
    0x09, 0x00, 0xe2, 0xff, 0x09, 0x00, 0xe2, 0xff, 0x09, 0x00, 0xe2, 0xff, 0x09, 0x00, 0xe2, 0xff,
    0x09, 0x00, 0xe2, 0xff, 0x09, 0x00, 0xe2, 0xff, 0x09, 0x00, 0xe2, 0xff, 0x09, 0x00, 0xe2, 0xff,
    0x09, 0x00, 0xe2, 0xff, 0x09, 0x00, 0xe2, 0xff, 0x09, 0x00, 0xe2, 0xff, 0x09, 0x00, 0xe2, 0xff,
    0x09, 0x00, 0xe2, 0xff, 0x09, 0x00, 0xe2, 0xff, 0x09, 0x00, 0xe2, 0xff, 0x09, 0x00, 0xe2, 0xff,
    0x09, 0x00, 0xe2, 0xff, 0x09, 0x00, 0xe2, 0xff, 0x09, 0x00, 0xe2, 0xff, 0x09, 0x00, 0xe2, 0xff,
    0x09, 0x00, 0xe2, 0xff, 0x09, 0x00, 0xe2, 0xff, 0x09, 0x00, 0xe2, 0xff, 0x09, 0x00, 0xe2, 0xff,
    0x09, 0x00, 0xe2, 0xff, 0x09, 0x00, 0xe2, 0xff, 0x09, 0x00, 0xe2, 0xff, 0x09, 0x00, 0xe2, 0xff,
    0x09, 0x00, 0xe2, 0xff, 0x09, 0x00, 0xe2, 0xff, 0x09, 0x00, 0xe2, 0xff, 0x09, 0x00, 0xe2, 0xff,
    0x09, 0x00, 0xe2, 0xff, 0x09, 0x00, 0xe2, 0xff, 0x09, 0x00, 0xe2, 0xff, 0x09, 0x00, 0xe2, 0xff,
    0x09, 0x00, 0xe2, 0xff, 0x09, 0x00, 0xe2, 0xff, 0x09, 0x00, 0xe2, 0xff, 0x09, 0x00, 0xe2, 0xff,
    0x09, 0x00, 0xe2, 0xff, 0x09, 0x00, 0xe2, 0xff, 0x09, 0x00, 0xe2, 0xff, 0x09, 0x00, 0xe2, 0xff,
    0x09, 0x00, 0xe2, 0xff, 0x09, 0x00, 0xe2, 0xff, 0x09, 0x00, 0xe2, 0xff, 0x09, 0x00, 0xe2, 0xff,
    0x09, 0x00, 0xe2, 0xff, 0x09, 0x00, 0xe2, 0xff, 0x09, 0x00, 0xe2, 0xff, 0x09, 0x00, 0xe2, 0xff,
    0x09, 0x00, 0xe2, 0xff, 0x09, 0x00, 0xe2, 0xff, 0x09, 0x00, 0xe2, 0xff, 0x09, 0x00, 0xe2, 0xff,
    0x09, 0x00, 0xe2, 0xff, 0x09, 0x00, 0xe2, 0xff, 0x09, 0x00, 0xe2, 0xff, 0x09, 0x00, 0xe2, 0xff,
    0x09, 0x00, 0xe2, 0xff, 0x09, 0x00, 0xe2, 0xff, 0x09, 0x00, 0xe2, 0xff, 0x09, 0x00, 0xe2, 0xff,
    0x09, 0x00, 0xe2, 0xff, 0x09, 0x00, 0xe2, 0xff, 0x09, 0x00, 0xe2, 0xff, 0x09, 0x00, 0xe2, 0xff,
    0x09, 0x00, 0xe2, 0xff, 0x09, 0x00, 0xe2, 0xff, 0x09, 0x00, 0xe2, 0xff, 0x09, 0x00, 0xe2, 0xff,
    0x09, 0x00, 0xe2, 0xff, 0x09, 0x00, 0xe2, 0xff, 0x09, 0x00, 0xe2, 0xff, 0x09, 0x00, 0xe2, 0xff,
    0x09, 0x00, 0xe2, 0xff, 0x09, 0x00, 0xe2, 0xff, 0x09, 0x00, 0xe2, 0xff, 0x09, 0x00, 0xe2, 0xff,
    0x09, 0x00, 0xe2, 0xff, 0x09, 0x00, 0xe2, 0xff, 0x09, 0x00, 0xe2, 0xff, 0x09, 0x00, 0xe2, 0xff,
    0x09, 0x00, 0xe2, 0xff, 0x09, 0x00, 0xe2, 0xff, 0x09, 0x00, 0xe2, 0xff, 0x09, 0x00, 0xe2, 0xff,
    0x09, 0x00, 0xe2, 0xff, 0x09, 0x00, 0xe2, 0xff, 0x09, 0x00, 0xe2, 0xff, 0x09, 0x00, 0xe2, 0xff,
    0x09, 0x00, 0xe2, 0xff, 0x09, 0x00, 0xe2, 0xff, 0x09, 0x00, 0xe2, 0xff, 0x09, 0x00, 0xe2, 0xff,
    0x09, 0x00, 0xe2, 0xff, 0x09, 0x00, 0xe2, 0xff, 0x09, 0x00, 0xe2, 0xff, 0x09, 0x00, 0xe2, 0xff,
    0x09, 0x00, 0xe2, 0xff, 0x09, 0x00, 0xe2, 0xff, 0x09, 0x00, 0xe2, 0xff, 0x09, 0x00, 0xe2, 0xff,
    0x09, 0x00, 0xe2, 0xff, 0x09, 0x00, 0xe2, 0xff, 0x09, 0x00, 0xe2, 0xff, 0x09, 0x00, 0xe2, 0xff,
    0x09, 0x00, 0xe2, 0xff, 0x09, 0x00, 0xe2, 0xff, 0x09, 0x00, 0xe2, 0xff, 0x09, 0x00, 0xe2, 0xff,
    0x09, 0x00, 0xe2, 0xff, 0x09, 0x00, 0xe2, 0xff, 0x09, 0x00, 0xe2, 0xff, 0x09, 0x00, 0xe2, 0xff,
    0x09, 0x00, 0xe2, 0xff, 0x09, 0x00, 0xe2, 0xff, 0x09, 0x00, 0xe2, 0xff, 0x09, 0x00, 0xe2, 0xff,
    0x09, 0x00, 0xe2, 0xff, 0x09, 0x00, 0xe2, 0xff, 0x09, 0x00, 0xe2, 0xff, 0x09, 0x00, 0xe2, 0xff,
    0x09, 0x00, 0xe2, 0xff, 0x09, 0x00, 0xe2, 0xff, 0x09, 0x00, 0xe2, 0xff, 0x09, 0x00, 0xe2, 0xff,
    0x09, 0x00, 0xe2, 0xff, 0x09, 0x00, 0xe2, 0xff, 0x09, 0x00, 0xe2, 0xff, 0x09, 0x00, 0xe2, 0xff,
    0x09, 0x00, 0xe2, 0xff, 0x09, 0x00, 0xe2, 0xff, 0x09, 0x00, 0xe2, 0xff, 0x09, 0x00, 0xe2, 0xff,
    0x09, 0x00, 0xe2, 0xff, 0x09, 0x00, 0xe2, 0xff, 0x09, 0x00, 0xe2, 0xff, 0x09, 0x00, 0xe2, 0xff,
    0x09, 0x00, 0xe2, 0xff, 0x09, 0x00, 0xe2, 0xff, 0x09, 0x00, 0xe2, 0xff, 0x09, 0x00, 0xe2, 0xff,
    0x09, 0x00, 0xe2, 0xff, 0x09, 0x00, 0xe2, 0xff, 0x09, 0x00, 0xe2, 0xff, 0x09, 0x00, 0xe2, 0xff,
    0x09, 0x00, 0xe2, 0xff, 0x09, 0x00, 0xe2, 0xff, 0x09, 0x00, 0xe2, 0xff, 0x09, 0x00, 0xe2, 0xff,
    0x09, 0x00, 0xe2, 0xff, 0x09, 0x00, 0xe2, 0xff, 0x09, 0x00, 0xe2, 0xff, 0x09, 0x00, 0xe2, 0xff,
    0x09, 0x00, 0xe2, 0xff, 0x09, 0x00, 0xe2, 0xff, 0x09, 0x00, 0xe2, 0xff, 0x09, 0x00, 0xe2, 0xff,
    0x09, 0x00, 0xe2, 0xff, 0x09, 0x00, 0xe2, 0xff, 0x09, 0x00, 0xe2, 0xff, 0x09, 0x00, 0xe2, 0xff,
    0x09, 0x00, 0xe2, 0xff, 0x09, 0x00, 0xe2, 0xff, 0x09, 0x00, 0xe2, 0xff, 0x09, 0x00, 0xe2, 0xff,
    0x09, 0x00, 0xe2, 0xff, 0x09, 0x00, 0xe2, 0xfd, 0x09, 0x00, 0xe1, 0xfc, 0x09, 0x00, 0xe2, 0xfb,
    0x09, 0x00, 0xe1, 0xff, 0x09, 0x00, 0xe8, 0xff, 0x0a, 0x00, 0xf0, 0xff, 0x0a, 0x00, 0xf0, 0xff,
    0x09, 0x00, 0xe3, 0xfb, 0x08, 0x00, 0xe2, 0xd0, 0x08, 0x00, 0xe4, 0x8f, 0x0a, 0x00, 0xe3, 0x4a,
    0x0e, 0x00, 0xe2, 0x12, 0x00, 0x00, 0x00, 0x00, 0x00, 0x00, 0x00, 0x00, 0x00, 0x00, 0x00, 0x00,
    0x00, 0x00, 0xff, 0x01, 0x00, 0x00, 0xbf, 0x04, 0x00, 0x00, 0xff, 0x02, 0x00, 0x00, 0x00, 0x00,
    0x00, 0x00, 0x00, 0x00, 0x00, 0x00, 0x00, 0x00, 0x00, 0x00, 0x00, 0x00, 0x00, 0x00, 0x00, 0x00,
    0x00, 0x00, 0x00, 0x00, 0x00, 0x00, 0x00, 0x00, 0x00, 0x00, 0x00, 0x00, 0x00, 0x00, 0x00, 0x00,
    0x00, 0x00, 0x00, 0x00, 0x00, 0x00, 0x00, 0x00, 0x00, 0x00, 0x00, 0x00, 0x00, 0x00, 0x00, 0x00,
    0x00, 0x00, 0x00, 0x00, 0x00, 0x00, 0x00, 0x00, 0x00, 0x00, 0x00, 0x00, 0x00, 0x00, 0x00, 0x00,
    0x00, 0x00, 0x00, 0x00, 0x00, 0x00, 0x00, 0x00, 0x00, 0x00, 0x00, 0x00, 0x00, 0x00, 0x00, 0x00,
    0x00, 0x00, 0x00, 0x00, 0x00, 0x00, 0x00, 0x00, 0x00, 0x00, 0x00, 0x00, 0x00, 0x00, 0x00, 0x00,
    0x00, 0x00, 0x00, 0x00, 0x00, 0x00, 0x00, 0x00, 0x00, 0x00, 0x00, 0x00, 0x00, 0x00, 0x00, 0x00,
    0x00, 0x00, 0x00, 0x00, 0x00, 0x00, 0x00, 0x00, 0x00, 0x00, 0x00, 0x00, 0x00, 0x00, 0x00, 0x00,
    0x00, 0x00, 0x00, 0x00, 0x00, 0x00, 0x00, 0x00, 0x00, 0x00, 0x00, 0x00, 0x00, 0x00, 0x00, 0x00,
    0x00, 0x00, 0x00, 0x00, 0x00, 0x00, 0x00, 0x00, 0x00, 0x00, 0x00, 0x00, 0x00, 0x00, 0x00, 0x00,
    0x00, 0x00, 0x00, 0x00, 0x00, 0x00, 0x00, 0x00, 0x00, 0x00, 0x00, 0x00, 0x00, 0x00, 0x00, 0x00,
    0x00, 0x00, 0x00, 0x00, 0x00, 0x00, 0x00, 0x00, 0x00, 0x00, 0x00, 0x00, 0x00, 0x00, 0x00, 0x00,
    0x00, 0x00, 0x00, 0x00, 0x00, 0x00, 0x00, 0x00, 0x00, 0x00, 0x00, 0x00, 0x00, 0x00, 0x00, 0x00,
    0x00, 0x00, 0x00, 0x00, 0x00, 0x00, 0x00, 0x00, 0x00, 0x00, 0x00, 0x00, 0x00, 0x00, 0x00, 0x00,
    0x00, 0x00, 0x00, 0x00, 0x00, 0x00, 0x00, 0x00, 0x00, 0x00, 0x00, 0x00, 0x00, 0x00, 0x00, 0x00,
    0x00, 0x00, 0x00, 0x00, 0x00, 0x00, 0x00, 0x00, 0x00, 0x00, 0x00, 0x00, 0x00, 0x00, 0x00, 0x00,
    0x00, 0x00, 0x00, 0x00, 0x00, 0x00, 0x00, 0x00, 0x00, 0x00, 0x00, 0x00, 0x00, 0x00, 0x00, 0x00,
    0x00, 0x00, 0x00, 0x00, 0x00, 0x00, 0x00, 0x00, 0x00, 0x00, 0x7f, 0x02, 0x00, 0x00, 0xbf, 0x04,
    0x00, 0x00, 0xff, 0x01, 0x00, 0x00, 0x00, 0x00, 0x00, 0x00, 0x00, 0x00, 0x00, 0x00, 0x00, 0x00,
    0x08, 0x00, 0xe5, 0x1e, 0x07, 0x00, 0xe2, 0x61, 0x09, 0x00, 0xe4, 0xaa, 0x08, 0x00, 0xe4, 0xe6,
    0x09, 0x00, 0xeb, 0xff, 0x0a, 0x00, 0xf1, 0xff, 0x09, 0x00, 0xeb, 0xff, 0x09, 0x00, 0xe3, 0xff,
    0x09, 0x00, 0xe1, 0xfc, 0x09, 0x00, 0xe1, 0xfc, 0x09, 0x00, 0xe1, 0xfd, 0x09, 0x00, 0xe2, 0xff,
    0x09, 0x00, 0xe2, 0xff, 0x09, 0x00, 0xe2, 0xff, 0x09, 0x00, 0xe2, 0xff, 0x09, 0x00, 0xe2, 0xff,
    0x09, 0x00, 0xe2, 0xff, 0x09, 0x00, 0xe2, 0xff, 0x09, 0x00, 0xe2, 0xff, 0x09, 0x00, 0xe2, 0xff,
    0x09, 0x00, 0xe2, 0xff, 0x09, 0x00, 0xe2, 0xff, 0x09, 0x00, 0xe2, 0xff, 0x09, 0x00, 0xe2, 0xff,
    0x09, 0x00, 0xe2, 0xff, 0x09, 0x00, 0xe2, 0xff, 0x09, 0x00, 0xe2, 0xff, 0x09, 0x00, 0xe2, 0xff,
    0x09, 0x00, 0xe2, 0xff, 0x09, 0x00, 0xe2, 0xff, 0x09, 0x00, 0xe2, 0xff, 0x09, 0x00, 0xe2, 0xff,
    0x09, 0x00, 0xe2, 0xff, 0x09, 0x00, 0xe2, 0xff, 0x09, 0x00, 0xe2, 0xff, 0x09, 0x00, 0xe2, 0xff,
    0x09, 0x00, 0xe2, 0xff, 0x09, 0x00, 0xe2, 0xff, 0x09, 0x00, 0xe2, 0xff, 0x09, 0x00, 0xe2, 0xff,
    0x09, 0x00, 0xe2, 0xff, 0x09, 0x00, 0xe2, 0xff, 0x09, 0x00, 0xe2, 0xff, 0x09, 0x00, 0xe2, 0xff,
    0x09, 0x00, 0xe2, 0xff, 0x09, 0x00, 0xe2, 0xff, 0x09, 0x00, 0xe2, 0xff, 0x09, 0x00, 0xe2, 0xff,
    0x09, 0x00, 0xe2, 0xff, 0x09, 0x00, 0xe2, 0xff, 0x09, 0x00, 0xe2, 0xff, 0x09, 0x00, 0xe2, 0xff,
    0x09, 0x00, 0xe2, 0xff, 0x09, 0x00, 0xe2, 0xff, 0x09, 0x00, 0xe2, 0xff, 0x09, 0x00, 0xe2, 0xff,
    0x09, 0x00, 0xe2, 0xff, 0x09, 0x00, 0xe2, 0xff, 0x09, 0x00, 0xe2, 0xff, 0x09, 0x00, 0xe2, 0xff,
    0x09, 0x00, 0xe2, 0xff, 0x09, 0x00, 0xe2, 0xff, 0x09, 0x00, 0xe2, 0xff, 0x09, 0x00, 0xe2, 0xff,
    0x09, 0x00, 0xe2, 0xff, 0x09, 0x00, 0xe2, 0xff, 0x09, 0x00, 0xe2, 0xff, 0x09, 0x00, 0xe2, 0xff,
    0x09, 0x00, 0xe2, 0xff, 0x09, 0x00, 0xe2, 0xff, 0x09, 0x00, 0xe2, 0xff, 0x09, 0x00, 0xe2, 0xff,
    0x09, 0x00, 0xe2, 0xff, 0x09, 0x00, 0xe2, 0xff, 0x09, 0x00, 0xe2, 0xff, 0x09, 0x00, 0xe2, 0xff,
    0x09, 0x00, 0xe2, 0xff, 0x09, 0x00, 0xe2, 0xff, 0x09, 0x00, 0xe2, 0xff, 0x09, 0x00, 0xe2, 0xff,
    0x09, 0x00, 0xe2, 0xff, 0x09, 0x00, 0xe2, 0xff, 0x09, 0x00, 0xe2, 0xff, 0x09, 0x00, 0xe2, 0xff,
    0x09, 0x00, 0xe2, 0xff, 0x09, 0x00, 0xe2, 0xff, 0x09, 0x00, 0xe2, 0xff, 0x09, 0x00, 0xe2, 0xff,
    0x09, 0x00, 0xe2, 0xff, 0x09, 0x00, 0xe2, 0xff, 0x09, 0x00, 0xe2, 0xff, 0x09, 0x00, 0xe2, 0xff,
    0x09, 0x00, 0xe2, 0xff, 0x09, 0x00, 0xe2, 0xff, 0x09, 0x00, 0xe2, 0xff, 0x09, 0x00, 0xe2, 0xff,
    0x09, 0x00, 0xe2, 0xff, 0x09, 0x00, 0xe2, 0xff, 0x09, 0x00, 0xe2, 0xff, 0x09, 0x00, 0xe2, 0xff,
    0x09, 0x00, 0xe2, 0xff, 0x09, 0x00, 0xe2, 0xff, 0x09, 0x00, 0xe2, 0xff, 0x09, 0x00, 0xe2, 0xff,
    0x09, 0x00, 0xe2, 0xff, 0x09, 0x00, 0xe2, 0xff, 0x09, 0x00, 0xe2, 0xff, 0x09, 0x00, 0xe2, 0xff,
    0x09, 0x00, 0xe2, 0xff, 0x09, 0x00, 0xe2, 0xff, 0x09, 0x00, 0xe2, 0xff, 0x09, 0x00, 0xe2, 0xff,
    0x09, 0x00, 0xe2, 0xff, 0x09, 0x00, 0xe2, 0xff, 0x09, 0x00, 0xe2, 0xff, 0x09, 0x00, 0xe2, 0xff,
    0x09, 0x00, 0xe2, 0xff, 0x09, 0x00, 0xe2, 0xff, 0x09, 0x00, 0xe2, 0xff, 0x09, 0x00, 0xe2, 0xff,
    0x09, 0x00, 0xe2, 0xff, 0x09, 0x00, 0xe2, 0xff, 0x09, 0x00, 0xe2, 0xff, 0x09, 0x00, 0xe2, 0xff,
    0x09, 0x00, 0xe2, 0xff, 0x09, 0x00, 0xe2, 0xff, 0x09, 0x00, 0xe2, 0xff, 0x09, 0x00, 0xe2, 0xff,
    0x09, 0x00, 0xe2, 0xff, 0x09, 0x00, 0xe2, 0xff, 0x09, 0x00, 0xe2, 0xff, 0x09, 0x00, 0xe2, 0xff,
    0x09, 0x00, 0xe2, 0xff, 0x09, 0x00, 0xe2, 0xff, 0x09, 0x00, 0xe2, 0xff, 0x09, 0x00, 0xe2, 0xff,
    0x09, 0x00, 0xe2, 0xff, 0x09, 0x00, 0xe2, 0xff, 0x09, 0x00, 0xe2, 0xff, 0x09, 0x00, 0xe2, 0xff,
    0x09, 0x00, 0xe2, 0xff, 0x09, 0x00, 0xe2, 0xff, 0x09, 0x00, 0xe2, 0xff, 0x09, 0x00, 0xe2, 0xff,
    0x09, 0x00, 0xe2, 0xff, 0x09, 0x00, 0xe2, 0xff, 0x09, 0x00, 0xe2, 0xff, 0x09, 0x00, 0xe2, 0xff,
    0x09, 0x00, 0xe2, 0xff, 0x09, 0x00, 0xe2, 0xff, 0x09, 0x00, 0xe2, 0xff, 0x09, 0x00, 0xe2, 0xff,
    0x09, 0x00, 0xe2, 0xff, 0x09, 0x00, 0xe2, 0xff, 0x09, 0x00, 0xe2, 0xff, 0x09, 0x00, 0xe2, 0xff,
    0x09, 0x00, 0xe2, 0xff, 0x09, 0x00, 0xe2, 0xff, 0x09, 0x00, 0xe2, 0xff, 0x09, 0x00, 0xe2, 0xff,
    0x09, 0x00, 0xe2, 0xff, 0x09, 0x00, 0xe2, 0xff, 0x09, 0x00, 0xe2, 0xff, 0x09, 0x00, 0xe2, 0xff,
    0x09, 0x00, 0xe2, 0xff, 0x09, 0x00, 0xe2, 0xff, 0x09, 0x00, 0xe2, 0xff, 0x09, 0x00, 0xe2, 0xff,
    0x09, 0x00, 0xe2, 0xff, 0x09, 0x00, 0xe2, 0xff, 0x09, 0x00, 0xe2, 0xff, 0x09, 0x00, 0xe2, 0xff,
    0x09, 0x00, 0xe2, 0xff, 0x09, 0x00, 0xe2, 0xff, 0x09, 0x00, 0xe2, 0xff, 0x09, 0x00, 0xe2, 0xff,
    0x09, 0x00, 0xe2, 0xff, 0x09, 0x00, 0xe2, 0xff, 0x09, 0x00, 0xe2, 0xff, 0x09, 0x00, 0xe2, 0xff,
    0x09, 0x00, 0xe2, 0xff, 0x09, 0x00, 0xe2, 0xff, 0x09, 0x00, 0xe2, 0xff, 0x09, 0x00, 0xe2, 0xff,
    0x09, 0x00, 0xe2, 0xff, 0x09, 0x00, 0xe2, 0xff, 0x09, 0x00, 0xe2, 0xff, 0x09, 0x00, 0xe2, 0xff,
    0x09, 0x00, 0xe2, 0xff, 0x09, 0x00, 0xe2, 0xff, 0x09, 0x00, 0xe2, 0xff, 0x09, 0x00, 0xe2, 0xff,
    0x09, 0x00, 0xe2, 0xff, 0x09, 0x00, 0xe2, 0xff, 0x09, 0x00, 0xe2, 0xff, 0x09, 0x00, 0xe2, 0xff,
    0x09, 0x00, 0xe2, 0xff, 0x09, 0x00, 0xe2, 0xff, 0x09, 0x00, 0xe2, 0xff, 0x09, 0x00, 0xe2, 0xff,
    0x09, 0x00, 0xe2, 0xff, 0x09, 0x00, 0xe2, 0xff, 0x09, 0x00, 0xe2, 0xff, 0x09, 0x00, 0xe2, 0xff,
    0x09, 0x00, 0xe2, 0xff, 0x09, 0x00, 0xe2, 0xff, 0x09, 0x00, 0xe2, 0xff, 0x09, 0x00, 0xe2, 0xff,
    0x09, 0x00, 0xe2, 0xff, 0x09, 0x00, 0xe2, 0xff, 0x09, 0x00, 0xe2, 0xff, 0x09, 0x00, 0xe2, 0xff,
    0x09, 0x00, 0xe2, 0xff, 0x09, 0x00, 0xe2, 0xff, 0x09, 0x00, 0xe2, 0xff, 0x09, 0x00, 0xe2, 0xff,
    0x09, 0x00, 0xe2, 0xff, 0x09, 0x00, 0xe2, 0xff, 0x09, 0x00, 0xe2, 0xff, 0x09, 0x00, 0xe2, 0xff,
    0x09, 0x00, 0xe2, 0xff, 0x09, 0x00, 0xe2, 0xff, 0x09, 0x00, 0xe2, 0xff, 0x09, 0x00, 0xe2, 0xff,
    0x09, 0x00, 0xe2, 0xff, 0x09, 0x00, 0xe2, 0xff, 0x09, 0x00, 0xe2, 0xff, 0x09, 0x00, 0xe2, 0xff,
    0x09, 0x00, 0xe2, 0xff, 0x09, 0x00, 0xe1, 0xfd, 0x09, 0x00, 0xe1, 0xfc, 0x09, 0x00, 0xe1, 0xfc,
    0x09, 0x00, 0xe3, 0xff, 0x09, 0x00, 0xeb, 0xff, 0x0a, 0x00, 0xf1, 0xff, 0x09, 0x00, 0xeb, 0xff,
    0x08, 0x00, 0xe4, 0xe7, 0x08, 0x00, 0xe5, 0xab, 0x0a, 0x00, 0xe4, 0x61, 0x08, 0x00, 0xde, 0x1f,
    0x00, 0x00, 0x00, 0x00, 0x00, 0x00, 0x00, 0x00, 0x00, 0x00, 0x00, 0x00, 0x00, 0x00, 0xff, 0x01,
    0x00, 0x00, 0xbf, 0x04, 0x00, 0x00, 0xff, 0x02, 0x00, 0x00, 0x00, 0x00, 0x00, 0x00, 0x00, 0x00,
    0x00, 0x00, 0x00, 0x00, 0x00, 0x00, 0x00, 0x00, 0x00, 0x00, 0x00, 0x00, 0x00, 0x00, 0x00, 0x00,
    0x00, 0x00, 0x00, 0x00, 0x00, 0x00, 0x00, 0x00, 0x00, 0x00, 0x00, 0x00, 0x00, 0x00, 0x00, 0x00,
    0x00, 0x00, 0x00, 0x00, 0x00, 0x00, 0x00, 0x00, 0x00, 0x00, 0x00, 0x00, 0x00, 0x00, 0x00, 0x00,
    0x00, 0x00, 0x00, 0x00, 0x00, 0x00, 0x00, 0x00, 0x00, 0x00, 0x00, 0x00, 0x00, 0x00, 0x00, 0x00,
    0x00, 0x00, 0x00, 0x00, 0x00, 0x00, 0x00, 0x00, 0x00, 0x00, 0x00, 0x00, 0x00, 0x00, 0x00, 0x00,
    0x00, 0x00, 0x00, 0x00, 0x00, 0x00, 0x00, 0x00, 0x00, 0x00, 0x00, 0x00, 0x00, 0x00, 0x00, 0x00,
    0x00, 0x00, 0x00, 0x00, 0x00, 0x00, 0x00, 0x00, 0x00, 0x00, 0x00, 0x00, 0x00, 0x00, 0x00, 0x00,
    0x00, 0x00, 0x00, 0x00, 0x00, 0x00, 0x00, 0x00, 0x00, 0x00, 0x00, 0x00, 0x00, 0x00, 0x00, 0x00,
    0x00, 0x00, 0x00, 0x00, 0x00, 0x00, 0x00, 0x00, 0x00, 0x00, 0x00, 0x00, 0x00, 0x00, 0x00, 0x00,
    0x00, 0x00, 0x00, 0x00, 0x00, 0x00, 0x00, 0x00, 0x00, 0x00, 0x00, 0x00, 0x00, 0x00, 0x00, 0x00,
    0x00, 0x00, 0x00, 0x00, 0x00, 0x00, 0x00, 0x00, 0x00, 0x00, 0x00, 0x00, 0x00, 0x00, 0x00, 0x00,
    0x00, 0x00, 0x00, 0x00, 0x00, 0x00, 0x00, 0x00, 0x00, 0x00, 0x00, 0x00, 0x00, 0x00, 0x00, 0x00,
    0x00, 0x00, 0x00, 0x00, 0x00, 0x00, 0x00, 0x00, 0x00, 0x00, 0x00, 0x00, 0x00, 0x00, 0x00, 0x00,
    0x00, 0x00, 0x00, 0x00, 0x00, 0x00, 0x00, 0x00, 0x00, 0x00, 0x00, 0x00, 0x00, 0x00, 0x00, 0x00,
    0x00, 0x00, 0x00, 0x00, 0x00, 0x00, 0x00, 0x00, 0x00, 0x00, 0x00, 0x00, 0x00, 0x00, 0x00, 0x00,
    0x00, 0x00, 0x00, 0x00, 0x00, 0x00, 0x00, 0x00, 0x00, 0x00, 0x00, 0x00, 0x00, 0x00, 0xff, 0x01,
    0x00, 0x00, 0xff, 0x03, 0x00, 0x00, 0xff, 0x02, 0x00, 0x00, 0x00, 0x00, 0x00, 0x00, 0x00, 0x00,
    0x00, 0x00, 0x00, 0x00, 0x06, 0x00, 0xe3, 0x25, 0x09, 0x00, 0xe5, 0x6d, 0x08, 0x00, 0xe3, 0xbb,
    0x09, 0x00, 0xe3, 0xf3, 0x0a, 0x00, 0xef, 0xff, 0x0a, 0x00, 0xef, 0xff, 0x09, 0x00, 0xe7, 0xff,
    0x09, 0x00, 0xe1, 0xfd, 0x09, 0x00, 0xe2, 0xfb, 0x09, 0x00, 0xe1, 0xfd, 0x09, 0x00, 0xe1, 0xfe,
    0x09, 0x00, 0xe2, 0xff, 0x09, 0x00, 0xe2, 0xff, 0x09, 0x00, 0xe2, 0xff, 0x09, 0x00, 0xe2, 0xff,
    0x09, 0x00, 0xe2, 0xff, 0x09, 0x00, 0xe2, 0xff, 0x09, 0x00, 0xe2, 0xff, 0x09, 0x00, 0xe2, 0xff,
    0x09, 0x00, 0xe2, 0xff, 0x09, 0x00, 0xe2, 0xff, 0x09, 0x00, 0xe2, 0xff, 0x09, 0x00, 0xe2, 0xff,
    0x09, 0x00, 0xe2, 0xff, 0x09, 0x00, 0xe2, 0xff, 0x09, 0x00, 0xe2, 0xff, 0x09, 0x00, 0xe2, 0xff,
    0x09, 0x00, 0xe2, 0xff, 0x09, 0x00, 0xe2, 0xff, 0x09, 0x00, 0xe2, 0xff, 0x09, 0x00, 0xe2, 0xff,
    0x09, 0x00, 0xe2, 0xff, 0x09, 0x00, 0xe2, 0xff, 0x09, 0x00, 0xe2, 0xff, 0x09, 0x00, 0xe2, 0xff,
    0x09, 0x00, 0xe2, 0xff, 0x09, 0x00, 0xe2, 0xff, 0x09, 0x00, 0xe2, 0xff, 0x09, 0x00, 0xe2, 0xff,
    0x09, 0x00, 0xe2, 0xff, 0x09, 0x00, 0xe2, 0xff, 0x09, 0x00, 0xe2, 0xff, 0x09, 0x00, 0xe2, 0xff,
    0x09, 0x00, 0xe2, 0xff, 0x09, 0x00, 0xe2, 0xff, 0x09, 0x00, 0xe2, 0xff, 0x09, 0x00, 0xe2, 0xff,
    0x09, 0x00, 0xe2, 0xff, 0x09, 0x00, 0xe2, 0xff, 0x09, 0x00, 0xe2, 0xff, 0x09, 0x00, 0xe2, 0xff,
    0x09, 0x00, 0xe2, 0xff, 0x09, 0x00, 0xe2, 0xff, 0x09, 0x00, 0xe2, 0xff, 0x09, 0x00, 0xe2, 0xff,
    0x09, 0x00, 0xe2, 0xff, 0x09, 0x00, 0xe2, 0xff, 0x09, 0x00, 0xe2, 0xff, 0x09, 0x00, 0xe2, 0xff,
    0x09, 0x00, 0xe2, 0xff, 0x09, 0x00, 0xe2, 0xff, 0x09, 0x00, 0xe2, 0xff, 0x09, 0x00, 0xe2, 0xff,
    0x09, 0x00, 0xe2, 0xff, 0x09, 0x00, 0xe2, 0xff, 0x09, 0x00, 0xe2, 0xff, 0x09, 0x00, 0xe2, 0xff,
    0x09, 0x00, 0xe2, 0xff, 0x09, 0x00, 0xe2, 0xff, 0x09, 0x00, 0xe2, 0xff, 0x09, 0x00, 0xe2, 0xff,
    0x09, 0x00, 0xe2, 0xff, 0x09, 0x00, 0xe2, 0xff, 0x09, 0x00, 0xe2, 0xff, 0x09, 0x00, 0xe2, 0xff,
    0x09, 0x00, 0xe2, 0xff, 0x09, 0x00, 0xe2, 0xff, 0x09, 0x00, 0xe2, 0xff, 0x09, 0x00, 0xe2, 0xff,
    0x09, 0x00, 0xe2, 0xff, 0x09, 0x00, 0xe2, 0xff, 0x09, 0x00, 0xe2, 0xff, 0x09, 0x00, 0xe2, 0xff,
    0x09, 0x00, 0xe2, 0xff, 0x09, 0x00, 0xe2, 0xff, 0x09, 0x00, 0xe2, 0xff, 0x09, 0x00, 0xe2, 0xff,
    0x09, 0x00, 0xe2, 0xff, 0x09, 0x00, 0xe2, 0xff, 0x09, 0x00, 0xe2, 0xff, 0x09, 0x00, 0xe2, 0xff,
    0x09, 0x00, 0xe2, 0xff, 0x09, 0x00, 0xe2, 0xff, 0x09, 0x00, 0xe2, 0xff, 0x09, 0x00, 0xe2, 0xff,
    0x09, 0x00, 0xe2, 0xff, 0x09, 0x00, 0xe2, 0xff, 0x09, 0x00, 0xe2, 0xff, 0x09, 0x00, 0xe2, 0xff,
    0x09, 0x00, 0xe2, 0xff, 0x09, 0x00, 0xe2, 0xff, 0x09, 0x00, 0xe2, 0xff, 0x09, 0x00, 0xe2, 0xff,
    0x09, 0x00, 0xe2, 0xff, 0x09, 0x00, 0xe2, 0xff, 0x09, 0x00, 0xe2, 0xff, 0x09, 0x00, 0xe2, 0xff,
    0x09, 0x00, 0xe2, 0xff, 0x09, 0x00, 0xe2, 0xff, 0x09, 0x00, 0xe2, 0xff, 0x09, 0x00, 0xe2, 0xff,
    0x09, 0x00, 0xe2, 0xff, 0x09, 0x00, 0xe2, 0xff, 0x09, 0x00, 0xe2, 0xff, 0x09, 0x00, 0xe2, 0xff,
    0x09, 0x00, 0xe2, 0xff, 0x09, 0x00, 0xe2, 0xff, 0x09, 0x00, 0xe2, 0xff, 0x09, 0x00, 0xe2, 0xff,
    0x09, 0x00, 0xe2, 0xff, 0x09, 0x00, 0xe2, 0xff, 0x09, 0x00, 0xe2, 0xff, 0x09, 0x00, 0xe2, 0xff,
    0x09, 0x00, 0xe2, 0xff, 0x09, 0x00, 0xe2, 0xff, 0x09, 0x00, 0xe2, 0xff, 0x09, 0x00, 0xe2, 0xff,
    0x09, 0x00, 0xe2, 0xff, 0x09, 0x00, 0xe2, 0xff, 0x09, 0x00, 0xe2, 0xff, 0x09, 0x00, 0xe2, 0xff,
    0x09, 0x00, 0xe2, 0xff, 0x09, 0x00, 0xe2, 0xff, 0x09, 0x00, 0xe2, 0xff, 0x09, 0x00, 0xe2, 0xff,
    0x09, 0x00, 0xe2, 0xff, 0x09, 0x00, 0xe2, 0xff, 0x09, 0x00, 0xe2, 0xff, 0x09, 0x00, 0xe2, 0xff,
    0x09, 0x00, 0xe2, 0xff, 0x09, 0x00, 0xe2, 0xff, 0x09, 0x00, 0xe2, 0xff, 0x09, 0x00, 0xe2, 0xff,
    0x09, 0x00, 0xe2, 0xff, 0x09, 0x00, 0xe2, 0xff, 0x09, 0x00, 0xe2, 0xff, 0x09, 0x00, 0xe2, 0xff,
    0x09, 0x00, 0xe2, 0xff, 0x09, 0x00, 0xe2, 0xff, 0x09, 0x00, 0xe2, 0xff, 0x09, 0x00, 0xe2, 0xff,
    0x09, 0x00, 0xe2, 0xff, 0x09, 0x00, 0xe2, 0xff, 0x09, 0x00, 0xe2, 0xff, 0x09, 0x00, 0xe2, 0xff,
    0x09, 0x00, 0xe2, 0xff, 0x09, 0x00, 0xe2, 0xff, 0x09, 0x00, 0xe2, 0xff, 0x09, 0x00, 0xe2, 0xff,
    0x09, 0x00, 0xe2, 0xff, 0x09, 0x00, 0xe2, 0xff, 0x09, 0x00, 0xe2, 0xff, 0x09, 0x00, 0xe2, 0xff,
    0x09, 0x00, 0xe2, 0xff, 0x09, 0x00, 0xe2, 0xff, 0x09, 0x00, 0xe2, 0xff, 0x09, 0x00, 0xe2, 0xff,
    0x09, 0x00, 0xe2, 0xff, 0x09, 0x00, 0xe2, 0xff, 0x09, 0x00, 0xe2, 0xff, 0x09, 0x00, 0xe2, 0xff,
    0x09, 0x00, 0xe2, 0xff, 0x09, 0x00, 0xe2, 0xff, 0x09, 0x00, 0xe2, 0xff, 0x09, 0x00, 0xe2, 0xff,
    0x09, 0x00, 0xe2, 0xff, 0x09, 0x00, 0xe2, 0xff, 0x09, 0x00, 0xe2, 0xff, 0x09, 0x00, 0xe2, 0xff,
    0x09, 0x00, 0xe2, 0xff, 0x09, 0x00, 0xe2, 0xff, 0x09, 0x00, 0xe2, 0xff, 0x09, 0x00, 0xe2, 0xff,
    0x09, 0x00, 0xe2, 0xff, 0x09, 0x00, 0xe2, 0xff, 0x09, 0x00, 0xe2, 0xff, 0x09, 0x00, 0xe2, 0xff,
    0x09, 0x00, 0xe2, 0xff, 0x09, 0x00, 0xe2, 0xff, 0x09, 0x00, 0xe2, 0xff, 0x09, 0x00, 0xe2, 0xff,
    0x09, 0x00, 0xe2, 0xff, 0x09, 0x00, 0xe2, 0xff, 0x09, 0x00, 0xe2, 0xff, 0x09, 0x00, 0xe2, 0xff,
    0x09, 0x00, 0xe2, 0xff, 0x09, 0x00, 0xe2, 0xff, 0x09, 0x00, 0xe2, 0xff, 0x09, 0x00, 0xe2, 0xff,
    0x09, 0x00, 0xe2, 0xff, 0x09, 0x00, 0xe2, 0xff, 0x09, 0x00, 0xe2, 0xff, 0x09, 0x00, 0xe2, 0xff,
    0x09, 0x00, 0xe2, 0xff, 0x09, 0x00, 0xe2, 0xff, 0x09, 0x00, 0xe2, 0xff, 0x09, 0x00, 0xe2, 0xff,
    0x09, 0x00, 0xe2, 0xff, 0x09, 0x00, 0xe2, 0xff, 0x09, 0x00, 0xe2, 0xff, 0x09, 0x00, 0xe2, 0xff,
    0x09, 0x00, 0xe2, 0xff, 0x09, 0x00, 0xe2, 0xff, 0x09, 0x00, 0xe2, 0xff, 0x09, 0x00, 0xe2, 0xff,
    0x09, 0x00, 0xe2, 0xff, 0x09, 0x00, 0xe2, 0xff, 0x09, 0x00, 0xe2, 0xff, 0x09, 0x00, 0xe2, 0xff,
    0x09, 0x00, 0xe2, 0xff, 0x09, 0x00, 0xe2, 0xff, 0x09, 0x00, 0xe2, 0xff, 0x09, 0x00, 0xe2, 0xff,
    0x09, 0x00, 0xe2, 0xff, 0x09, 0x00, 0xe2, 0xff, 0x09, 0x00, 0xe2, 0xff, 0x09, 0x00, 0xe2, 0xff,
    0x09, 0x00, 0xe2, 0xff, 0x09, 0x00, 0xe2, 0xff, 0x09, 0x00, 0xe2, 0xff, 0x09, 0x00, 0xe2, 0xff,
    0x09, 0x00, 0xe2, 0xff, 0x09, 0x00, 0xe2, 0xff, 0x09, 0x00, 0xe2, 0xff, 0x09, 0x00, 0xe2, 0xff,
    0x09, 0x00, 0xe1, 0xfe, 0x09, 0x00, 0xe1, 0xfd, 0x09, 0x00, 0xe2, 0xfb, 0x09, 0x00, 0xe1, 0xfd,
    0x09, 0x00, 0xe7, 0xff, 0x0a, 0x00, 0xef, 0xff, 0x0a, 0x00, 0xef, 0xff, 0x09, 0x00, 0xe2, 0xf4,
    0x09, 0x00, 0xe3, 0xbc, 0x09, 0x00, 0xe5, 0x6f, 0x06, 0x00, 0xe4, 0x26, 0x00, 0x00, 0x00, 0x00,
    0x00, 0x00, 0x00, 0x00, 0x00, 0x00, 0x00, 0x00, 0x00, 0x00, 0xff, 0x02, 0x00, 0x00, 0xff, 0x03,
    0x00, 0x00, 0xff, 0x01, 0x00, 0x00, 0x00, 0x00, 0x00, 0x00, 0x00, 0x00, 0x00, 0x00, 0x00, 0x00,
    0x00, 0x00, 0x00, 0x00, 0x00, 0x00, 0x00, 0x00, 0x00, 0x00, 0x00, 0x00, 0x00, 0x00, 0x00, 0x00,
    0x00, 0x00, 0x00, 0x00, 0x00, 0x00, 0x00, 0x00, 0x00, 0x00, 0x00, 0x00, 0x00, 0x00, 0x00, 0x00,
    0x00, 0x00, 0x00, 0x00, 0x00, 0x00, 0x00, 0x00, 0x00, 0x00, 0x00, 0x00, 0x00, 0x00, 0x00, 0x00,
    0x00, 0x00, 0x00, 0x00, 0x00, 0x00, 0x00, 0x00, 0x00, 0x00, 0x00, 0x00, 0x00, 0x00, 0x00, 0x00,
    0x00, 0x00, 0x00, 0x00, 0x00, 0x00, 0x00, 0x00, 0x00, 0x00, 0x00, 0x00, 0x00, 0x00, 0x00, 0x00,
    0x00, 0x00, 0x00, 0x00, 0x00, 0x00, 0x00, 0x00, 0x00, 0x00, 0x00, 0x00, 0x00, 0x00, 0x00, 0x00,
    0x00, 0x00, 0x00, 0x00, 0x00, 0x00, 0x00, 0x00, 0x00, 0x00, 0x00, 0x00, 0x00, 0x00, 0x00, 0x00,
    0x00, 0x00, 0x00, 0x00, 0x00, 0x00, 0x00, 0x00, 0x00, 0x00, 0x00, 0x00, 0x00, 0x00, 0x00, 0x00,
    0x00, 0x00, 0x00, 0x00, 0x00, 0x00, 0x00, 0x00, 0x00, 0x00, 0x00, 0x00, 0x00, 0x00, 0x00, 0x00,
    0x00, 0x00, 0x00, 0x00, 0x00, 0x00, 0x00, 0x00, 0x00, 0x00, 0x00, 0x00, 0x00, 0x00, 0x00, 0x00,
    0x00, 0x00, 0x00, 0x00, 0x00, 0x00, 0x00, 0x00, 0x00, 0x00, 0x00, 0x00, 0x00, 0x00, 0x00, 0x00,
    0x00, 0x00, 0x00, 0x00, 0x00, 0x00, 0x00, 0x00, 0x00, 0x00, 0x00, 0x00, 0x00, 0x00, 0x00, 0x00,
    0x00, 0x00, 0x00, 0x00, 0x00, 0x00, 0x00, 0x00, 0x00, 0x00, 0x00, 0x00, 0x00, 0x00, 0x00, 0x00,
    0x00, 0x00, 0x00, 0x00, 0x00, 0x00, 0x00, 0x00, 0x00, 0x00, 0x00, 0x00, 0x00, 0x00, 0x00, 0x00,
    0x00, 0x00, 0x00, 0x00, 0x00, 0x00, 0xaa, 0x03, 0x00, 0x00, 0xff, 0x03, 0x00, 0x00, 0x00, 0x00,
    0x00, 0x00, 0x00, 0x00, 0x00, 0x00, 0x00, 0x00, 0x07, 0x00, 0xe0, 0x21, 0x09, 0x00, 0xe7, 0x6b,
    0x09, 0x00, 0xe5, 0xbd, 0x09, 0x00, 0xe3, 0xf8, 0x0a, 0x00, 0xf0, 0xff, 0x09, 0x00, 0xed, 0xff,
    0x09, 0x00, 0xe4, 0xff, 0x09, 0x00, 0xe1, 0xfc, 0x09, 0x00, 0xe1, 0xfc, 0x09, 0x00, 0xe1, 0xfe,
    0x09, 0x00, 0xe2, 0xff, 0x09, 0x00, 0xe2, 0xff, 0x09, 0x00, 0xe2, 0xff, 0x09, 0x00, 0xe2, 0xff,
    0x09, 0x00, 0xe2, 0xff, 0x09, 0x00, 0xe2, 0xff, 0x09, 0x00, 0xe2, 0xff, 0x09, 0x00, 0xe2, 0xff,
    0x09, 0x00, 0xe2, 0xff, 0x0b, 0x02, 0xe2, 0xff, 0x0b, 0x03, 0xe2, 0xff, 0x0c, 0x03, 0xe2, 0xff,
    0x0c, 0x03, 0xe2, 0xff, 0x0c, 0x03, 0xe2, 0xff, 0x0c, 0x03, 0xe2, 0xff, 0x0c, 0x03, 0xe2, 0xff,
    0x0c, 0x03, 0xe2, 0xff, 0x0c, 0x03, 0xe2, 0xff, 0x0c, 0x03, 0xe2, 0xff, 0x0c, 0x03, 0xe2, 0xff,
    0x0c, 0x03, 0xe2, 0xff, 0x0c, 0x03, 0xe2, 0xff, 0x0c, 0x03, 0xe2, 0xff, 0x0c, 0x03, 0xe2, 0xff,
    0x0c, 0x03, 0xe2, 0xff, 0x0c, 0x03, 0xe2, 0xff, 0x0c, 0x03, 0xe2, 0xff, 0x0c, 0x03, 0xe2, 0xff,
    0x0c, 0x03, 0xe2, 0xff, 0x0c, 0x03, 0xe2, 0xff, 0x0c, 0x03, 0xe2, 0xff, 0x0c, 0x03, 0xe2, 0xff,
    0x0c, 0x03, 0xe2, 0xff, 0x0c, 0x03, 0xe2, 0xff, 0x0c, 0x03, 0xe2, 0xff, 0x0c, 0x03, 0xe2, 0xff,
    0x0c, 0x03, 0xe2, 0xff, 0x0c, 0x03, 0xe2, 0xff, 0x0c, 0x03, 0xe2, 0xff, 0x0c, 0x03, 0xe2, 0xff,
    0x0c, 0x03, 0xe2, 0xff, 0x0c, 0x03, 0xe2, 0xff, 0x0c, 0x03, 0xe2, 0xff, 0x0c, 0x03, 0xe2, 0xff,
    0x0c, 0x03, 0xe2, 0xff, 0x0c, 0x03, 0xe2, 0xff, 0x0b, 0x03, 0xe2, 0xff, 0x0c, 0x03, 0xe2, 0xff,
    0x0a, 0x01, 0xe2, 0xff, 0x09, 0x00, 0xe2, 0xff, 0x09, 0x00, 0xe2, 0xff, 0x09, 0x00, 0xe2, 0xff,
    0x09, 0x00, 0xe2, 0xff, 0x09, 0x00, 0xe2, 0xff, 0x09, 0x00, 0xe2, 0xff, 0x09, 0x00, 0xe2, 0xff,
    0x09, 0x00, 0xe2, 0xff, 0x09, 0x00, 0xe2, 0xff, 0x09, 0x00, 0xe2, 0xff, 0x09, 0x00, 0xe2, 0xff,
    0x09, 0x00, 0xe2, 0xff, 0x09, 0x00, 0xe2, 0xff, 0x09, 0x00, 0xe2, 0xff, 0x09, 0x00, 0xe2, 0xff,
    0x09, 0x00, 0xe2, 0xff, 0x09, 0x00, 0xe2, 0xff, 0x09, 0x00, 0xe2, 0xff, 0x09, 0x00, 0xe2, 0xff,
    0x09, 0x00, 0xe2, 0xff, 0x09, 0x00, 0xe2, 0xff, 0x09, 0x00, 0xe2, 0xff, 0x09, 0x00, 0xe2, 0xff,
    0x09, 0x00, 0xe2, 0xff, 0x09, 0x00, 0xe2, 0xff, 0x09, 0x00, 0xe2, 0xff, 0x09, 0x00, 0xe2, 0xff,
    0x09, 0x00, 0xe2, 0xff, 0x09, 0x00, 0xe2, 0xff, 0x09, 0x00, 0xe2, 0xff, 0x09, 0x00, 0xe2, 0xff,
    0x09, 0x00, 0xe2, 0xff, 0x09, 0x00, 0xe2, 0xff, 0x09, 0x00, 0xe2, 0xff, 0x09, 0x00, 0xe2, 0xff,
    0x09, 0x00, 0xe2, 0xff, 0x09, 0x00, 0xe2, 0xff, 0x09, 0x00, 0xe2, 0xff, 0x09, 0x00, 0xe2, 0xff,
    0x09, 0x00, 0xe2, 0xff, 0x09, 0x00, 0xe2, 0xff, 0x09, 0x00, 0xe2, 0xff, 0x09, 0x00, 0xe2, 0xff,
    0x09, 0x00, 0xe2, 0xff, 0x09, 0x00, 0xe2, 0xff, 0x09, 0x00, 0xe2, 0xff, 0x09, 0x00, 0xe2, 0xff,
    0x09, 0x00, 0xe2, 0xff, 0x09, 0x00, 0xe2, 0xff, 0x09, 0x00, 0xe2, 0xff, 0x09, 0x00, 0xe2, 0xff,
    0x09, 0x00, 0xe2, 0xff, 0x09, 0x00, 0xe2, 0xff, 0x09, 0x00, 0xe2, 0xff, 0x09, 0x00, 0xe2, 0xff,
    0x09, 0x00, 0xe2, 0xff, 0x09, 0x00, 0xe2, 0xff, 0x09, 0x00, 0xe2, 0xff, 0x09, 0x00, 0xe2, 0xff,
    0x09, 0x00, 0xe2, 0xff, 0x09, 0x00, 0xe2, 0xff, 0x09, 0x00, 0xe2, 0xff, 0x09, 0x00, 0xe2, 0xff,
    0x09, 0x00, 0xe2, 0xff, 0x09, 0x00, 0xe2, 0xff, 0x09, 0x00, 0xe2, 0xff, 0x09, 0x00, 0xe2, 0xff,
    0x09, 0x00, 0xe2, 0xff, 0x09, 0x00, 0xe2, 0xff, 0x09, 0x00, 0xe2, 0xff, 0x09, 0x00, 0xe2, 0xff,
    0x09, 0x00, 0xe2, 0xff, 0x09, 0x00, 0xe2, 0xff, 0x09, 0x00, 0xe2, 0xff, 0x09, 0x00, 0xe2, 0xff,
    0x09, 0x00, 0xe2, 0xff, 0x09, 0x00, 0xe2, 0xff, 0x09, 0x00, 0xe2, 0xff, 0x09, 0x00, 0xe2, 0xff,
    0x09, 0x00, 0xe2, 0xff, 0x09, 0x00, 0xe2, 0xff, 0x09, 0x00, 0xe2, 0xff, 0x09, 0x00, 0xe2, 0xff,
    0x09, 0x00, 0xe2, 0xff, 0x09, 0x00, 0xe2, 0xff, 0x09, 0x00, 0xe2, 0xff, 0x09, 0x00, 0xe2, 0xff,
    0x09, 0x00, 0xe2, 0xff, 0x09, 0x00, 0xe2, 0xff, 0x09, 0x00, 0xe2, 0xff, 0x09, 0x00, 0xe2, 0xff,
    0x09, 0x00, 0xe2, 0xff, 0x09, 0x00, 0xe2, 0xff, 0x09, 0x00, 0xe2, 0xff, 0x09, 0x00, 0xe2, 0xff,
    0x09, 0x00, 0xe2, 0xff, 0x09, 0x00, 0xe2, 0xff, 0x09, 0x00, 0xe2, 0xff, 0x09, 0x00, 0xe2, 0xff,
    0x09, 0x00, 0xe2, 0xff, 0x09, 0x00, 0xe2, 0xff, 0x09, 0x00, 0xe2, 0xff, 0x09, 0x00, 0xe2, 0xff,
    0x09, 0x00, 0xe2, 0xff, 0x09, 0x00, 0xe2, 0xff, 0x09, 0x00, 0xe2, 0xff, 0x09, 0x00, 0xe2, 0xff,
    0x09, 0x00, 0xe2, 0xff, 0x09, 0x00, 0xe2, 0xff, 0x09, 0x00, 0xe2, 0xff, 0x09, 0x00, 0xe2, 0xff,
    0x09, 0x00, 0xe2, 0xff, 0x09, 0x00, 0xe2, 0xff, 0x09, 0x00, 0xe2, 0xff, 0x09, 0x00, 0xe2, 0xff,
    0x09, 0x00, 0xe2, 0xff, 0x09, 0x00, 0xe2, 0xff, 0x09, 0x00, 0xe2, 0xff, 0x09, 0x00, 0xe2, 0xff,
    0x09, 0x00, 0xe2, 0xff, 0x09, 0x00, 0xe2, 0xff, 0x09, 0x00, 0xe2, 0xff, 0x09, 0x00, 0xe2, 0xff,
    0x09, 0x00, 0xe2, 0xff, 0x09, 0x00, 0xe2, 0xff, 0x09, 0x00, 0xe2, 0xff, 0x09, 0x00, 0xe2, 0xff,
    0x09, 0x00, 0xe2, 0xff, 0x09, 0x00, 0xe2, 0xff, 0x09, 0x00, 0xe2, 0xff, 0x09, 0x00, 0xe2, 0xff,
    0x09, 0x00, 0xe2, 0xff, 0x09, 0x00, 0xe2, 0xff, 0x09, 0x00, 0xe2, 0xff, 0x09, 0x00, 0xe2, 0xff,
    0x09, 0x00, 0xe2, 0xff, 0x09, 0x00, 0xe2, 0xff, 0x09, 0x00, 0xe2, 0xff, 0x09, 0x00, 0xe2, 0xff,
    0x09, 0x00, 0xe2, 0xff, 0x09, 0x00, 0xe2, 0xff, 0x09, 0x00, 0xe2, 0xff, 0x09, 0x00, 0xe2, 0xff,
    0x09, 0x00, 0xe2, 0xff, 0x09, 0x00, 0xe2, 0xff, 0x09, 0x00, 0xe2, 0xff, 0x09, 0x00, 0xe2, 0xff,
    0x09, 0x00, 0xe2, 0xff, 0x09, 0x00, 0xe2, 0xff, 0x09, 0x00, 0xe2, 0xff, 0x09, 0x00, 0xe2, 0xff,
    0x09, 0x00, 0xe2, 0xff, 0x09, 0x00, 0xe2, 0xff, 0x09, 0x00, 0xe2, 0xff, 0x09, 0x00, 0xe2, 0xff,
    0x09, 0x00, 0xe2, 0xff, 0x09, 0x00, 0xe2, 0xff, 0x09, 0x00, 0xe2, 0xff, 0x09, 0x00, 0xe2, 0xff,
    0x09, 0x00, 0xe2, 0xff, 0x09, 0x00, 0xe2, 0xff, 0x09, 0x00, 0xe2, 0xff, 0x09, 0x00, 0xe2, 0xff,
    0x09, 0x00, 0xe2, 0xff, 0x09, 0x00, 0xe2, 0xff, 0x09, 0x00, 0xe2, 0xff, 0x09, 0x00, 0xe2, 0xff,
    0x09, 0x00, 0xe2, 0xff, 0x09, 0x00, 0xe2, 0xff, 0x09, 0x00, 0xe2, 0xff, 0x09, 0x00, 0xe2, 0xff,
    0x09, 0x00, 0xe2, 0xff, 0x09, 0x00, 0xe2, 0xff, 0x09, 0x00, 0xe2, 0xff, 0x09, 0x00, 0xe2, 0xff,
    0x09, 0x00, 0xe2, 0xff, 0x09, 0x00, 0xe2, 0xff, 0x09, 0x00, 0xe2, 0xff, 0x09, 0x00, 0xe2, 0xff,
    0x09, 0x00, 0xe2, 0xff, 0x09, 0x00, 0xe2, 0xff, 0x09, 0x00, 0xe2, 0xff, 0x09, 0x00, 0xe2, 0xff,
    0x09, 0x00, 0xe1, 0xfe, 0x09, 0x00, 0xe1, 0xfc, 0x09, 0x00, 0xe1, 0xfc, 0x09, 0x00, 0xe4, 0xff,
    0x09, 0x00, 0xed, 0xff, 0x0a, 0x00, 0xf1, 0xff, 0x09, 0x00, 0xe2, 0xf9, 0x09, 0x00, 0xe4, 0xbe,
    0x09, 0x00, 0xe5, 0x6d, 0x07, 0x00, 0xe1, 0x22, 0x00, 0x00, 0x00, 0x00, 0x00, 0x00, 0x00, 0x00,
    0x00, 0x00, 0x00, 0x00, 0x00, 0x00, 0xff, 0x03, 0x00, 0x00, 0xaa, 0x03, 0x00, 0x00, 0x00, 0x00,
    0x00, 0x00, 0x00, 0x00, 0x00, 0x00, 0x00, 0x00, 0x00, 0x00, 0x00, 0x00, 0x00, 0x00, 0x00, 0x00,
    0x00, 0x00, 0x00, 0x00, 0x00, 0x00, 0x00, 0x00, 0x00, 0x00, 0x00, 0x00, 0x00, 0x00, 0x00, 0x00,
    0x00, 0x00, 0x00, 0x00, 0x00, 0x00, 0x00, 0x00, 0x00, 0x00, 0x00, 0x00, 0x00, 0x00, 0x00, 0x00,
    0x00, 0x00, 0x00, 0x00, 0x00, 0x00, 0x00, 0x00, 0x00, 0x00, 0x00, 0x00, 0x00, 0x00, 0x00, 0x00,
    0x00, 0x00, 0x00, 0x00, 0x00, 0x00, 0x00, 0x00, 0x00, 0x00, 0x00, 0x00, 0x00, 0x00, 0x00, 0x00,
    0x00, 0x00, 0x00, 0x00, 0x00, 0x00, 0x00, 0x00, 0x00, 0x00, 0x00, 0x00, 0x00, 0x00, 0x00, 0x00,
    0x00, 0x00, 0x00, 0x00, 0x00, 0x00, 0x00, 0x00, 0x00, 0x00, 0x00, 0x00, 0x00, 0x00, 0x00, 0x00,
    0x00, 0x00, 0x00, 0x00, 0x00, 0x00, 0x00, 0x00, 0x00, 0x00, 0x00, 0x00, 0x00, 0x00, 0x00, 0x00,
    0x00, 0x00, 0x00, 0x00, 0x00, 0x00, 0x00, 0x00, 0x00, 0x00, 0x00, 0x00, 0x00, 0x00, 0x00, 0x00,
    0x00, 0x00, 0x00, 0x00, 0x00, 0x00, 0x00, 0x00, 0x00, 0x00, 0x00, 0x00, 0x00, 0x00, 0x00, 0x00,
    0x00, 0x00, 0x00, 0x00, 0x00, 0x00, 0x00, 0x00, 0x00, 0x00, 0x00, 0x00, 0x00, 0x00, 0x00, 0x00,
    0x00, 0x00, 0x00, 0x00, 0x00, 0x00, 0x00, 0x00, 0x00, 0x00, 0x00, 0x00, 0x00, 0x00, 0x00, 0x00,
    0x00, 0x00, 0x00, 0x00, 0x00, 0x00, 0x00, 0x00, 0x00, 0x00, 0x00, 0x00, 0x00, 0x00, 0x00, 0x00,
    0x00, 0x00, 0x00, 0x00, 0x00, 0x00, 0x00, 0x00, 0x00, 0x00, 0xff, 0x01, 0x00, 0x00, 0xff, 0x03,
    0x00, 0x00, 0x00, 0x00, 0x00, 0x00, 0x00, 0x00, 0x00, 0x00, 0x00, 0x00, 0x0d, 0x00, 0xe4, 0x13,
    0x08, 0x00, 0xe3, 0x5d, 0x08, 0x00, 0xe5, 0xb3, 0x09, 0x00, 0xe3, 0xf4, 0x0a, 0x00, 0xf0, 0xff,
    0x09, 0x00, 0xed, 0xff, 0x09, 0x00, 0xe4, 0xff, 0x09, 0x00, 0xe1, 0xfc, 0x09, 0x00, 0xe1, 0xfc,
    0x09, 0x00, 0xe1, 0xfe, 0x09, 0x00, 0xe2, 0xff, 0x09, 0x00, 0xe2, 0xff, 0x09, 0x00, 0xe2, 0xff,
    0x09, 0x00, 0xe2, 0xff, 0x09, 0x00, 0xe2, 0xff, 0x09, 0x00, 0xe2, 0xff, 0x09, 0x00, 0xe2, 0xff,
    0x09, 0x00, 0xe2, 0xff, 0x09, 0x00, 0xe2, 0xff, 0x09, 0x00, 0xe2, 0xff, 0x0c, 0x03, 0xe2, 0xff,
    0x0a, 0x01, 0xe2, 0xff, 0x03, 0x00, 0xe1, 0xff, 0x00, 0x00, 0xe1, 0xff, 0x00, 0x00, 0xe1, 0xff,
    0x00, 0x00, 0xe1, 0xff, 0x00, 0x00, 0xe1, 0xff, 0x00, 0x00, 0xe1, 0xff, 0x00, 0x00, 0xe1, 0xff,
    0x00, 0x00, 0xe1, 0xff, 0x00, 0x00, 0xe1, 0xff, 0x00, 0x00, 0xe1, 0xff, 0x00, 0x00, 0xe1, 0xff,
    0x00, 0x00, 0xe1, 0xff, 0x00, 0x00, 0xe1, 0xff, 0x00, 0x00, 0xe1, 0xff, 0x00, 0x00, 0xe1, 0xff,
    0x00, 0x00, 0xe1, 0xff, 0x00, 0x00, 0xe1, 0xff, 0x00, 0x00, 0xe1, 0xff, 0x00, 0x00, 0xe1, 0xff,
    0x00, 0x00, 0xe1, 0xff, 0x00, 0x00, 0xe1, 0xff, 0x00, 0x00, 0xe1, 0xff, 0x00, 0x00, 0xe1, 0xff,
    0x00, 0x00, 0xe1, 0xff, 0x00, 0x00, 0xe1, 0xff, 0x00, 0x00, 0xe1, 0xff, 0x00, 0x00, 0xe1, 0xff,
    0x00, 0x00, 0xe1, 0xff, 0x00, 0x00, 0xe1, 0xff, 0x00, 0x00, 0xe1, 0xff, 0x00, 0x00, 0xe1, 0xff,
    0x00, 0x00, 0xe1, 0xff, 0x00, 0x00, 0xe1, 0xff, 0x00, 0x00, 0xe1, 0xff, 0x00, 0x00, 0xe1, 0xff,
    0x00, 0x00, 0xe1, 0xff, 0x00, 0x00, 0xe1, 0xff, 0x00, 0x00, 0xe1, 0xff, 0x00, 0x00, 0xe1, 0xff,
    0x03, 0x00, 0xe1, 0xff, 0x0a, 0x00, 0xe2, 0xff, 0x09, 0x00, 0xe2, 0xff, 0x09, 0x00, 0xe2, 0xff,
    0x09, 0x00, 0xe2, 0xff, 0x09, 0x00, 0xe2, 0xff, 0x09, 0x00, 0xe2, 0xff, 0x09, 0x00, 0xe2, 0xff,
    0x09, 0x00, 0xe2, 0xff, 0x09, 0x00, 0xe2, 0xff, 0x09, 0x00, 0xe2, 0xff, 0x09, 0x00, 0xe2, 0xff,
    0x09, 0x00, 0xe2, 0xff, 0x09, 0x00, 0xe2, 0xff, 0x09, 0x00, 0xe2, 0xff, 0x09, 0x00, 0xe2, 0xff,
    0x09, 0x00, 0xe2, 0xff, 0x09, 0x00, 0xe2, 0xff, 0x09, 0x00, 0xe2, 0xff, 0x09, 0x00, 0xe2, 0xff,
    0x09, 0x00, 0xe2, 0xff, 0x09, 0x00, 0xe2, 0xff, 0x09, 0x00, 0xe2, 0xff, 0x09, 0x00, 0xe2, 0xff,
    0x09, 0x00, 0xe2, 0xff, 0x09, 0x00, 0xe2, 0xff, 0x09, 0x00, 0xe2, 0xff, 0x09, 0x00, 0xe2, 0xff,
    0x09, 0x00, 0xe2, 0xff, 0x09, 0x00, 0xe2, 0xff, 0x09, 0x00, 0xe2, 0xff, 0x09, 0x00, 0xe2, 0xff,
    0x09, 0x00, 0xe2, 0xff, 0x09, 0x00, 0xe2, 0xff, 0x09, 0x00, 0xe2, 0xff, 0x09, 0x00, 0xe2, 0xff,
    0x09, 0x00, 0xe2, 0xff, 0x09, 0x00, 0xe2, 0xff, 0x09, 0x00, 0xe2, 0xff, 0x09, 0x00, 0xe2, 0xff,
    0x09, 0x00, 0xe2, 0xff, 0x09, 0x00, 0xe2, 0xff, 0x09, 0x00, 0xe2, 0xff, 0x09, 0x00, 0xe2, 0xff,
    0x09, 0x00, 0xe2, 0xff, 0x09, 0x00, 0xe2, 0xff, 0x09, 0x00, 0xe2, 0xff, 0x09, 0x00, 0xe2, 0xff,
    0x09, 0x00, 0xe2, 0xff, 0x09, 0x00, 0xe2, 0xff, 0x09, 0x00, 0xe2, 0xff, 0x09, 0x00, 0xe2, 0xff,
    0x09, 0x00, 0xe2, 0xff, 0x09, 0x00, 0xe2, 0xff, 0x09, 0x00, 0xe2, 0xff, 0x09, 0x00, 0xe2, 0xff,
    0x09, 0x00, 0xe2, 0xff, 0x09, 0x00, 0xe2, 0xff, 0x09, 0x00, 0xe2, 0xff, 0x09, 0x00, 0xe2, 0xff,
    0x09, 0x00, 0xe2, 0xff, 0x09, 0x00, 0xe2, 0xff, 0x09, 0x00, 0xe2, 0xff, 0x09, 0x00, 0xe2, 0xff,
    0x09, 0x00, 0xe2, 0xff, 0x09, 0x00, 0xe2, 0xff, 0x09, 0x00, 0xe2, 0xff, 0x09, 0x00, 0xe2, 0xff,
    0x09, 0x00, 0xe2, 0xff, 0x09, 0x00, 0xe2, 0xff, 0x09, 0x00, 0xe2, 0xff, 0x09, 0x00, 0xe2, 0xff,
    0x09, 0x00, 0xe2, 0xff, 0x09, 0x00, 0xe2, 0xff, 0x09, 0x00, 0xe2, 0xff, 0x09, 0x00, 0xe2, 0xff,
    0x09, 0x00, 0xe2, 0xff, 0x09, 0x00, 0xe2, 0xff, 0x09, 0x00, 0xe2, 0xff, 0x09, 0x00, 0xe2, 0xff,
    0x09, 0x00, 0xe2, 0xff, 0x09, 0x00, 0xe2, 0xff, 0x09, 0x00, 0xe2, 0xff, 0x09, 0x00, 0xe2, 0xff,
    0x09, 0x00, 0xe2, 0xff, 0x09, 0x00, 0xe2, 0xff, 0x09, 0x00, 0xe2, 0xff, 0x09, 0x00, 0xe2, 0xff,
    0x09, 0x00, 0xe2, 0xff, 0x09, 0x00, 0xe2, 0xff, 0x09, 0x00, 0xe2, 0xff, 0x09, 0x00, 0xe2, 0xff,
    0x09, 0x00, 0xe2, 0xff, 0x09, 0x00, 0xe2, 0xff, 0x09, 0x00, 0xe2, 0xff, 0x09, 0x00, 0xe2, 0xff,
    0x09, 0x00, 0xe2, 0xff, 0x09, 0x00, 0xe2, 0xff, 0x09, 0x00, 0xe2, 0xff, 0x09, 0x00, 0xe2, 0xff,
    0x09, 0x00, 0xe2, 0xff, 0x09, 0x00, 0xe2, 0xff, 0x09, 0x00, 0xe2, 0xff, 0x09, 0x00, 0xe2, 0xff,
    0x09, 0x00, 0xe2, 0xff, 0x09, 0x00, 0xe2, 0xff, 0x09, 0x00, 0xe2, 0xff, 0x09, 0x00, 0xe2, 0xff,
    0x09, 0x00, 0xe2, 0xff, 0x09, 0x00, 0xe2, 0xff, 0x09, 0x00, 0xe2, 0xff, 0x09, 0x00, 0xe2, 0xff,
    0x09, 0x00, 0xe2, 0xff, 0x09, 0x00, 0xe2, 0xff, 0x09, 0x00, 0xe2, 0xff, 0x09, 0x00, 0xe2, 0xff,
    0x09, 0x00, 0xe2, 0xff, 0x09, 0x00, 0xe2, 0xff, 0x09, 0x00, 0xe2, 0xff, 0x09, 0x00, 0xe2, 0xff,
    0x09, 0x00, 0xe2, 0xff, 0x09, 0x00, 0xe2, 0xff, 0x09, 0x00, 0xe2, 0xff, 0x09, 0x00, 0xe2, 0xff,
    0x09, 0x00, 0xe2, 0xff, 0x09, 0x00, 0xe2, 0xff, 0x09, 0x00, 0xe2, 0xff, 0x09, 0x00, 0xe2, 0xff,
    0x09, 0x00, 0xe2, 0xff, 0x09, 0x00, 0xe2, 0xff, 0x09, 0x00, 0xe2, 0xff, 0x09, 0x00, 0xe2, 0xff,
    0x09, 0x00, 0xe2, 0xff, 0x09, 0x00, 0xe2, 0xff, 0x09, 0x00, 0xe2, 0xff, 0x09, 0x00, 0xe2, 0xff,
    0x09, 0x00, 0xe2, 0xff, 0x09, 0x00, 0xe2, 0xff, 0x09, 0x00, 0xe2, 0xff, 0x09, 0x00, 0xe2, 0xff,
    0x09, 0x00, 0xe2, 0xff, 0x09, 0x00, 0xe2, 0xff, 0x09, 0x00, 0xe2, 0xff, 0x09, 0x00, 0xe2, 0xff,
    0x09, 0x00, 0xe2, 0xff, 0x09, 0x00, 0xe2, 0xff, 0x09, 0x00, 0xe2, 0xff, 0x09, 0x00, 0xe2, 0xff,
    0x09, 0x00, 0xe2, 0xff, 0x09, 0x00, 0xe2, 0xff, 0x09, 0x00, 0xe2, 0xff, 0x09, 0x00, 0xe2, 0xff,
    0x09, 0x00, 0xe2, 0xff, 0x09, 0x00, 0xe2, 0xff, 0x09, 0x00, 0xe2, 0xff, 0x09, 0x00, 0xe2, 0xff,
    0x09, 0x00, 0xe2, 0xff, 0x09, 0x00, 0xe2, 0xff, 0x09, 0x00, 0xe2, 0xff, 0x09, 0x00, 0xe2, 0xff,
    0x09, 0x00, 0xe2, 0xff, 0x09, 0x00, 0xe2, 0xff, 0x09, 0x00, 0xe2, 0xff, 0x09, 0x00, 0xe2, 0xff,
    0x09, 0x00, 0xe2, 0xff, 0x09, 0x00, 0xe2, 0xff, 0x09, 0x00, 0xe2, 0xff, 0x09, 0x00, 0xe2, 0xff,
    0x09, 0x00, 0xe2, 0xff, 0x09, 0x00, 0xe2, 0xff, 0x09, 0x00, 0xe2, 0xff, 0x09, 0x00, 0xe2, 0xff,
    0x09, 0x00, 0xe2, 0xff, 0x09, 0x00, 0xe2, 0xff, 0x09, 0x00, 0xe2, 0xff, 0x09, 0x00, 0xe2, 0xff,
    0x09, 0x00, 0xe2, 0xff, 0x09, 0x00, 0xe2, 0xff, 0x09, 0x00, 0xe2, 0xff, 0x09, 0x00, 0xe2, 0xff,
    0x09, 0x00, 0xe2, 0xff, 0x09, 0x00, 0xe2, 0xff, 0x09, 0x00, 0xe2, 0xff, 0x09, 0x00, 0xe2, 0xff,
    0x09, 0x00, 0xe2, 0xff, 0x09, 0x00, 0xe2, 0xff, 0x09, 0x00, 0xe2, 0xff, 0x09, 0x00, 0xe1, 0xfe,
    0x09, 0x00, 0xe1, 0xfc, 0x09, 0x00, 0xe1, 0xfc, 0x09, 0x00, 0xe3, 0xff, 0x09, 0x00, 0xed, 0xff,
    0x0a, 0x00, 0xf0, 0xff, 0x09, 0x00, 0xe3, 0xf5, 0x08, 0x00, 0xe5, 0xb4, 0x08, 0x00, 0xe3, 0x5e,
    0x0c, 0x00, 0xe5, 0x14, 0x00, 0x00, 0x00, 0x00, 0x00, 0x00, 0x00, 0x00, 0x00, 0x00, 0x00, 0x00,
    0x00, 0x00, 0xbf, 0x04, 0x00, 0x00, 0xff, 0x01, 0x00, 0x00, 0x00, 0x00, 0x00, 0x00, 0x00, 0x00,
    0x00, 0x00, 0x00, 0x00, 0x00, 0x00, 0x00, 0x00, 0x00, 0x00, 0x00, 0x00, 0x00, 0x00, 0x00, 0x00,
    0x00, 0x00, 0x00, 0x00, 0x00, 0x00, 0x00, 0x00, 0x00, 0x00, 0x00, 0x00, 0x00, 0x00, 0x00, 0x00,
    0x00, 0x00, 0x00, 0x00, 0x00, 0x00, 0x00, 0x00, 0x00, 0x00, 0x00, 0x00, 0x00, 0x00, 0x00, 0x00,
    0x00, 0x00, 0x00, 0x00, 0x00, 0x00, 0x00, 0x00, 0x00, 0x00, 0x00, 0x00, 0x00, 0x00, 0x00, 0x00,
    0x00, 0x00, 0x00, 0x00, 0x00, 0x00, 0x00, 0x00, 0x00, 0x00, 0x00, 0x00, 0x00, 0x00, 0x00, 0x00,
    0x00, 0x00, 0x00, 0x00, 0x00, 0x00, 0x00, 0x00, 0x00, 0x00, 0x00, 0x00, 0x00, 0x00, 0x00, 0x00,
    0x00, 0x00, 0x00, 0x00, 0x00, 0x00, 0x00, 0x00, 0x00, 0x00, 0x00, 0x00, 0x00, 0x00, 0x00, 0x00,
    0x00, 0x00, 0x00, 0x00, 0x00, 0x00, 0x00, 0x00, 0x00, 0x00, 0x00, 0x00, 0x00, 0x00, 0x00, 0x00,
    0x00, 0x00, 0x00, 0x00, 0x00, 0x00, 0x00, 0x00, 0x00, 0x00, 0x00, 0x00, 0x00, 0x00, 0x00, 0x00,
    0x00, 0x00, 0x00, 0x00, 0x00, 0x00, 0x00, 0x00, 0x00, 0x00, 0x00, 0x00, 0x00, 0x00, 0x00, 0x00,
    0x00, 0x00, 0x00, 0x00, 0x00, 0x00, 0x00, 0x00, 0x00, 0x00, 0x00, 0x00, 0x00, 0x00, 0x00, 0x00,
    0x00, 0x00, 0x00, 0x00, 0x00, 0x00, 0x00, 0x00, 0x00, 0x00, 0x00, 0x00, 0x00, 0x00, 0x00, 0x00,
    0x00, 0x00, 0xff, 0x02, 0x00, 0x00, 0xff, 0x03, 0x00, 0x00, 0x00, 0x00, 0x00, 0x00, 0x00, 0x00,
    0x00, 0x00, 0x00, 0x00, 0x08, 0x00, 0xe5, 0x3d, 0x08, 0x00, 0xe5, 0x98, 0x08, 0x00, 0xe5, 0xe6,
    0x09, 0x00, 0xef, 0xff, 0x09, 0x00, 0xee, 0xff, 0x09, 0x00, 0xe4, 0xff, 0x09, 0x00, 0xe1, 0xfc,
    0x09, 0x00, 0xe1, 0xfc, 0x09, 0x00, 0xe1, 0xfe, 0x09, 0x00, 0xe2, 0xff, 0x09, 0x00, 0xe2, 0xff,
    0x09, 0x00, 0xe2, 0xff, 0x09, 0x00, 0xe2, 0xff, 0x09, 0x00, 0xe2, 0xff, 0x09, 0x00, 0xe2, 0xff,
    0x09, 0x00, 0xe2, 0xff, 0x09, 0x00, 0xe2, 0xff, 0x09, 0x00, 0xe2, 0xff, 0x09, 0x00, 0xe2, 0xff,
    0x09, 0x00, 0xe2, 0xff, 0x0a, 0x01, 0xe2, 0xff, 0x0a, 0x01, 0xe2, 0xff, 0x00, 0x00, 0xe0, 0xff,
    0x03, 0x00, 0xe1, 0xff, 0x25, 0x1d, 0xe5, 0xff, 0x3c, 0x35, 0xe8, 0xff, 0x3f, 0x39, 0xe8, 0xff,
    0x3f, 0x39, 0xe8, 0xff, 0x3f, 0x39, 0xe8, 0xff, 0x3f, 0x39, 0xe8, 0xff, 0x3f, 0x39, 0xe8, 0xff,
    0x3f, 0x39, 0xe8, 0xff, 0x3f, 0x39, 0xe8, 0xff, 0x3f, 0x39, 0xe8, 0xff, 0x3f, 0x39, 0xe8, 0xff,
    0x3f, 0x39, 0xe8, 0xff, 0x3f, 0x39, 0xe8, 0xff, 0x3f, 0x39, 0xe8, 0xff, 0x3f, 0x39, 0xe8, 0xff,
    0x3f, 0x39, 0xe8, 0xff, 0x3f, 0x39, 0xe8, 0xff, 0x3f, 0x39, 0xe8, 0xff, 0x3f, 0x39, 0xe8, 0xff,
    0x3f, 0x39, 0xe8, 0xff, 0x3f, 0x39, 0xe8, 0xff, 0x3f, 0x39, 0xe8, 0xff, 0x3f, 0x39, 0xe8, 0xff,
    0x3f, 0x39, 0xe8, 0xff, 0x3f, 0x39, 0xe8, 0xff, 0x3f, 0x39, 0xe8, 0xff, 0x3f, 0x39, 0xe8, 0xff,
    0x3f, 0x39, 0xe8, 0xff, 0x3f, 0x39, 0xe8, 0xff, 0x3f, 0x39, 0xe8, 0xff, 0x3f, 0x39, 0xe8, 0xff,
    0x3f, 0x39, 0xe8, 0xff, 0x3f, 0x39, 0xe8, 0xff, 0x3f, 0x39, 0xe8, 0xff, 0x3f, 0x39, 0xe8, 0xff,
    0x3f, 0x39, 0xe8, 0xff, 0x3f, 0x39, 0xe8, 0xff, 0x3e, 0x37, 0xe8, 0xff, 0x42, 0x3c, 0xe9, 0xff,
    0x28, 0x20, 0xe6, 0xff, 0x07, 0x00, 0xe1, 0xff, 0x0a, 0x01, 0xe2, 0xff, 0x09, 0x00, 0xe2, 0xff,
    0x09, 0x00, 0xe2, 0xff, 0x09, 0x00, 0xe2, 0xff, 0x09, 0x00, 0xe2, 0xff, 0x09, 0x00, 0xe2, 0xff,
    0x09, 0x00, 0xe2, 0xff, 0x09, 0x00, 0xe2, 0xff, 0x09, 0x00, 0xe2, 0xff, 0x09, 0x00, 0xe2, 0xff,
    0x09, 0x00, 0xe2, 0xff, 0x09, 0x00, 0xe2, 0xff, 0x09, 0x00, 0xe2, 0xff, 0x09, 0x00, 0xe2, 0xff,
    0x09, 0x00, 0xe2, 0xff, 0x09, 0x00, 0xe2, 0xff, 0x09, 0x00, 0xe2, 0xff, 0x09, 0x00, 0xe2, 0xff,
    0x09, 0x00, 0xe2, 0xff, 0x09, 0x00, 0xe2, 0xff, 0x09, 0x00, 0xe2, 0xff, 0x09, 0x00, 0xe2, 0xff,
    0x09, 0x00, 0xe2, 0xff, 0x09, 0x00, 0xe2, 0xff, 0x09, 0x00, 0xe2, 0xff, 0x09, 0x00, 0xe2, 0xff,
    0x09, 0x00, 0xe2, 0xff, 0x09, 0x00, 0xe2, 0xff, 0x09, 0x00, 0xe2, 0xff, 0x09, 0x00, 0xe2, 0xff,
    0x09, 0x00, 0xe2, 0xff, 0x09, 0x00, 0xe2, 0xff, 0x09, 0x00, 0xe2, 0xff, 0x09, 0x00, 0xe2, 0xff,
    0x09, 0x00, 0xe2, 0xff, 0x09, 0x00, 0xe2, 0xff, 0x09, 0x00, 0xe2, 0xff, 0x09, 0x00, 0xe2, 0xff,
    0x09, 0x00, 0xe2, 0xff, 0x09, 0x00, 0xe2, 0xff, 0x09, 0x00, 0xe2, 0xff, 0x09, 0x00, 0xe2, 0xff,
    0x09, 0x00, 0xe2, 0xff, 0x09, 0x00, 0xe2, 0xff, 0x09, 0x00, 0xe2, 0xff, 0x09, 0x00, 0xe2, 0xff,
    0x09, 0x00, 0xe2, 0xff, 0x09, 0x00, 0xe2, 0xff, 0x09, 0x00, 0xe2, 0xff, 0x09, 0x00, 0xe2, 0xff,
    0x09, 0x00, 0xe2, 0xff, 0x09, 0x00, 0xe2, 0xff, 0x09, 0x00, 0xe2, 0xff, 0x09, 0x00, 0xe2, 0xff,
    0x09, 0x00, 0xe2, 0xff, 0x09, 0x00, 0xe2, 0xff, 0x09, 0x00, 0xe2, 0xff, 0x09, 0x00, 0xe2, 0xff,
    0x09, 0x00, 0xe2, 0xff, 0x09, 0x00, 0xe2, 0xff, 0x09, 0x00, 0xe2, 0xff, 0x09, 0x00, 0xe2, 0xff,
    0x09, 0x00, 0xe2, 0xff, 0x09, 0x00, 0xe2, 0xff, 0x09, 0x00, 0xe2, 0xff, 0x09, 0x00, 0xe2, 0xff,
    0x09, 0x00, 0xe2, 0xff, 0x09, 0x00, 0xe2, 0xff, 0x09, 0x00, 0xe2, 0xff, 0x09, 0x00, 0xe2, 0xff,
    0x09, 0x00, 0xe2, 0xff, 0x09, 0x00, 0xe2, 0xff, 0x09, 0x00, 0xe2, 0xff, 0x09, 0x00, 0xe2, 0xff,
    0x09, 0x00, 0xe2, 0xff, 0x09, 0x00, 0xe2, 0xff, 0x09, 0x00, 0xe2, 0xff, 0x09, 0x00, 0xe2, 0xff,
    0x09, 0x00, 0xe2, 0xff, 0x09, 0x00, 0xe2, 0xff, 0x09, 0x00, 0xe2, 0xff, 0x09, 0x00, 0xe2, 0xff,
    0x09, 0x00, 0xe2, 0xff, 0x09, 0x00, 0xe2, 0xff, 0x09, 0x00, 0xe2, 0xff, 0x09, 0x00, 0xe2, 0xff,
    0x09, 0x00, 0xe2, 0xff, 0x09, 0x00, 0xe2, 0xff, 0x09, 0x00, 0xe2, 0xff, 0x09, 0x00, 0xe2, 0xff,
    0x09, 0x00, 0xe2, 0xff, 0x09, 0x00, 0xe2, 0xff, 0x09, 0x00, 0xe2, 0xff, 0x09, 0x00, 0xe2, 0xff,
    0x09, 0x00, 0xe2, 0xff, 0x09, 0x00, 0xe2, 0xff, 0x09, 0x00, 0xe2, 0xff, 0x09, 0x00, 0xe2, 0xff,
    0x09, 0x00, 0xe2, 0xff, 0x09, 0x00, 0xe2, 0xff, 0x09, 0x00, 0xe2, 0xff, 0x09, 0x00, 0xe2, 0xff,
    0x09, 0x00, 0xe2, 0xff, 0x09, 0x00, 0xe2, 0xff, 0x09, 0x00, 0xe2, 0xff, 0x09, 0x00, 0xe2, 0xff,
    0x09, 0x00, 0xe2, 0xff, 0x09, 0x00, 0xe2, 0xff, 0x09, 0x00, 0xe2, 0xff, 0x09, 0x00, 0xe2, 0xff,
    0x09, 0x00, 0xe2, 0xff, 0x09, 0x00, 0xe2, 0xff, 0x09, 0x00, 0xe2, 0xff, 0x09, 0x00, 0xe2, 0xff,
    0x09, 0x00, 0xe2, 0xff, 0x09, 0x00, 0xe2, 0xff, 0x09, 0x00, 0xe2, 0xff, 0x09, 0x00, 0xe2, 0xff,
    0x09, 0x00, 0xe2, 0xff, 0x09, 0x00, 0xe2, 0xff, 0x09, 0x00, 0xe2, 0xff, 0x09, 0x00, 0xe2, 0xff,
    0x09, 0x00, 0xe2, 0xff, 0x09, 0x00, 0xe2, 0xff, 0x09, 0x00, 0xe2, 0xff, 0x09, 0x00, 0xe2, 0xff,
    0x09, 0x00, 0xe2, 0xff, 0x09, 0x00, 0xe2, 0xff, 0x09, 0x00, 0xe2, 0xff, 0x09, 0x00, 0xe2, 0xff,
    0x09, 0x00, 0xe2, 0xff, 0x09, 0x00, 0xe2, 0xff, 0x09, 0x00, 0xe2, 0xff, 0x09, 0x00, 0xe2, 0xff,
    0x09, 0x00, 0xe2, 0xff, 0x09, 0x00, 0xe2, 0xff, 0x09, 0x00, 0xe2, 0xff, 0x09, 0x00, 0xe2, 0xff,
    0x09, 0x00, 0xe2, 0xff, 0x09, 0x00, 0xe2, 0xff, 0x09, 0x00, 0xe2, 0xff, 0x09, 0x00, 0xe2, 0xff,
    0x09, 0x00, 0xe2, 0xff, 0x09, 0x00, 0xe2, 0xff, 0x09, 0x00, 0xe2, 0xff, 0x09, 0x00, 0xe2, 0xff,
    0x09, 0x00, 0xe2, 0xff, 0x09, 0x00, 0xe2, 0xff, 0x09, 0x00, 0xe2, 0xff, 0x09, 0x00, 0xe2, 0xff,
    0x09, 0x00, 0xe2, 0xff, 0x09, 0x00, 0xe2, 0xff, 0x09, 0x00, 0xe2, 0xff, 0x09, 0x00, 0xe2, 0xff,
    0x09, 0x00, 0xe2, 0xff, 0x09, 0x00, 0xe2, 0xff, 0x09, 0x00, 0xe2, 0xff, 0x09, 0x00, 0xe2, 0xff,
    0x09, 0x00, 0xe2, 0xff, 0x09, 0x00, 0xe2, 0xff, 0x09, 0x00, 0xe2, 0xff, 0x09, 0x00, 0xe2, 0xff,
    0x09, 0x00, 0xe2, 0xff, 0x09, 0x00, 0xe2, 0xff, 0x09, 0x00, 0xe2, 0xff, 0x09, 0x00, 0xe2, 0xff,
    0x09, 0x00, 0xe2, 0xff, 0x09, 0x00, 0xe2, 0xff, 0x09, 0x00, 0xe2, 0xff, 0x09, 0x00, 0xe2, 0xff,
    0x09, 0x00, 0xe2, 0xff, 0x09, 0x00, 0xe2, 0xff, 0x09, 0x00, 0xe2, 0xff, 0x09, 0x00, 0xe2, 0xff,
    0x09, 0x00, 0xe2, 0xff, 0x09, 0x00, 0xe2, 0xff, 0x09, 0x00, 0xe2, 0xff, 0x09, 0x00, 0xe2, 0xff,
    0x09, 0x00, 0xe2, 0xff, 0x09, 0x00, 0xe2, 0xff, 0x09, 0x00, 0xe2, 0xff, 0x09, 0x00, 0xe2, 0xff,
    0x09, 0x00, 0xe2, 0xff, 0x09, 0x00, 0xe2, 0xff, 0x09, 0x00, 0xe2, 0xff, 0x09, 0x00, 0xe2, 0xff,
    0x09, 0x00, 0xe2, 0xff, 0x09, 0x00, 0xe2, 0xff, 0x09, 0x00, 0xe1, 0xfe, 0x09, 0x00, 0xe2, 0xfc,
    0x09, 0x00, 0xe1, 0xfc, 0x09, 0x00, 0xe4, 0xff, 0x09, 0x00, 0xee, 0xff, 0x09, 0x00, 0xef, 0xff,
    0x08, 0x00, 0xe5, 0xe7, 0x08, 0x00, 0xe4, 0x9a, 0x08, 0x00, 0xe6, 0x3e, 0x00, 0x00, 0x00, 0x00,
    0x00, 0x00, 0x00, 0x00, 0x00, 0x00, 0x00, 0x00, 0x00, 0x00, 0xff, 0x03, 0x00, 0x00, 0xff, 0x02,
    0x00, 0x00, 0x00, 0x00, 0x00, 0x00, 0x00, 0x00, 0x00, 0x00, 0x00, 0x00, 0x00, 0x00, 0x00, 0x00,
    0x00, 0x00, 0x00, 0x00, 0x00, 0x00, 0x00, 0x00, 0x00, 0x00, 0x00, 0x00, 0x00, 0x00, 0x00, 0x00,
    0x00, 0x00, 0x00, 0x00, 0x00, 0x00, 0x00, 0x00, 0x00, 0x00, 0x00, 0x00, 0x00, 0x00, 0x00, 0x00,
    0x00, 0x00, 0x00, 0x00, 0x00, 0x00, 0x00, 0x00, 0x00, 0x00, 0x00, 0x00, 0x00, 0x00, 0x00, 0x00,
    0x00, 0x00, 0x00, 0x00, 0x00, 0x00, 0x00, 0x00, 0x00, 0x00, 0x00, 0x00, 0x00, 0x00, 0x00, 0x00,
    0x00, 0x00, 0x00, 0x00, 0x00, 0x00, 0x00, 0x00, 0x00, 0x00, 0x00, 0x00, 0x00, 0x00, 0x00, 0x00,
    0x00, 0x00, 0x00, 0x00, 0x00, 0x00, 0x00, 0x00, 0x00, 0x00, 0x00, 0x00, 0x00, 0x00, 0x00, 0x00,
    0x00, 0x00, 0x00, 0x00, 0x00, 0x00, 0x00, 0x00, 0x00, 0x00, 0x00, 0x00, 0x00, 0x00, 0x00, 0x00,
    0x00, 0x00, 0x00, 0x00, 0x00, 0x00, 0x00, 0x00, 0x00, 0x00, 0x00, 0x00, 0x00, 0x00, 0x00, 0x00,
    0x00, 0x00, 0x00, 0x00, 0x00, 0x00, 0x00, 0x00, 0x00, 0x00, 0x00, 0x00, 0x00, 0x00, 0x00, 0x00,
    0x00, 0x00, 0x00, 0x00, 0x00, 0x00, 0x00, 0x00, 0x00, 0x00, 0x00, 0x00, 0x00, 0x00, 0x00, 0x00,
    0x00, 0x00, 0x00, 0x00, 0x00, 0x00, 0x00, 0x00, 0x00, 0x00, 0xaa, 0x03, 0x00, 0x00, 0xff, 0x02,
    0x00, 0x00, 0x00, 0x00, 0x00, 0x00, 0x00, 0x00, 0x0c, 0x00, 0xe5, 0x14, 0x09, 0x00, 0xe4, 0x6b,
    0x08, 0x00, 0xe5, 0xc8, 0x09, 0x00, 0xe7, 0xff, 0x0a, 0x00, 0xf1, 0xff, 0x09, 0x00, 0xe7, 0xff,
    0x09, 0x00, 0xe1, 0xfc, 0x09, 0x00, 0xe1, 0xfc, 0x09, 0x00, 0xe1, 0xfe, 0x09, 0x00, 0xe2, 0xff,
    0x09, 0x00, 0xe2, 0xff, 0x09, 0x00, 0xe2, 0xff, 0x09, 0x00, 0xe2, 0xff, 0x09, 0x00, 0xe2, 0xff,
    0x09, 0x00, 0xe2, 0xff, 0x09, 0x00, 0xe2, 0xff, 0x09, 0x00, 0xe2, 0xff, 0x09, 0x00, 0xe2, 0xff,
    0x09, 0x00, 0xe2, 0xff, 0x09, 0x00, 0xe2, 0xff, 0x09, 0x00, 0xe2, 0xff, 0x09, 0x00, 0xe2, 0xff,
    0x0b, 0x01, 0xe2, 0xff, 0x06, 0x00, 0xe2, 0xff, 0x01, 0x00, 0xe1, 0xff, 0x5b, 0x57, 0xec, 0xff,
    0xc1, 0xbf, 0xf8, 0xff, 0xf4, 0xf3, 0xfe, 0xff, 0xff, 0xff, 0xff, 0xff, 0xff, 0xff, 0xff, 0xff,
    0xff, 0xff, 0xff, 0xff, 0xff, 0xff, 0xff, 0xff, 0xff, 0xff, 0xff, 0xff, 0xff, 0xff, 0xff, 0xff,
    0xff, 0xff, 0xff, 0xff, 0xff, 0xff, 0xff, 0xff, 0xff, 0xff, 0xff, 0xff, 0xff, 0xff, 0xff, 0xff,
    0xff, 0xff, 0xff, 0xff, 0xff, 0xff, 0xff, 0xff, 0xff, 0xff, 0xff, 0xff, 0xff, 0xff, 0xff, 0xff,
    0xff, 0xff, 0xff, 0xff, 0xff, 0xff, 0xff, 0xff, 0xff, 0xff, 0xff, 0xff, 0xff, 0xff, 0xff, 0xff,
    0xff, 0xff, 0xff, 0xff, 0xff, 0xff, 0xff, 0xff, 0xff, 0xff, 0xff, 0xff, 0xff, 0xff, 0xff, 0xff,
    0xff, 0xff, 0xff, 0xff, 0xff, 0xff, 0xff, 0xff, 0xff, 0xff, 0xff, 0xff, 0xff, 0xff, 0xff, 0xff,
    0xff, 0xff, 0xff, 0xff, 0xff, 0xff, 0xff, 0xff, 0xff, 0xff, 0xff, 0xff, 0xff, 0xff, 0xff, 0xff,
    0xff, 0xff, 0xff, 0xff, 0xff, 0xff, 0xff, 0xff, 0xff, 0xff, 0xff, 0xff, 0xff, 0xff, 0xff, 0xff,
    0xff, 0xff, 0xff, 0xff, 0xff, 0xff, 0xff, 0xff, 0xff, 0xff, 0xff, 0xff, 0xff, 0xff, 0xff, 0xff,
    0x51, 0x4a, 0xeb, 0xff, 0x00, 0x00, 0xe0, 0xff, 0x0c, 0x03, 0xe2, 0xff, 0x09, 0x00, 0xe2, 0xff,
    0x09, 0x00, 0xe2, 0xff, 0x09, 0x00, 0xe2, 0xff, 0x09, 0x00, 0xe2, 0xff, 0x09, 0x00, 0xe2, 0xff,
    0x09, 0x00, 0xe2, 0xff, 0x09, 0x00, 0xe2, 0xff, 0x09, 0x00, 0xe2, 0xff, 0x09, 0x00, 0xe2, 0xff,
    0x09, 0x00, 0xe2, 0xff, 0x09, 0x00, 0xe2, 0xff, 0x09, 0x00, 0xe2, 0xff, 0x09, 0x00, 0xe2, 0xff,
    0x09, 0x00, 0xe2, 0xff, 0x09, 0x00, 0xe2, 0xff, 0x09, 0x00, 0xe2, 0xff, 0x09, 0x00, 0xe2, 0xff,
    0x09, 0x00, 0xe2, 0xff, 0x09, 0x00, 0xe2, 0xff, 0x09, 0x00, 0xe2, 0xff, 0x09, 0x00, 0xe2, 0xff,
    0x09, 0x00, 0xe2, 0xff, 0x09, 0x00, 0xe2, 0xff, 0x09, 0x00, 0xe2, 0xff, 0x09, 0x00, 0xe2, 0xff,
    0x09, 0x00, 0xe2, 0xff, 0x09, 0x00, 0xe2, 0xff, 0x09, 0x00, 0xe2, 0xff, 0x09, 0x00, 0xe2, 0xff,
    0x09, 0x00, 0xe2, 0xff, 0x09, 0x00, 0xe2, 0xff, 0x09, 0x00, 0xe2, 0xff, 0x09, 0x00, 0xe2, 0xff,
    0x09, 0x00, 0xe2, 0xff, 0x09, 0x00, 0xe2, 0xff, 0x09, 0x00, 0xe2, 0xff, 0x09, 0x00, 0xe2, 0xff,
    0x09, 0x00, 0xe2, 0xff, 0x09, 0x00, 0xe2, 0xff, 0x09, 0x00, 0xe2, 0xff, 0x09, 0x00, 0xe2, 0xff,
    0x09, 0x00, 0xe2, 0xff, 0x09, 0x00, 0xe2, 0xff, 0x09, 0x00, 0xe2, 0xff, 0x09, 0x00, 0xe2, 0xff,
    0x09, 0x00, 0xe2, 0xff, 0x09, 0x00, 0xe2, 0xff, 0x09, 0x00, 0xe2, 0xff, 0x09, 0x00, 0xe2, 0xff,
    0x09, 0x00, 0xe2, 0xff, 0x09, 0x00, 0xe2, 0xff, 0x09, 0x00, 0xe2, 0xff, 0x09, 0x00, 0xe2, 0xff,
    0x09, 0x00, 0xe2, 0xff, 0x09, 0x00, 0xe2, 0xff, 0x09, 0x00, 0xe2, 0xff, 0x09, 0x00, 0xe2, 0xff,
    0x09, 0x00, 0xe2, 0xff, 0x09, 0x00, 0xe2, 0xff, 0x09, 0x00, 0xe2, 0xff, 0x09, 0x00, 0xe2, 0xff,
    0x09, 0x00, 0xe2, 0xff, 0x09, 0x00, 0xe2, 0xff, 0x09, 0x00, 0xe2, 0xff, 0x09, 0x00, 0xe2, 0xff,
    0x09, 0x00, 0xe2, 0xff, 0x09, 0x00, 0xe2, 0xff, 0x09, 0x00, 0xe2, 0xff, 0x09, 0x00, 0xe2, 0xff,
    0x09, 0x00, 0xe2, 0xff, 0x09, 0x00, 0xe2, 0xff, 0x09, 0x00, 0xe2, 0xff, 0x09, 0x00, 0xe2, 0xff,
    0x09, 0x00, 0xe2, 0xff, 0x09, 0x00, 0xe2, 0xff, 0x09, 0x00, 0xe2, 0xff, 0x09, 0x00, 0xe2, 0xff,
    0x09, 0x00, 0xe2, 0xff, 0x09, 0x00, 0xe2, 0xff, 0x09, 0x00, 0xe2, 0xff, 0x09, 0x00, 0xe2, 0xff,
    0x09, 0x00, 0xe2, 0xff, 0x09, 0x00, 0xe2, 0xff, 0x09, 0x00, 0xe2, 0xff, 0x09, 0x00, 0xe2, 0xff,
    0x09, 0x00, 0xe2, 0xff, 0x09, 0x00, 0xe2, 0xff, 0x09, 0x00, 0xe2, 0xff, 0x09, 0x00, 0xe2, 0xff,
    0x09, 0x00, 0xe2, 0xff, 0x09, 0x00, 0xe2, 0xff, 0x09, 0x00, 0xe2, 0xff, 0x09, 0x00, 0xe2, 0xff,
    0x09, 0x00, 0xe2, 0xff, 0x09, 0x00, 0xe2, 0xff, 0x09, 0x00, 0xe2, 0xff, 0x09, 0x00, 0xe2, 0xff,
    0x09, 0x00, 0xe2, 0xff, 0x09, 0x00, 0xe2, 0xff, 0x09, 0x00, 0xe2, 0xff, 0x09, 0x00, 0xe2, 0xff,
    0x09, 0x00, 0xe2, 0xff, 0x09, 0x00, 0xe2, 0xff, 0x09, 0x00, 0xe2, 0xff, 0x09, 0x00, 0xe2, 0xff,
    0x09, 0x00, 0xe2, 0xff, 0x09, 0x00, 0xe2, 0xff, 0x09, 0x00, 0xe2, 0xff, 0x09, 0x00, 0xe2, 0xff,
    0x09, 0x00, 0xe2, 0xff, 0x09, 0x00, 0xe2, 0xff, 0x09, 0x00, 0xe2, 0xff, 0x09, 0x00, 0xe2, 0xff,
    0x09, 0x00, 0xe2, 0xff, 0x09, 0x00, 0xe2, 0xff, 0x09, 0x00, 0xe2, 0xff, 0x09, 0x00, 0xe2, 0xff,
    0x09, 0x00, 0xe2, 0xff, 0x09, 0x00, 0xe2, 0xff, 0x09, 0x00, 0xe2, 0xff, 0x09, 0x00, 0xe2, 0xff,
    0x09, 0x00, 0xe2, 0xff, 0x09, 0x00, 0xe2, 0xff, 0x09, 0x00, 0xe2, 0xff, 0x09, 0x00, 0xe2, 0xff,
    0x09, 0x00, 0xe2, 0xff, 0x09, 0x00, 0xe2, 0xff, 0x09, 0x00, 0xe2, 0xff, 0x09, 0x00, 0xe2, 0xff,
    0x09, 0x00, 0xe2, 0xff, 0x09, 0x00, 0xe2, 0xff, 0x09, 0x00, 0xe2, 0xff, 0x09, 0x00, 0xe2, 0xff,
    0x09, 0x00, 0xe2, 0xff, 0x09, 0x00, 0xe2, 0xff, 0x09, 0x00, 0xe2, 0xff, 0x09, 0x00, 0xe2, 0xff,
    0x09, 0x00, 0xe2, 0xff, 0x09, 0x00, 0xe2, 0xff, 0x09, 0x00, 0xe2, 0xff, 0x09, 0x00, 0xe2, 0xff,
    0x09, 0x00, 0xe2, 0xff, 0x09, 0x00, 0xe2, 0xff, 0x09, 0x00, 0xe2, 0xff, 0x09, 0x00, 0xe2, 0xff,
    0x09, 0x00, 0xe2, 0xff, 0x09, 0x00, 0xe2, 0xff, 0x09, 0x00, 0xe2, 0xff, 0x09, 0x00, 0xe2, 0xff,
    0x09, 0x00, 0xe2, 0xff, 0x09, 0x00, 0xe2, 0xff, 0x09, 0x00, 0xe2, 0xff, 0x09, 0x00, 0xe2, 0xff,
    0x09, 0x00, 0xe2, 0xff, 0x09, 0x00, 0xe2, 0xff, 0x09, 0x00, 0xe2, 0xff, 0x09, 0x00, 0xe2, 0xff,
    0x09, 0x00, 0xe2, 0xff, 0x09, 0x00, 0xe2, 0xff, 0x09, 0x00, 0xe2, 0xff, 0x09, 0x00, 0xe2, 0xff,
    0x09, 0x00, 0xe2, 0xff, 0x09, 0x00, 0xe2, 0xff, 0x09, 0x00, 0xe2, 0xff, 0x09, 0x00, 0xe2, 0xff,
    0x09, 0x00, 0xe2, 0xff, 0x09, 0x00, 0xe2, 0xff, 0x09, 0x00, 0xe2, 0xff, 0x09, 0x00, 0xe2, 0xff,
    0x09, 0x00, 0xe2, 0xff, 0x09, 0x00, 0xe2, 0xff, 0x09, 0x00, 0xe2, 0xff, 0x09, 0x00, 0xe2, 0xff,
    0x09, 0x00, 0xe2, 0xff, 0x09, 0x00, 0xe2, 0xff, 0x09, 0x00, 0xe2, 0xff, 0x09, 0x00, 0xe2, 0xff,
    0x09, 0x00, 0xe2, 0xff, 0x09, 0x00, 0xe2, 0xff, 0x09, 0x00, 0xe2, 0xff, 0x09, 0x00, 0xe2, 0xff,
    0x09, 0x00, 0xe2, 0xff, 0x09, 0x00, 0xe2, 0xff, 0x09, 0x00, 0xe2, 0xff, 0x09, 0x00, 0xe2, 0xff,
    0x09, 0x00, 0xe2, 0xff, 0x09, 0x00, 0xe2, 0xff, 0x09, 0x00, 0xe2, 0xff, 0x09, 0x00, 0xe2, 0xff,
    0x09, 0x00, 0xe2, 0xff, 0x09, 0x00, 0xe1, 0xfe, 0x09, 0x00, 0xe1, 0xfc, 0x09, 0x00, 0xe1, 0xfc,
    0x09, 0x00, 0xe6, 0xff, 0x0a, 0x00, 0xf1, 0xff, 0x09, 0x00, 0xe8, 0xff, 0x08, 0x00, 0xe4, 0xca,
    0x09, 0x00, 0xe5, 0x6c, 0x0c, 0x00, 0xe6, 0x15, 0x00, 0x00, 0x00, 0x00, 0x00, 0x00, 0x00, 0x00,
    0x00, 0x00, 0xff, 0x02, 0x00, 0x00, 0xaa, 0x03, 0x00, 0x00, 0x00, 0x00, 0x00, 0x00, 0x00, 0x00,
    0x00, 0x00, 0x00, 0x00, 0x00, 0x00, 0x00, 0x00, 0x00, 0x00, 0x00, 0x00, 0x00, 0x00, 0x00, 0x00,
    0x00, 0x00, 0x00, 0x00, 0x00, 0x00, 0x00, 0x00, 0x00, 0x00, 0x00, 0x00, 0x00, 0x00, 0x00, 0x00,
    0x00, 0x00, 0x00, 0x00, 0x00, 0x00, 0x00, 0x00, 0x00, 0x00, 0x00, 0x00, 0x00, 0x00, 0x00, 0x00,
    0x00, 0x00, 0x00, 0x00, 0x00, 0x00, 0x00, 0x00, 0x00, 0x00, 0x00, 0x00, 0x00, 0x00, 0x00, 0x00,
    0x00, 0x00, 0x00, 0x00, 0x00, 0x00, 0x00, 0x00, 0x00, 0x00, 0x00, 0x00, 0x00, 0x00, 0x00, 0x00,
    0x00, 0x00, 0x00, 0x00, 0x00, 0x00, 0x00, 0x00, 0x00, 0x00, 0x00, 0x00, 0x00, 0x00, 0x00, 0x00,
    0x00, 0x00, 0x00, 0x00, 0x00, 0x00, 0x00, 0x00, 0x00, 0x00, 0x00, 0x00, 0x00, 0x00, 0x00, 0x00,
    0x00, 0x00, 0x00, 0x00, 0x00, 0x00, 0x00, 0x00, 0x00, 0x00, 0x00, 0x00, 0x00, 0x00, 0x00, 0x00,
    0x00, 0x00, 0x00, 0x00, 0x00, 0x00, 0x00, 0x00, 0x00, 0x00, 0x00, 0x00, 0x00, 0x00, 0x00, 0x00,
    0x00, 0x00, 0x00, 0x00, 0x00, 0x00, 0x00, 0x00, 0x00, 0x00, 0x00, 0x00, 0x00, 0x00, 0x00, 0x00,
    0x00, 0x00, 0xaa, 0x03, 0x00, 0x00, 0xff, 0x01, 0x00, 0x00, 0x00, 0x00, 0x00, 0x00, 0x00, 0x00,
    0x0b, 0x00, 0xe2, 0x2d, 0x08, 0x00, 0xe6, 0x90, 0x08, 0x00, 0xe5, 0xe7, 0x0a, 0x00, 0xf0, 0xff,
    0x09, 0x00, 0xec, 0xff, 0x09, 0x00, 0xe1, 0xfe, 0x09, 0x00, 0xe2, 0xfb, 0x09, 0x00, 0xe1, 0xfe,
    0x09, 0x00, 0xe2, 0xff, 0x09, 0x00, 0xe2, 0xff, 0x09, 0x00, 0xe2, 0xff, 0x09, 0x00, 0xe2, 0xff,
    0x09, 0x00, 0xe2, 0xff, 0x09, 0x00, 0xe2, 0xff, 0x09, 0x00, 0xe2, 0xff, 0x09, 0x00, 0xe2, 0xff,
    0x09, 0x00, 0xe2, 0xff, 0x09, 0x00, 0xe2, 0xff, 0x09, 0x00, 0xe2, 0xff, 0x09, 0x00, 0xe2, 0xff,
    0x09, 0x00, 0xe2, 0xff, 0x09, 0x00, 0xe2, 0xff, 0x09, 0x00, 0xe2, 0xff, 0x0b, 0x01, 0xe2, 0xff,
    0x05, 0x00, 0xe1, 0xff, 0x12, 0x0f, 0xe3, 0xff, 0xad, 0xaa, 0xf5, 0xff, 0xff, 0xff, 0xff, 0xff,
    0xff, 0xff, 0xff, 0xff, 0xff, 0xff, 0xff, 0xff, 0xff, 0xfe, 0xff, 0xff, 0xfe, 0xfe, 0xff, 0xff,
    0xfe, 0xfe, 0xff, 0xff, 0xfe, 0xfe, 0xff, 0xff, 0xfe, 0xfe, 0xff, 0xff, 0xfe, 0xfe, 0xff, 0xff,
    0xfe, 0xfe, 0xff, 0xff, 0xfe, 0xfe, 0xff, 0xff, 0xfe, 0xfe, 0xff, 0xff, 0xfe, 0xfe, 0xff, 0xff,
    0xfe, 0xfe, 0xff, 0xff, 0xfe, 0xfe, 0xff, 0xff, 0xfe, 0xfe, 0xff, 0xff, 0xfe, 0xfe, 0xff, 0xff,
    0xfe, 0xfe, 0xff, 0xff, 0xfe, 0xfe, 0xff, 0xff, 0xfe, 0xfe, 0xff, 0xff, 0xfe, 0xfe, 0xff, 0xff,
    0xfe, 0xfe, 0xff, 0xff, 0xfe, 0xfe, 0xff, 0xff, 0xfe, 0xfe, 0xff, 0xff, 0xfe, 0xfe, 0xff, 0xff,
    0xfe, 0xfe, 0xff, 0xff, 0xfe, 0xfe, 0xff, 0xff, 0xfe, 0xfe, 0xff, 0xff, 0xfe, 0xfe, 0xff, 0xff,
    0xfe, 0xfe, 0xff, 0xff, 0xfe, 0xfe, 0xff, 0xff, 0xfe, 0xfe, 0xff, 0xff, 0xfe, 0xfe, 0xff, 0xff,
    0xfe, 0xfe, 0xff, 0xff, 0xfe, 0xfe, 0xff, 0xff, 0xfe, 0xfe, 0xff, 0xff, 0xfe, 0xfe, 0xff, 0xff,
    0xfe, 0xfe, 0xff, 0xff, 0xfc, 0xfb, 0xff, 0xff, 0xfe, 0xfe, 0xff, 0xff, 0xcc, 0xcb, 0xf9, 0xff,
    0x06, 0x01, 0xe1, 0xff, 0x09, 0x01, 0xe2, 0xff, 0x09, 0x01, 0xe2, 0xff, 0x09, 0x00, 0xe2, 0xff,
    0x09, 0x00, 0xe2, 0xff, 0x09, 0x00, 0xe2, 0xff, 0x09, 0x00, 0xe2, 0xff, 0x09, 0x00, 0xe2, 0xff,
    0x09, 0x00, 0xe2, 0xff, 0x09, 0x00, 0xe2, 0xff, 0x09, 0x00, 0xe2, 0xff, 0x09, 0x00, 0xe2, 0xff,
    0x09, 0x00, 0xe2, 0xff, 0x09, 0x00, 0xe2, 0xff, 0x09, 0x00, 0xe2, 0xff, 0x09, 0x00, 0xe2, 0xff,
    0x09, 0x00, 0xe2, 0xff, 0x09, 0x00, 0xe2, 0xff, 0x09, 0x00, 0xe2, 0xff, 0x09, 0x00, 0xe2, 0xff,
    0x09, 0x00, 0xe2, 0xff, 0x09, 0x00, 0xe2, 0xff, 0x09, 0x00, 0xe2, 0xff, 0x09, 0x00, 0xe2, 0xff,
    0x09, 0x00, 0xe2, 0xff, 0x09, 0x00, 0xe2, 0xff, 0x09, 0x00, 0xe2, 0xff, 0x09, 0x00, 0xe2, 0xff,
    0x09, 0x00, 0xe2, 0xff, 0x09, 0x00, 0xe2, 0xff, 0x09, 0x00, 0xe2, 0xff, 0x09, 0x00, 0xe2, 0xff,
    0x09, 0x00, 0xe2, 0xff, 0x09, 0x00, 0xe2, 0xff, 0x09, 0x00, 0xe2, 0xff, 0x09, 0x00, 0xe2, 0xff,
    0x09, 0x00, 0xe2, 0xff, 0x09, 0x00, 0xe2, 0xff, 0x09, 0x00, 0xe2, 0xff, 0x09, 0x00, 0xe2, 0xff,
    0x09, 0x00, 0xe2, 0xff, 0x09, 0x00, 0xe2, 0xff, 0x09, 0x00, 0xe2, 0xff, 0x09, 0x00, 0xe2, 0xff,
    0x09, 0x00, 0xe2, 0xff, 0x09, 0x00, 0xe2, 0xff, 0x09, 0x00, 0xe2, 0xff, 0x09, 0x00, 0xe2, 0xff,
    0x09, 0x00, 0xe2, 0xff, 0x09, 0x00, 0xe2, 0xff, 0x09, 0x00, 0xe2, 0xff, 0x09, 0x00, 0xe2, 0xff,
    0x09, 0x00, 0xe2, 0xff, 0x09, 0x00, 0xe2, 0xff, 0x09, 0x00, 0xe2, 0xff, 0x09, 0x00, 0xe2, 0xff,
    0x09, 0x00, 0xe2, 0xff, 0x09, 0x00, 0xe2, 0xff, 0x09, 0x00, 0xe2, 0xff, 0x09, 0x00, 0xe2, 0xff,
    0x09, 0x00, 0xe2, 0xff, 0x09, 0x00, 0xe2, 0xff, 0x09, 0x00, 0xe2, 0xff, 0x09, 0x00, 0xe2, 0xff,
    0x09, 0x00, 0xe2, 0xff, 0x09, 0x00, 0xe2, 0xff, 0x09, 0x00, 0xe2, 0xff, 0x09, 0x00, 0xe2, 0xff,
    0x09, 0x00, 0xe2, 0xff, 0x09, 0x00, 0xe2, 0xff, 0x09, 0x00, 0xe2, 0xff, 0x09, 0x00, 0xe2, 0xff,
    0x09, 0x00, 0xe2, 0xff, 0x09, 0x00, 0xe2, 0xff, 0x09, 0x00, 0xe2, 0xff, 0x09, 0x00, 0xe2, 0xff,
    0x09, 0x00, 0xe2, 0xff, 0x09, 0x00, 0xe2, 0xff, 0x09, 0x00, 0xe2, 0xff, 0x09, 0x00, 0xe2, 0xff,
    0x09, 0x00, 0xe2, 0xff, 0x09, 0x00, 0xe2, 0xff, 0x09, 0x00, 0xe2, 0xff, 0x09, 0x00, 0xe2, 0xff,
    0x09, 0x00, 0xe2, 0xff, 0x09, 0x00, 0xe2, 0xff, 0x09, 0x00, 0xe2, 0xff, 0x09, 0x00, 0xe2, 0xff,
    0x09, 0x00, 0xe2, 0xff, 0x09, 0x00, 0xe2, 0xff, 0x09, 0x00, 0xe2, 0xff, 0x09, 0x00, 0xe2, 0xff,
    0x09, 0x00, 0xe2, 0xff, 0x09, 0x00, 0xe2, 0xff, 0x09, 0x00, 0xe2, 0xff, 0x09, 0x00, 0xe2, 0xff,
    0x09, 0x00, 0xe2, 0xff, 0x09, 0x00, 0xe2, 0xff, 0x09, 0x00, 0xe2, 0xff, 0x09, 0x00, 0xe2, 0xff,
    0x09, 0x00, 0xe2, 0xff, 0x09, 0x00, 0xe2, 0xff, 0x09, 0x00, 0xe2, 0xff, 0x09, 0x00, 0xe2, 0xff,
    0x09, 0x00, 0xe2, 0xff, 0x09, 0x00, 0xe2, 0xff, 0x09, 0x00, 0xe2, 0xff, 0x09, 0x00, 0xe2, 0xff,
    0x09, 0x00, 0xe2, 0xff, 0x09, 0x00, 0xe2, 0xff, 0x09, 0x00, 0xe2, 0xff, 0x09, 0x00, 0xe2, 0xff,
    0x09, 0x00, 0xe2, 0xff, 0x09, 0x00, 0xe2, 0xff, 0x09, 0x00, 0xe2, 0xff, 0x0c, 0x03, 0xe2, 0xff,
    0x0d, 0x04, 0xe2, 0xff, 0x0d, 0x04, 0xe2, 0xff, 0x0d, 0x04, 0xe2, 0xff, 0x0d, 0x04, 0xe2, 0xff,
    0x0d, 0x04, 0xe2, 0xff, 0x0d, 0x04, 0xe2, 0xff, 0x0d, 0x04, 0xe2, 0xff, 0x0d, 0x04, 0xe2, 0xff,
    0x0a, 0x01, 0xe2, 0xff, 0x09, 0x00, 0xe2, 0xff, 0x09, 0x00, 0xe2, 0xff, 0x09, 0x00, 0xe2, 0xff,
    0x09, 0x00, 0xe2, 0xff, 0x09, 0x00, 0xe2, 0xff, 0x09, 0x00, 0xe2, 0xff, 0x09, 0x00, 0xe2, 0xff,
    0x09, 0x00, 0xe2, 0xff, 0x09, 0x00, 0xe2, 0xff, 0x09, 0x00, 0xe2, 0xff, 0x09, 0x00, 0xe2, 0xff,
    0x09, 0x00, 0xe2, 0xff, 0x09, 0x00, 0xe2, 0xff, 0x09, 0x00, 0xe2, 0xff, 0x09, 0x00, 0xe2, 0xff,
    0x09, 0x00, 0xe2, 0xff, 0x09, 0x00, 0xe2, 0xff, 0x09, 0x00, 0xe2, 0xff, 0x09, 0x00, 0xe2, 0xff,
    0x09, 0x00, 0xe2, 0xff, 0x09, 0x00, 0xe2, 0xff, 0x09, 0x00, 0xe2, 0xff, 0x09, 0x00, 0xe2, 0xff,
    0x09, 0x00, 0xe2, 0xff, 0x09, 0x00, 0xe2, 0xff, 0x09, 0x00, 0xe2, 0xff, 0x09, 0x00, 0xe2, 0xff,
    0x09, 0x00, 0xe2, 0xff, 0x09, 0x00, 0xe2, 0xff, 0x09, 0x00, 0xe2, 0xff, 0x09, 0x00, 0xe2, 0xff,
    0x09, 0x00, 0xe2, 0xff, 0x09, 0x00, 0xe2, 0xff, 0x09, 0x00, 0xe2, 0xff, 0x09, 0x00, 0xe2, 0xff,
    0x09, 0x00, 0xe2, 0xff, 0x09, 0x00, 0xe2, 0xff, 0x09, 0x00, 0xe2, 0xff, 0x09, 0x00, 0xe2, 0xff,
    0x09, 0x00, 0xe2, 0xff, 0x09, 0x00, 0xe2, 0xff, 0x09, 0x00, 0xe2, 0xff, 0x09, 0x00, 0xe2, 0xff,
    0x09, 0x00, 0xe2, 0xff, 0x09, 0x00, 0xe2, 0xff, 0x09, 0x00, 0xe2, 0xff, 0x09, 0x00, 0xe2, 0xff,
    0x09, 0x00, 0xe2, 0xff, 0x09, 0x00, 0xe2, 0xff, 0x09, 0x00, 0xe2, 0xff, 0x09, 0x00, 0xe2, 0xff,
    0x09, 0x00, 0xe2, 0xff, 0x09, 0x00, 0xe2, 0xff, 0x09, 0x00, 0xe2, 0xff, 0x09, 0x00, 0xe2, 0xff,
    0x09, 0x00, 0xe2, 0xff, 0x09, 0x00, 0xe2, 0xff, 0x09, 0x00, 0xe2, 0xff, 0x09, 0x00, 0xe2, 0xff,
    0x09, 0x00, 0xe2, 0xff, 0x09, 0x00, 0xe2, 0xff, 0x09, 0x00, 0xe2, 0xff, 0x09, 0x00, 0xe2, 0xff,
    0x09, 0x00, 0xe2, 0xff, 0x09, 0x00, 0xe2, 0xff, 0x09, 0x00, 0xe2, 0xff, 0x09, 0x00, 0xe2, 0xff,
    0x09, 0x00, 0xe2, 0xff, 0x09, 0x00, 0xe2, 0xff, 0x09, 0x00, 0xe2, 0xff, 0x09, 0x00, 0xe2, 0xff,
    0x09, 0x00, 0xe1, 0xfe, 0x09, 0x00, 0xe2, 0xfb, 0x09, 0x00, 0xe1, 0xfe, 0x09, 0x00, 0xeb, 0xff,
    0x0a, 0x00, 0xf0, 0xff, 0x08, 0x00, 0xe5, 0xe8, 0x08, 0x00, 0xe6, 0x91, 0x0b, 0x00, 0xe3, 0x2e,
    0x00, 0x00, 0x00, 0x00, 0x00, 0x00, 0x00, 0x00, 0x00, 0x00, 0xff, 0x01, 0x00, 0x00, 0xff, 0x03,
    0x00, 0x00, 0x00, 0x00, 0x00, 0x00, 0x00, 0x00, 0x00, 0x00, 0x00, 0x00, 0x00, 0x00, 0x00, 0x00,
    0x00, 0x00, 0x00, 0x00, 0x00, 0x00, 0x00, 0x00, 0x00, 0x00, 0x00, 0x00, 0x00, 0x00, 0x00, 0x00,
    0x00, 0x00, 0x00, 0x00, 0x00, 0x00, 0x00, 0x00, 0x00, 0x00, 0x00, 0x00, 0x00, 0x00, 0x00, 0x00,
    0x00, 0x00, 0x00, 0x00, 0x00, 0x00, 0x00, 0x00, 0x00, 0x00, 0x00, 0x00, 0x00, 0x00, 0x00, 0x00,
    0x00, 0x00, 0x00, 0x00, 0x00, 0x00, 0x00, 0x00, 0x00, 0x00, 0x00, 0x00, 0x00, 0x00, 0x00, 0x00,
    0x00, 0x00, 0x00, 0x00, 0x00, 0x00, 0x00, 0x00, 0x00, 0x00, 0x00, 0x00, 0x00, 0x00, 0x00, 0x00,
    0x00, 0x00, 0x00, 0x00, 0x00, 0x00, 0x00, 0x00, 0x00, 0x00, 0x00, 0x00, 0x00, 0x00, 0x00, 0x00,
    0x00, 0x00, 0x00, 0x00, 0x00, 0x00, 0x00, 0x00, 0x00, 0x00, 0x00, 0x00, 0x00, 0x00, 0x00, 0x00,
    0x00, 0x00, 0x00, 0x00, 0x00, 0x00, 0x00, 0x00, 0x00, 0x00, 0x00, 0x00, 0x00, 0x00, 0x00, 0x00,
    0x00, 0x00, 0x00, 0x00, 0x00, 0x00, 0x00, 0x00, 0x00, 0x00, 0xaa, 0x03, 0x00, 0x00, 0xff, 0x01,
    0x00, 0x00, 0x00, 0x00, 0x00, 0x00, 0x00, 0x00, 0x08, 0x00, 0xe6, 0x3e, 0x08, 0x00, 0xe5, 0xab,
    0x09, 0x00, 0xe4, 0xfa, 0x0a, 0x00, 0xf1, 0xff, 0x09, 0x00, 0xe6, 0xff, 0x09, 0x00, 0xe1, 0xfc,
    0x09, 0x00, 0xe1, 0xfd, 0x09, 0x00, 0xe2, 0xff, 0x09, 0x00, 0xe2, 0xff, 0x09, 0x00, 0xe2, 0xff,
    0x09, 0x00, 0xe2, 0xff, 0x09, 0x00, 0xe2, 0xff, 0x09, 0x00, 0xe2, 0xff, 0x09, 0x00, 0xe2, 0xff,
    0x09, 0x00, 0xe2, 0xff, 0x09, 0x00, 0xe2, 0xff, 0x09, 0x00, 0xe2, 0xff, 0x09, 0x00, 0xe2, 0xff,
    0x09, 0x00, 0xe2, 0xff, 0x09, 0x00, 0xe2, 0xff, 0x09, 0x00, 0xe2, 0xff, 0x09, 0x00, 0xe2, 0xff,
    0x09, 0x00, 0xe2, 0xff, 0x09, 0x00, 0xe2, 0xff, 0x0a, 0x01, 0xe2, 0xff, 0x07, 0x02, 0xe1, 0xff,
    0x11, 0x0d, 0xe3, 0xff, 0xc6, 0xc4, 0xf8, 0xff, 0xff, 0xff, 0xff, 0xff, 0xfb, 0xfb, 0xff, 0xff,
    0xfc, 0xfc, 0xff, 0xff, 0xfe, 0xfe, 0xff, 0xff, 0xff, 0xff, 0xff, 0xff, 0xff, 0xff, 0xff, 0xff,
    0xff, 0xff, 0xff, 0xff, 0xff, 0xff, 0xff, 0xff, 0xff, 0xff, 0xff, 0xff, 0xff, 0xff, 0xff, 0xff,
    0xff, 0xff, 0xff, 0xff, 0xff, 0xff, 0xff, 0xff, 0xff, 0xff, 0xff, 0xff, 0xff, 0xff, 0xff, 0xff,
    0xff, 0xff, 0xff, 0xff, 0xff, 0xff, 0xff, 0xff, 0xff, 0xff, 0xff, 0xff, 0xff, 0xff, 0xff, 0xff,
    0xff, 0xff, 0xff, 0xff, 0xff, 0xff, 0xff, 0xff, 0xff, 0xff, 0xff, 0xff, 0xff, 0xff, 0xff, 0xff,
    0xff, 0xff, 0xff, 0xff, 0xff, 0xff, 0xff, 0xff, 0xff, 0xff, 0xff, 0xff, 0xff, 0xff, 0xff, 0xff,
    0xff, 0xff, 0xff, 0xff, 0xff, 0xff, 0xff, 0xff, 0xff, 0xff, 0xff, 0xff, 0xff, 0xff, 0xff, 0xff,
    0xff, 0xff, 0xff, 0xff, 0xff, 0xff, 0xff, 0xff, 0xff, 0xff, 0xff, 0xff, 0xff, 0xff, 0xff, 0xff,
    0xff, 0xff, 0xff, 0xff, 0xff, 0xff, 0xff, 0xff, 0xff, 0xff, 0xff, 0xff, 0xff, 0xff, 0xff, 0xff,
    0xff, 0xff, 0xff, 0xff, 0xfc, 0xfc, 0xff, 0xff, 0xff, 0xff, 0xff, 0xff, 0x66, 0x60, 0xed, 0xff,
    0x00, 0x00, 0xe0, 0xff, 0x0d, 0x04, 0xe2, 0xff, 0x09, 0x00, 0xe2, 0xff, 0x09, 0x00, 0xe2, 0xff,
    0x09, 0x00, 0xe2, 0xff, 0x09, 0x00, 0xe2, 0xff, 0x09, 0x00, 0xe2, 0xff, 0x09, 0x00, 0xe2, 0xff,
    0x09, 0x00, 0xe2, 0xff, 0x09, 0x00, 0xe2, 0xff, 0x09, 0x00, 0xe2, 0xff, 0x09, 0x00, 0xe2, 0xff,
    0x09, 0x00, 0xe2, 0xff, 0x09, 0x00, 0xe2, 0xff, 0x09, 0x00, 0xe2, 0xff, 0x09, 0x00, 0xe2, 0xff,
    0x09, 0x00, 0xe2, 0xff, 0x09, 0x00, 0xe2, 0xff, 0x09, 0x00, 0xe2, 0xff, 0x09, 0x00, 0xe2, 0xff,
    0x09, 0x00, 0xe2, 0xff, 0x09, 0x00, 0xe2, 0xff, 0x09, 0x00, 0xe2, 0xff, 0x09, 0x00, 0xe2, 0xff,
    0x09, 0x00, 0xe2, 0xff, 0x09, 0x00, 0xe2, 0xff, 0x09, 0x00, 0xe2, 0xff, 0x09, 0x00, 0xe2, 0xff,
    0x09, 0x00, 0xe2, 0xff, 0x09, 0x00, 0xe2, 0xff, 0x09, 0x00, 0xe2, 0xff, 0x09, 0x00, 0xe2, 0xff,
    0x09, 0x00, 0xe2, 0xff, 0x09, 0x00, 0xe2, 0xff, 0x09, 0x00, 0xe2, 0xff, 0x09, 0x00, 0xe2, 0xff,
    0x09, 0x00, 0xe2, 0xff, 0x09, 0x00, 0xe2, 0xff, 0x09, 0x00, 0xe2, 0xff, 0x09, 0x00, 0xe2, 0xff,
    0x09, 0x00, 0xe2, 0xff, 0x09, 0x00, 0xe2, 0xff, 0x09, 0x00, 0xe2, 0xff, 0x09, 0x00, 0xe2, 0xff,
    0x09, 0x00, 0xe2, 0xff, 0x09, 0x00, 0xe2, 0xff, 0x09, 0x00, 0xe2, 0xff, 0x09, 0x00, 0xe2, 0xff,
    0x09, 0x00, 0xe2, 0xff, 0x09, 0x00, 0xe2, 0xff, 0x09, 0x00, 0xe2, 0xff, 0x09, 0x00, 0xe2, 0xff,
    0x09, 0x00, 0xe2, 0xff, 0x09, 0x00, 0xe2, 0xff, 0x09, 0x00, 0xe2, 0xff, 0x09, 0x00, 0xe2, 0xff,
    0x09, 0x00, 0xe2, 0xff, 0x09, 0x00, 0xe2, 0xff, 0x09, 0x00, 0xe2, 0xff, 0x09, 0x00, 0xe2, 0xff,
    0x09, 0x00, 0xe2, 0xff, 0x09, 0x00, 0xe2, 0xff, 0x09, 0x00, 0xe2, 0xff, 0x09, 0x00, 0xe2, 0xff,
    0x09, 0x00, 0xe2, 0xff, 0x09, 0x00, 0xe2, 0xff, 0x09, 0x00, 0xe2, 0xff, 0x09, 0x00, 0xe2, 0xff,
    0x09, 0x00, 0xe2, 0xff, 0x09, 0x00, 0xe2, 0xff, 0x09, 0x00, 0xe2, 0xff, 0x09, 0x00, 0xe2, 0xff,
    0x09, 0x00, 0xe2, 0xff, 0x09, 0x00, 0xe2, 0xff, 0x09, 0x00, 0xe2, 0xff, 0x09, 0x00, 0xe2, 0xff,
    0x09, 0x00, 0xe2, 0xff, 0x09, 0x00, 0xe2, 0xff, 0x09, 0x00, 0xe2, 0xff, 0x09, 0x00, 0xe2, 0xff,
    0x09, 0x00, 0xe2, 0xff, 0x09, 0x00, 0xe2, 0xff, 0x09, 0x00, 0xe2, 0xff, 0x09, 0x00, 0xe2, 0xff,
    0x09, 0x00, 0xe2, 0xff, 0x09, 0x00, 0xe2, 0xff, 0x09, 0x00, 0xe2, 0xff, 0x09, 0x00, 0xe2, 0xff,
    0x09, 0x00, 0xe2, 0xff, 0x09, 0x00, 0xe2, 0xff, 0x09, 0x00, 0xe2, 0xff, 0x09, 0x00, 0xe2, 0xff,
    0x09, 0x00, 0xe2, 0xff, 0x09, 0x00, 0xe2, 0xff, 0x09, 0x00, 0xe2, 0xff, 0x09, 0x00, 0xe2, 0xff,
    0x09, 0x00, 0xe2, 0xff, 0x09, 0x00, 0xe2, 0xff, 0x09, 0x00, 0xe2, 0xff, 0x09, 0x00, 0xe2, 0xff,
    0x09, 0x00, 0xe2, 0xff, 0x09, 0x00, 0xe2, 0xff, 0x09, 0x00, 0xe2, 0xff, 0x09, 0x00, 0xe2, 0xff,
    0x09, 0x00, 0xe2, 0xff, 0x09, 0x00, 0xe2, 0xff, 0x09, 0x00, 0xe2, 0xff, 0x09, 0x00, 0xe2, 0xff,
    0x09, 0x00, 0xe2, 0xff, 0x09, 0x00, 0xe2, 0xff, 0x09, 0x00, 0xe2, 0xff, 0x09, 0x00, 0xe2, 0xff,
    0x09, 0x00, 0xe2, 0xff, 0x09, 0x00, 0xe2, 0xff, 0x0a, 0x01, 0xe2, 0xff, 0x00, 0x00, 0xe1, 0xff,
    0x00, 0x00, 0xe0, 0xff, 0x00, 0x00, 0xe0, 0xff, 0x00, 0x00, 0xe0, 0xff, 0x00, 0x00, 0xe0, 0xff,
    0x00, 0x00, 0xe0, 0xff, 0x00, 0x00, 0xe0, 0xff, 0x00, 0x00, 0xe0, 0xff, 0x00, 0x00, 0xe0, 0xff,
    0x03, 0x00, 0xe1, 0xff, 0x0a, 0x00, 0xe2, 0xff, 0x09, 0x00, 0xe2, 0xff, 0x09, 0x00, 0xe2, 0xff,
    0x09, 0x00, 0xe2, 0xff, 0x09, 0x00, 0xe2, 0xff, 0x09, 0x00, 0xe2, 0xff, 0x09, 0x00, 0xe2, 0xff,
    0x09, 0x00, 0xe2, 0xff, 0x09, 0x00, 0xe2, 0xff, 0x09, 0x00, 0xe2, 0xff, 0x09, 0x00, 0xe2, 0xff,
    0x09, 0x00, 0xe2, 0xff, 0x09, 0x00, 0xe2, 0xff, 0x09, 0x00, 0xe2, 0xff, 0x09, 0x00, 0xe2, 0xff,
    0x09, 0x00, 0xe2, 0xff, 0x09, 0x00, 0xe2, 0xff, 0x09, 0x00, 0xe2, 0xff, 0x09, 0x00, 0xe2, 0xff,
    0x09, 0x00, 0xe2, 0xff, 0x09, 0x00, 0xe2, 0xff, 0x09, 0x00, 0xe2, 0xff, 0x09, 0x00, 0xe2, 0xff,
    0x09, 0x00, 0xe2, 0xff, 0x09, 0x00, 0xe2, 0xff, 0x09, 0x00, 0xe2, 0xff, 0x09, 0x00, 0xe2, 0xff,
    0x09, 0x00, 0xe2, 0xff, 0x09, 0x00, 0xe2, 0xff, 0x09, 0x00, 0xe2, 0xff, 0x09, 0x00, 0xe2, 0xff,
    0x09, 0x00, 0xe2, 0xff, 0x09, 0x00, 0xe2, 0xff, 0x09, 0x00, 0xe2, 0xff, 0x09, 0x00, 0xe2, 0xff,
    0x09, 0x00, 0xe2, 0xff, 0x09, 0x00, 0xe2, 0xff, 0x09, 0x00, 0xe2, 0xff, 0x09, 0x00, 0xe2, 0xff,
    0x09, 0x00, 0xe2, 0xff, 0x09, 0x00, 0xe2, 0xff, 0x09, 0x00, 0xe2, 0xff, 0x09, 0x00, 0xe2, 0xff,
    0x09, 0x00, 0xe2, 0xff, 0x09, 0x00, 0xe2, 0xff, 0x09, 0x00, 0xe2, 0xff, 0x09, 0x00, 0xe2, 0xff,
    0x09, 0x00, 0xe2, 0xff, 0x09, 0x00, 0xe2, 0xff, 0x09, 0x00, 0xe2, 0xff, 0x09, 0x00, 0xe2, 0xff,
    0x09, 0x00, 0xe2, 0xff, 0x09, 0x00, 0xe2, 0xff, 0x09, 0x00, 0xe2, 0xff, 0x09, 0x00, 0xe2, 0xff,
    0x09, 0x00, 0xe2, 0xff, 0x09, 0x00, 0xe2, 0xff, 0x09, 0x00, 0xe2, 0xff, 0x09, 0x00, 0xe2, 0xff,
    0x09, 0x00, 0xe2, 0xff, 0x09, 0x00, 0xe2, 0xff, 0x09, 0x00, 0xe2, 0xff, 0x09, 0x00, 0xe2, 0xff,
    0x09, 0x00, 0xe2, 0xff, 0x09, 0x00, 0xe2, 0xff, 0x09, 0x00, 0xe2, 0xff, 0x09, 0x00, 0xe2, 0xff,
    0x09, 0x00, 0xe2, 0xff, 0x09, 0x00, 0xe2, 0xff, 0x09, 0x00, 0xe2, 0xff, 0x09, 0x00, 0xe2, 0xff,
    0x09, 0x00, 0xe2, 0xff, 0x09, 0x00, 0xe2, 0xff, 0x09, 0x00, 0xe2, 0xff, 0x09, 0x00, 0xe1, 0xfd,
    0x09, 0x00, 0xe1, 0xfc, 0x09, 0x00, 0xe6, 0xff, 0x0a, 0x00, 0xf1, 0xff, 0x09, 0x00, 0xe3, 0xfb,
    0x08, 0x00, 0xe5, 0xac, 0x08, 0x00, 0xe6, 0x3f, 0x00, 0x00, 0x00, 0x00, 0x00, 0x00, 0x00, 0x00,
    0x00, 0x00, 0xff, 0x01, 0x00, 0x00, 0xaa, 0x03, 0x00, 0x00, 0x00, 0x00, 0x00, 0x00, 0x00, 0x00,
    0x00, 0x00, 0x00, 0x00, 0x00, 0x00, 0x00, 0x00, 0x00, 0x00, 0x00, 0x00, 0x00, 0x00, 0x00, 0x00,
    0x00, 0x00, 0x00, 0x00, 0x00, 0x00, 0x00, 0x00, 0x00, 0x00, 0x00, 0x00, 0x00, 0x00, 0x00, 0x00,
    0x00, 0x00, 0x00, 0x00, 0x00, 0x00, 0x00, 0x00, 0x00, 0x00, 0x00, 0x00, 0x00, 0x00, 0x00, 0x00,
    0x00, 0x00, 0x00, 0x00, 0x00, 0x00, 0x00, 0x00, 0x00, 0x00, 0x00, 0x00, 0x00, 0x00, 0x00, 0x00,
    0x00, 0x00, 0x00, 0x00, 0x00, 0x00, 0x00, 0x00, 0x00, 0x00, 0x00, 0x00, 0x00, 0x00, 0x00, 0x00,
    0x00, 0x00, 0x00, 0x00, 0x00, 0x00, 0x00, 0x00, 0x00, 0x00, 0x00, 0x00, 0x00, 0x00, 0x00, 0x00,
    0x00, 0x00, 0x00, 0x00, 0x00, 0x00, 0x00, 0x00, 0x00, 0x00, 0x00, 0x00, 0x00, 0x00, 0x00, 0x00,
    0x00, 0x00, 0x00, 0x00, 0x00, 0x00, 0x00, 0x00, 0x00, 0x00, 0x00, 0x00, 0x00, 0x00, 0x00, 0x00,
    0x00, 0x00, 0xff, 0x02, 0x00, 0x00, 0xff, 0x02, 0x00, 0x00, 0x00, 0x00, 0x00, 0x00, 0x00, 0x00,
    0x0a, 0x00, 0xe5, 0x46, 0x09, 0x00, 0xe6, 0xb8, 0x09, 0x00, 0xe7, 0xff, 0x0a, 0x00, 0xef, 0xff,
    0x09, 0x00, 0xe3, 0xff, 0x09, 0x00, 0xe1, 0xfb, 0x09, 0x00, 0xe1, 0xfe, 0x09, 0x00, 0xe2, 0xff,
    0x09, 0x00, 0xe2, 0xff, 0x09, 0x00, 0xe2, 0xff, 0x09, 0x00, 0xe2, 0xff, 0x09, 0x00, 0xe2, 0xff,
    0x09, 0x00, 0xe2, 0xff, 0x09, 0x00, 0xe2, 0xff, 0x09, 0x00, 0xe2, 0xff, 0x09, 0x00, 0xe2, 0xff,
    0x09, 0x00, 0xe2, 0xff, 0x09, 0x00, 0xe2, 0xff, 0x09, 0x00, 0xe2, 0xff, 0x09, 0x00, 0xe2, 0xff,
    0x09, 0x00, 0xe2, 0xff, 0x09, 0x00, 0xe2, 0xff, 0x09, 0x00, 0xe2, 0xff, 0x09, 0x00, 0xe2, 0xff,
    0x09, 0x00, 0xe2, 0xff, 0x09, 0x01, 0xe2, 0xff, 0x0b, 0x03, 0xe2, 0xff, 0x03, 0x00, 0xe1, 0xff,
    0xb1, 0xae, 0xf6, 0xff, 0xff, 0xff, 0xff, 0xff, 0xfa, 0xfa, 0xff, 0xff, 0xff, 0xff, 0xff, 0xff,
    0xff, 0xff, 0xff, 0xff, 0xff, 0xff, 0xff, 0xff, 0xff, 0xff, 0xff, 0xff, 0xff, 0xff, 0xff, 0xff,
    0xff, 0xff, 0xff, 0xff, 0xff, 0xff, 0xff, 0xff, 0xff, 0xff, 0xff, 0xff, 0xff, 0xff, 0xff, 0xff,
    0xff, 0xff, 0xff, 0xff, 0xff, 0xff, 0xff, 0xff, 0xff, 0xff, 0xff, 0xff, 0xff, 0xff, 0xff, 0xff,
    0xff, 0xff, 0xff, 0xff, 0xff, 0xff, 0xff, 0xff, 0xff, 0xff, 0xff, 0xff, 0xff, 0xff, 0xff, 0xff,
    0xff, 0xff, 0xff, 0xff, 0xff, 0xff, 0xff, 0xff, 0xff, 0xff, 0xff, 0xff, 0xff, 0xff, 0xff, 0xff,
    0xff, 0xff, 0xff, 0xff, 0xff, 0xff, 0xff, 0xff, 0xff, 0xff, 0xff, 0xff, 0xff, 0xff, 0xff, 0xff,
    0xff, 0xff, 0xff, 0xff, 0xff, 0xff, 0xff, 0xff, 0xff, 0xff, 0xff, 0xff, 0xff, 0xff, 0xff, 0xff,
    0xff, 0xff, 0xff, 0xff, 0xff, 0xff, 0xff, 0xff, 0xff, 0xff, 0xff, 0xff, 0xff, 0xff, 0xff, 0xff,
    0xff, 0xff, 0xff, 0xff, 0xff, 0xff, 0xff, 0xff, 0xff, 0xff, 0xff, 0xff, 0xff, 0xff, 0xff, 0xff,
    0xfd, 0xfd, 0xff, 0xff, 0xff, 0xff, 0xff, 0xff, 0xe3, 0xe3, 0xfc, 0xff, 0x13, 0x0c, 0xe3, 0xff,
    0x06, 0x01, 0xe2, 0xff, 0x0a, 0x01, 0xe2, 0xff, 0x09, 0x00, 0xe2, 0xff, 0x09, 0x00, 0xe2, 0xff,
    0x09, 0x00, 0xe2, 0xff, 0x09, 0x00, 0xe2, 0xff, 0x09, 0x00, 0xe2, 0xff, 0x09, 0x00, 0xe2, 0xff,
    0x09, 0x00, 0xe2, 0xff, 0x09, 0x00, 0xe2, 0xff, 0x09, 0x00, 0xe2, 0xff, 0x09, 0x00, 0xe2, 0xff,
    0x09, 0x00, 0xe2, 0xff, 0x09, 0x00, 0xe2, 0xff, 0x09, 0x00, 0xe2, 0xff, 0x09, 0x00, 0xe2, 0xff,
    0x09, 0x00, 0xe2, 0xff, 0x09, 0x00, 0xe2, 0xff, 0x09, 0x00, 0xe2, 0xff, 0x09, 0x00, 0xe2, 0xff,
    0x09, 0x00, 0xe2, 0xff, 0x09, 0x00, 0xe2, 0xff, 0x09, 0x00, 0xe2, 0xff, 0x09, 0x00, 0xe2, 0xff,
    0x09, 0x00, 0xe2, 0xff, 0x09, 0x00, 0xe2, 0xff, 0x09, 0x00, 0xe2, 0xff, 0x09, 0x00, 0xe2, 0xff,
    0x09, 0x00, 0xe2, 0xff, 0x09, 0x00, 0xe2, 0xff, 0x09, 0x00, 0xe2, 0xff, 0x09, 0x00, 0xe2, 0xff,
    0x09, 0x00, 0xe2, 0xff, 0x09, 0x00, 0xe2, 0xff, 0x09, 0x00, 0xe2, 0xff, 0x09, 0x00, 0xe2, 0xff,
    0x09, 0x00, 0xe2, 0xff, 0x09, 0x00, 0xe2, 0xff, 0x09, 0x00, 0xe2, 0xff, 0x09, 0x00, 0xe2, 0xff,
    0x09, 0x00, 0xe2, 0xff, 0x09, 0x00, 0xe2, 0xff, 0x09, 0x00, 0xe2, 0xff, 0x09, 0x00, 0xe2, 0xff,
    0x09, 0x00, 0xe2, 0xff, 0x09, 0x00, 0xe2, 0xff, 0x09, 0x00, 0xe2, 0xff, 0x09, 0x00, 0xe2, 0xff,
    0x09, 0x00, 0xe2, 0xff, 0x09, 0x00, 0xe2, 0xff, 0x09, 0x00, 0xe2, 0xff, 0x09, 0x00, 0xe2, 0xff,
    0x09, 0x00, 0xe2, 0xff, 0x09, 0x00, 0xe2, 0xff, 0x09, 0x00, 0xe2, 0xff, 0x09, 0x00, 0xe2, 0xff,
    0x09, 0x00, 0xe2, 0xff, 0x09, 0x00, 0xe2, 0xff, 0x09, 0x00, 0xe2, 0xff, 0x09, 0x00, 0xe2, 0xff,
    0x09, 0x00, 0xe2, 0xff, 0x09, 0x00, 0xe2, 0xff, 0x09, 0x00, 0xe2, 0xff, 0x09, 0x00, 0xe2, 0xff,
    0x09, 0x00, 0xe2, 0xff, 0x09, 0x00, 0xe2, 0xff, 0x09, 0x00, 0xe2, 0xff, 0x09, 0x00, 0xe2, 0xff,
    0x09, 0x00, 0xe2, 0xff, 0x09, 0x00, 0xe2, 0xff, 0x09, 0x00, 0xe2, 0xff, 0x09, 0x00, 0xe2, 0xff,
    0x09, 0x00, 0xe2, 0xff, 0x09, 0x00, 0xe2, 0xff, 0x09, 0x00, 0xe2, 0xff, 0x09, 0x00, 0xe2, 0xff,
    0x09, 0x00, 0xe2, 0xff, 0x09, 0x00, 0xe2, 0xff, 0x09, 0x00, 0xe2, 0xff, 0x09, 0x00, 0xe2, 0xff,
    0x09, 0x00, 0xe2, 0xff, 0x09, 0x00, 0xe2, 0xff, 0x09, 0x00, 0xe2, 0xff, 0x09, 0x00, 0xe2, 0xff,
    0x09, 0x00, 0xe2, 0xff, 0x09, 0x00, 0xe2, 0xff, 0x09, 0x00, 0xe2, 0xff, 0x09, 0x00, 0xe2, 0xff,
    0x09, 0x00, 0xe2, 0xff, 0x09, 0x00, 0xe2, 0xff, 0x09, 0x00, 0xe2, 0xff, 0x09, 0x00, 0xe2, 0xff,
    0x09, 0x00, 0xe2, 0xff, 0x09, 0x00, 0xe2, 0xff, 0x09, 0x00, 0xe2, 0xff, 0x09, 0x00, 0xe2, 0xff,
    0x09, 0x00, 0xe2, 0xff, 0x09, 0x00, 0xe2, 0xff, 0x09, 0x00, 0xe2, 0xff, 0x09, 0x00, 0xe2, 0xff,
    0x09, 0x00, 0xe2, 0xff, 0x09, 0x00, 0xe2, 0xff, 0x09, 0x00, 0xe2, 0xff, 0x09, 0x00, 0xe2, 0xff,
    0x09, 0x00, 0xe2, 0xff, 0x09, 0x00, 0xe2, 0xff, 0x09, 0x00, 0xe2, 0xff, 0x09, 0x00, 0xe2, 0xff,
    0x09, 0x00, 0xe2, 0xff, 0x09, 0x00, 0xe2, 0xff, 0x09, 0x00, 0xe2, 0xff, 0x09, 0x00, 0xe2, 0xff,
    0x09, 0x00, 0xe2, 0xff, 0x0a, 0x01, 0xe2, 0xff, 0x03, 0x00, 0xe1, 0xff, 0x6a, 0x65, 0xed, 0xff,
    0x8f, 0x8c, 0xf2, 0xff, 0x8c, 0x89, 0xf1, 0xff, 0x8d, 0x8a, 0xf1, 0xff, 0x8d, 0x8a, 0xf1, 0xff,
    0x8d, 0x8a, 0xf1, 0xff, 0x8e, 0x8a, 0xf1, 0xff, 0x8c, 0x88, 0xf1, 0xff, 0x91, 0x8e, 0xf2, 0xff,
    0x3f, 0x39, 0xe8, 0xff, 0x03, 0x00, 0xe1, 0xff, 0x0b, 0x02, 0xe2, 0xff, 0x09, 0x00, 0xe2, 0xff,
    0x09, 0x00, 0xe2, 0xff, 0x09, 0x00, 0xe2, 0xff, 0x09, 0x00, 0xe2, 0xff, 0x09, 0x00, 0xe2, 0xff,
    0x09, 0x00, 0xe2, 0xff, 0x09, 0x00, 0xe2, 0xff, 0x09, 0x00, 0xe2, 0xff, 0x09, 0x00, 0xe2, 0xff,
    0x09, 0x00, 0xe2, 0xff, 0x09, 0x00, 0xe2, 0xff, 0x09, 0x00, 0xe2, 0xff, 0x09, 0x00, 0xe2, 0xff,
    0x09, 0x00, 0xe2, 0xff, 0x09, 0x00, 0xe2, 0xff, 0x09, 0x00, 0xe2, 0xff, 0x09, 0x00, 0xe2, 0xff,
    0x09, 0x00, 0xe2, 0xff, 0x09, 0x00, 0xe2, 0xff, 0x09, 0x00, 0xe2, 0xff, 0x09, 0x00, 0xe2, 0xff,
    0x09, 0x00, 0xe2, 0xff, 0x09, 0x00, 0xe2, 0xff, 0x09, 0x00, 0xe2, 0xff, 0x09, 0x00, 0xe2, 0xff,
    0x09, 0x00, 0xe2, 0xff, 0x09, 0x00, 0xe2, 0xff, 0x09, 0x00, 0xe2, 0xff, 0x09, 0x00, 0xe2, 0xff,
    0x09, 0x00, 0xe2, 0xff, 0x09, 0x00, 0xe2, 0xff, 0x09, 0x00, 0xe2, 0xff, 0x09, 0x00, 0xe2, 0xff,
    0x09, 0x00, 0xe2, 0xff, 0x09, 0x00, 0xe2, 0xff, 0x09, 0x00, 0xe2, 0xff, 0x09, 0x00, 0xe2, 0xff,
    0x09, 0x00, 0xe2, 0xff, 0x09, 0x00, 0xe2, 0xff, 0x09, 0x00, 0xe2, 0xff, 0x09, 0x00, 0xe2, 0xff,
    0x09, 0x00, 0xe2, 0xff, 0x09, 0x00, 0xe2, 0xff, 0x09, 0x00, 0xe2, 0xff, 0x09, 0x00, 0xe2, 0xff,
    0x09, 0x00, 0xe2, 0xff, 0x09, 0x00, 0xe2, 0xff, 0x09, 0x00, 0xe2, 0xff, 0x09, 0x00, 0xe2, 0xff,
    0x09, 0x00, 0xe2, 0xff, 0x09, 0x00, 0xe2, 0xff, 0x09, 0x00, 0xe2, 0xff, 0x09, 0x00, 0xe2, 0xff,
    0x09, 0x00, 0xe2, 0xff, 0x09, 0x00, 0xe2, 0xff, 0x09, 0x00, 0xe2, 0xff, 0x09, 0x00, 0xe2, 0xff,
    0x09, 0x00, 0xe2, 0xff, 0x09, 0x00, 0xe2, 0xff, 0x09, 0x00, 0xe2, 0xff, 0x09, 0x00, 0xe2, 0xff,
    0x09, 0x00, 0xe2, 0xff, 0x09, 0x00, 0xe2, 0xff, 0x09, 0x00, 0xe2, 0xff, 0x09, 0x00, 0xe2, 0xff,
    0x09, 0x00, 0xe2, 0xff, 0x09, 0x00, 0xe2, 0xff, 0x09, 0x00, 0xe2, 0xff, 0x09, 0x00, 0xe2, 0xff,
    0x09, 0x00, 0xe2, 0xff, 0x09, 0x00, 0xe2, 0xff, 0x09, 0x00, 0xe2, 0xff, 0x09, 0x00, 0xe2, 0xff,
    0x09, 0x00, 0xe2, 0xff, 0x09, 0x00, 0xe1, 0xfe, 0x09, 0x00, 0xe2, 0xfb, 0x09, 0x00, 0xe3, 0xff,
    0x09, 0x00, 0xef, 0xff, 0x09, 0x00, 0xe8, 0xff, 0x09, 0x00, 0xe6, 0xb9, 0x0a, 0x00, 0xe2, 0x48,
    0x00, 0x00, 0x00, 0x00, 0x00, 0x00, 0x00, 0x00, 0x00, 0x00, 0xff, 0x02, 0x00, 0x00, 0xff, 0x02,
    0x00, 0x00, 0x00, 0x00, 0x00, 0x00, 0x00, 0x00, 0x00, 0x00, 0x00, 0x00, 0x00, 0x00, 0x00, 0x00,
    0x00, 0x00, 0x00, 0x00, 0x00, 0x00, 0x00, 0x00, 0x00, 0x00, 0x00, 0x00, 0x00, 0x00, 0x00, 0x00,
    0x00, 0x00, 0x00, 0x00, 0x00, 0x00, 0x00, 0x00, 0x00, 0x00, 0x00, 0x00, 0x00, 0x00, 0x00, 0x00,
    0x00, 0x00, 0x00, 0x00, 0x00, 0x00, 0x00, 0x00, 0x00, 0x00, 0x00, 0x00, 0x00, 0x00, 0x00, 0x00,
    0x00, 0x00, 0x00, 0x00, 0x00, 0x00, 0x00, 0x00, 0x00, 0x00, 0x00, 0x00, 0x00, 0x00, 0x00, 0x00,
    0x00, 0x00, 0x00, 0x00, 0x00, 0x00, 0x00, 0x00, 0x00, 0x00, 0x00, 0x00, 0x00, 0x00, 0x00, 0x00,
    0x00, 0x00, 0x00, 0x00, 0x00, 0x00, 0x00, 0x00, 0x00, 0x00, 0x00, 0x00, 0x00, 0x00, 0x00, 0x00,
    0x00, 0x00, 0x00, 0x00, 0x00, 0x00, 0x00, 0x00, 0x00, 0x00, 0xff, 0x01, 0x00, 0x00, 0xff, 0x03,
    0x00, 0x00, 0x00, 0x00, 0x00, 0x00, 0x00, 0x00, 0x07, 0x00, 0xe3, 0x42, 0x09, 0x00, 0xe6, 0xba,
    0x09, 0x00, 0xea, 0xff, 0x09, 0x00, 0xee, 0xff, 0x09, 0x00, 0xe1, 0xfe, 0x09, 0x00, 0xe1, 0xfc,
    0x09, 0x00, 0xe1, 0xfe, 0x09, 0x00, 0xe2, 0xff, 0x09, 0x00, 0xe2, 0xff, 0x09, 0x00, 0xe2, 0xff,
    0x09, 0x00, 0xe2, 0xff, 0x09, 0x00, 0xe2, 0xff, 0x09, 0x00, 0xe2, 0xff, 0x09, 0x00, 0xe2, 0xff,
    0x09, 0x00, 0xe2, 0xff, 0x09, 0x00, 0xe2, 0xff, 0x09, 0x00, 0xe2, 0xff, 0x09, 0x00, 0xe2, 0xff,
    0x09, 0x00, 0xe2, 0xff, 0x09, 0x00, 0xe2, 0xff, 0x09, 0x00, 0xe2, 0xff, 0x09, 0x00, 0xe2, 0xff,
    0x09, 0x00, 0xe2, 0xff, 0x09, 0x00, 0xe2, 0xff, 0x09, 0x00, 0xe2, 0xff, 0x09, 0x00, 0xe2, 0xff,
    0x09, 0x00, 0xe2, 0xff, 0x0d, 0x03, 0xe2, 0xff, 0x00, 0x00, 0xe0, 0xff, 0x6d, 0x67, 0xee, 0xff,
    0xff, 0xff, 0xff, 0xff, 0xfa, 0xfa, 0xff, 0xff, 0xff, 0xff, 0xff, 0xff, 0xff, 0xff, 0xff, 0xff,
    0xff, 0xff, 0xff, 0xff, 0xff, 0xff, 0xff, 0xff, 0xff, 0xff, 0xff, 0xff, 0xff, 0xff, 0xff, 0xff,
    0xff, 0xff, 0xff, 0xff, 0xff, 0xff, 0xff, 0xff, 0xff, 0xff, 0xff, 0xff, 0xff, 0xff, 0xff, 0xff,
    0xff, 0xff, 0xff, 0xff, 0xff, 0xff, 0xff, 0xff, 0xff, 0xff, 0xff, 0xff, 0xff, 0xff, 0xff, 0xff,
    0xff, 0xff, 0xff, 0xff, 0xff, 0xff, 0xff, 0xff, 0xff, 0xff, 0xff, 0xff, 0xff, 0xff, 0xff, 0xff,
    0xff, 0xff, 0xff, 0xff, 0xff, 0xff, 0xff, 0xff, 0xff, 0xff, 0xff, 0xff, 0xff, 0xff, 0xff, 0xff,
    0xff, 0xff, 0xff, 0xff, 0xff, 0xff, 0xff, 0xff, 0xff, 0xff, 0xff, 0xff, 0xff, 0xff, 0xff, 0xff,
    0xff, 0xff, 0xff, 0xff, 0xff, 0xff, 0xff, 0xff, 0xff, 0xff, 0xff, 0xff, 0xff, 0xff, 0xff, 0xff,
    0xff, 0xff, 0xff, 0xff, 0xff, 0xff, 0xff, 0xff, 0xff, 0xff, 0xff, 0xff, 0xff, 0xff, 0xff, 0xff,
    0xff, 0xff, 0xff, 0xff, 0xff, 0xff, 0xff, 0xff, 0xff, 0xff, 0xff, 0xff, 0xff, 0xff, 0xff, 0xff,
    0xfb, 0xfb, 0xff, 0xff, 0xff, 0xff, 0xff, 0xff, 0x84, 0x80, 0xf0, 0xff, 0x00, 0x00, 0xe0, 0xff,
    0x0d, 0x04, 0xe2, 0xff, 0x09, 0x00, 0xe2, 0xff, 0x09, 0x00, 0xe2, 0xff, 0x09, 0x00, 0xe2, 0xff,
    0x09, 0x00, 0xe2, 0xff, 0x09, 0x00, 0xe2, 0xff, 0x09, 0x00, 0xe2, 0xff, 0x09, 0x00, 0xe2, 0xff,
    0x09, 0x00, 0xe2, 0xff, 0x09, 0x00, 0xe2, 0xff, 0x09, 0x00, 0xe2, 0xff, 0x09, 0x00, 0xe2, 0xff,
    0x09, 0x00, 0xe2, 0xff, 0x09, 0x00, 0xe2, 0xff, 0x09, 0x00, 0xe2, 0xff, 0x09, 0x00, 0xe2, 0xff,
    0x09, 0x00, 0xe2, 0xff, 0x09, 0x00, 0xe2, 0xff, 0x09, 0x00, 0xe2, 0xff, 0x09, 0x00, 0xe2, 0xff,
    0x09, 0x00, 0xe2, 0xff, 0x09, 0x00, 0xe2, 0xff, 0x09, 0x00, 0xe2, 0xff, 0x09, 0x00, 0xe2, 0xff,
    0x09, 0x00, 0xe2, 0xff, 0x09, 0x00, 0xe2, 0xff, 0x09, 0x00, 0xe2, 0xff, 0x09, 0x00, 0xe2, 0xff,
    0x09, 0x00, 0xe2, 0xff, 0x09, 0x00, 0xe2, 0xff, 0x09, 0x00, 0xe2, 0xff, 0x09, 0x00, 0xe2, 0xff,
    0x09, 0x00, 0xe2, 0xff, 0x09, 0x00, 0xe2, 0xff, 0x09, 0x00, 0xe2, 0xff, 0x09, 0x00, 0xe2, 0xff,
    0x09, 0x00, 0xe2, 0xff, 0x09, 0x00, 0xe2, 0xff, 0x09, 0x00, 0xe2, 0xff, 0x09, 0x00, 0xe2, 0xff,
    0x09, 0x00, 0xe2, 0xff, 0x09, 0x00, 0xe2, 0xff, 0x09, 0x00, 0xe2, 0xff, 0x09, 0x00, 0xe2, 0xff,
    0x09, 0x00, 0xe2, 0xff, 0x09, 0x00, 0xe2, 0xff, 0x09, 0x00, 0xe2, 0xff, 0x09, 0x00, 0xe2, 0xff,
    0x09, 0x00, 0xe2, 0xff, 0x09, 0x00, 0xe2, 0xff, 0x09, 0x00, 0xe2, 0xff, 0x09, 0x00, 0xe2, 0xff,
    0x09, 0x00, 0xe2, 0xff, 0x09, 0x00, 0xe2, 0xff, 0x09, 0x00, 0xe2, 0xff, 0x09, 0x00, 0xe2, 0xff,
    0x09, 0x00, 0xe2, 0xff, 0x09, 0x00, 0xe2, 0xff, 0x09, 0x00, 0xe2, 0xff, 0x09, 0x00, 0xe2, 0xff,
    0x09, 0x00, 0xe2, 0xff, 0x09, 0x00, 0xe2, 0xff, 0x09, 0x00, 0xe2, 0xff, 0x09, 0x00, 0xe2, 0xff,
    0x09, 0x00, 0xe2, 0xff, 0x09, 0x00, 0xe2, 0xff, 0x09, 0x00, 0xe2, 0xff, 0x09, 0x00, 0xe2, 0xff,
    0x09, 0x00, 0xe2, 0xff, 0x09, 0x00, 0xe2, 0xff, 0x09, 0x00, 0xe2, 0xff, 0x09, 0x00, 0xe2, 0xff,
    0x09, 0x00, 0xe2, 0xff, 0x09, 0x00, 0xe2, 0xff, 0x09, 0x00, 0xe2, 0xff, 0x09, 0x00, 0xe2, 0xff,
    0x09, 0x00, 0xe2, 0xff, 0x09, 0x00, 0xe2, 0xff, 0x09, 0x00, 0xe2, 0xff, 0x09, 0x00, 0xe2, 0xff,
    0x09, 0x00, 0xe2, 0xff, 0x09, 0x00, 0xe2, 0xff, 0x09, 0x00, 0xe2, 0xff, 0x09, 0x00, 0xe2, 0xff,
    0x09, 0x00, 0xe2, 0xff, 0x09, 0x00, 0xe2, 0xff, 0x09, 0x00, 0xe2, 0xff, 0x09, 0x00, 0xe2, 0xff,
    0x09, 0x00, 0xe2, 0xff, 0x09, 0x00, 0xe2, 0xff, 0x09, 0x00, 0xe2, 0xff, 0x09, 0x00, 0xe2, 0xff,
    0x09, 0x00, 0xe2, 0xff, 0x09, 0x00, 0xe2, 0xff, 0x09, 0x00, 0xe2, 0xff, 0x09, 0x00, 0xe2, 0xff,
    0x09, 0x00, 0xe2, 0xff, 0x09, 0x00, 0xe2, 0xff, 0x09, 0x00, 0xe2, 0xff, 0x09, 0x00, 0xe2, 0xff,
    0x09, 0x00, 0xe2, 0xff, 0x09, 0x00, 0xe2, 0xff, 0x09, 0x00, 0xe2, 0xff, 0x09, 0x00, 0xe2, 0xff,
    0x09, 0x00, 0xe2, 0xff, 0x09, 0x00, 0xe2, 0xff, 0x09, 0x00, 0xe2, 0xff, 0x09, 0x00, 0xe2, 0xff,
    0x09, 0x00, 0xe2, 0xff, 0x09, 0x00, 0xe2, 0xff, 0x09, 0x00, 0xe2, 0xff, 0x09, 0x00, 0xe2, 0xff,
    0x0b, 0x02, 0xe2, 0xff, 0x04, 0x01, 0xe1, 0xff, 0x25, 0x1f, 0xe5, 0xff, 0xfe, 0xfe, 0xff, 0xff,
    0xff, 0xff, 0xff, 0xff, 0xff, 0xff, 0xff, 0xff, 0xff, 0xff, 0xff, 0xff, 0xff, 0xff, 0xff, 0xff,
    0xff, 0xff, 0xff, 0xff, 0xff, 0xff, 0xff, 0xff, 0xff, 0xff, 0xff, 0xff, 0xff, 0xff, 0xff, 0xff,
    0x2f, 0x28, 0xe6, 0xff, 0x03, 0x00, 0xe1, 0xff, 0x0b, 0x02, 0xe2, 0xff, 0x09, 0x00, 0xe2, 0xff,
    0x09, 0x00, 0xe2, 0xff, 0x09, 0x00, 0xe2, 0xff, 0x09, 0x00, 0xe2, 0xff, 0x09, 0x00, 0xe2, 0xff,
    0x09, 0x00, 0xe2, 0xff, 0x09, 0x00, 0xe2, 0xff, 0x09, 0x00, 0xe2, 0xff, 0x09, 0x00, 0xe2, 0xff,
    0x09, 0x00, 0xe2, 0xff, 0x09, 0x00, 0xe2, 0xff, 0x09, 0x00, 0xe2, 0xff, 0x09, 0x00, 0xe2, 0xff,
    0x09, 0x00, 0xe2, 0xff, 0x09, 0x00, 0xe2, 0xff, 0x09, 0x00, 0xe2, 0xff, 0x09, 0x00, 0xe2, 0xff,
    0x09, 0x00, 0xe2, 0xff, 0x09, 0x00, 0xe2, 0xff, 0x09, 0x00, 0xe2, 0xff, 0x09, 0x00, 0xe2, 0xff,
    0x09, 0x00, 0xe2, 0xff, 0x09, 0x00, 0xe2, 0xff, 0x09, 0x00, 0xe2, 0xff, 0x09, 0x00, 0xe2, 0xff,
    0x09, 0x00, 0xe2, 0xff, 0x09, 0x00, 0xe2, 0xff, 0x09, 0x00, 0xe2, 0xff, 0x09, 0x00, 0xe2, 0xff,
    0x09, 0x00, 0xe2, 0xff, 0x09, 0x00, 0xe2, 0xff, 0x09, 0x00, 0xe2, 0xff, 0x09, 0x00, 0xe2, 0xff,
    0x09, 0x00, 0xe2, 0xff, 0x09, 0x00, 0xe2, 0xff, 0x09, 0x00, 0xe2, 0xff, 0x09, 0x00, 0xe2, 0xff,
    0x09, 0x00, 0xe2, 0xff, 0x09, 0x00, 0xe2, 0xff, 0x09, 0x00, 0xe2, 0xff, 0x09, 0x00, 0xe2, 0xff,
    0x09, 0x00, 0xe2, 0xff, 0x09, 0x00, 0xe2, 0xff, 0x09, 0x00, 0xe2, 0xff, 0x09, 0x00, 0xe2, 0xff,
    0x09, 0x00, 0xe2, 0xff, 0x09, 0x00, 0xe2, 0xff, 0x09, 0x00, 0xe2, 0xff, 0x09, 0x00, 0xe2, 0xff,
    0x09, 0x00, 0xe2, 0xff, 0x09, 0x00, 0xe2, 0xff, 0x09, 0x00, 0xe2, 0xff, 0x09, 0x00, 0xe2, 0xff,
    0x09, 0x00, 0xe2, 0xff, 0x09, 0x00, 0xe2, 0xff, 0x09, 0x00, 0xe2, 0xff, 0x09, 0x00, 0xe2, 0xff,
    0x09, 0x00, 0xe2, 0xff, 0x09, 0x00, 0xe2, 0xff, 0x09, 0x00, 0xe2, 0xff, 0x09, 0x00, 0xe2, 0xff,
    0x09, 0x00, 0xe2, 0xff, 0x09, 0x00, 0xe2, 0xff, 0x09, 0x00, 0xe2, 0xff, 0x09, 0x00, 0xe2, 0xff,
    0x09, 0x00, 0xe2, 0xff, 0x09, 0x00, 0xe2, 0xff, 0x09, 0x00, 0xe2, 0xff, 0x09, 0x00, 0xe2, 0xff,
    0x09, 0x00, 0xe2, 0xff, 0x09, 0x00, 0xe2, 0xff, 0x09, 0x00, 0xe2, 0xff, 0x09, 0x00, 0xe2, 0xff,
    0x09, 0x00, 0xe2, 0xff, 0x09, 0x00, 0xe2, 0xff, 0x09, 0x00, 0xe2, 0xff, 0x09, 0x00, 0xe1, 0xfe,
    0x09, 0x00, 0xe1, 0xfc, 0x09, 0x00, 0xe1, 0xfe, 0x09, 0x00, 0xee, 0xff, 0x09, 0x00, 0xea, 0xff,
    0x09, 0x00, 0xe7, 0xba, 0x07, 0x00, 0xe4, 0x43, 0x00, 0x00, 0x00, 0x00, 0x00, 0x00, 0x00, 0x00,
    0x00, 0x00, 0xff, 0x03, 0x00, 0x00, 0xff, 0x01, 0x00, 0x00, 0x00, 0x00, 0x00, 0x00, 0x00, 0x00,
    0x00, 0x00, 0x00, 0x00, 0x00, 0x00, 0x00, 0x00, 0x00, 0x00, 0x00, 0x00, 0x00, 0x00, 0x00, 0x00,
    0x00, 0x00, 0x00, 0x00, 0x00, 0x00, 0x00, 0x00, 0x00, 0x00, 0x00, 0x00, 0x00, 0x00, 0x00, 0x00,
    0x00, 0x00, 0x00, 0x00, 0x00, 0x00, 0x00, 0x00, 0x00, 0x00, 0x00, 0x00, 0x00, 0x00, 0x00, 0x00,
    0x00, 0x00, 0x00, 0x00, 0x00, 0x00, 0x00, 0x00, 0x00, 0x00, 0x00, 0x00, 0x00, 0x00, 0x00, 0x00,
    0x00, 0x00, 0x00, 0x00, 0x00, 0x00, 0x00, 0x00, 0x00, 0x00, 0x00, 0x00, 0x00, 0x00, 0x00, 0x00,
    0x00, 0x00, 0x00, 0x00, 0x00, 0x00, 0x00, 0x00, 0x00, 0x00, 0x00, 0x00, 0x00, 0x00, 0x00, 0x00,
    0x00, 0x00, 0x00, 0x00, 0x00, 0x00, 0xff, 0x03, 0x00, 0x00, 0x00, 0x00, 0x00, 0x00, 0x00, 0x00,
    0x0a, 0x00, 0xdf, 0x30, 0x08, 0x00, 0xe4, 0xaf, 0x09, 0x00, 0xe9, 0xff, 0x09, 0x00, 0xee, 0xff,
    0x09, 0x00, 0xe0, 0xfe, 0x09, 0x00, 0xe1, 0xfc, 0x09, 0x00, 0xe2, 0xff, 0x09, 0x00, 0xe2, 0xff,
    0x09, 0x00, 0xe2, 0xff, 0x09, 0x00, 0xe2, 0xff, 0x09, 0x00, 0xe2, 0xff, 0x09, 0x00, 0xe2, 0xff,
    0x09, 0x00, 0xe2, 0xff, 0x09, 0x00, 0xe2, 0xff, 0x09, 0x00, 0xe2, 0xff, 0x09, 0x00, 0xe2, 0xff,
    0x09, 0x00, 0xe2, 0xff, 0x09, 0x00, 0xe2, 0xff, 0x09, 0x00, 0xe2, 0xff, 0x09, 0x00, 0xe2, 0xff,
    0x09, 0x00, 0xe2, 0xff, 0x09, 0x00, 0xe2, 0xff, 0x09, 0x00, 0xe2, 0xff, 0x09, 0x00, 0xe2, 0xff,
    0x09, 0x00, 0xe2, 0xff, 0x09, 0x00, 0xe2, 0xff, 0x09, 0x00, 0xe2, 0xff, 0x09, 0x00, 0xe2, 0xff,
    0x0a, 0x01, 0xe2, 0xff, 0x06, 0x01, 0xe2, 0xff, 0x1b, 0x14, 0xe4, 0xff, 0xeb, 0xea, 0xfc, 0xff,
    0xfd, 0xfd, 0xff, 0xff, 0xfe, 0xfe, 0xff, 0xff, 0xff, 0xff, 0xff, 0xff, 0xff, 0xff, 0xff, 0xff,
    0xff, 0xff, 0xff, 0xff, 0xff, 0xff, 0xff, 0xff, 0xff, 0xff, 0xff, 0xff, 0xff, 0xff, 0xff, 0xff,
    0xfc, 0xfc, 0xff, 0xff, 0xfd, 0xfd, 0xff, 0xff, 0xfe, 0xfd, 0xff, 0xff, 0xfd, 0xfd, 0xff, 0xff,
    0xfd, 0xfd, 0xff, 0xff, 0xfd, 0xfd, 0xff, 0xff, 0xfd, 0xfd, 0xff, 0xff, 0xfd, 0xfd, 0xff, 0xff,
    0xfd, 0xfd, 0xff, 0xff, 0xfd, 0xfd, 0xff, 0xff, 0xfd, 0xfd, 0xff, 0xff, 0xfd, 0xfd, 0xff, 0xff,
    0xfd, 0xfd, 0xff, 0xff, 0xfd, 0xfd, 0xff, 0xff, 0xfd, 0xfd, 0xff, 0xff, 0xfd, 0xfd, 0xff, 0xff,
    0xfd, 0xfd, 0xff, 0xff, 0xfd, 0xfd, 0xff, 0xff, 0xfd, 0xfd, 0xff, 0xff, 0xfd, 0xfd, 0xff, 0xff,
    0xfd, 0xfd, 0xff, 0xff, 0xfd, 0xfd, 0xff, 0xff, 0xfd, 0xfd, 0xff, 0xff, 0xfd, 0xfd, 0xff, 0xff,
    0xfd, 0xfd, 0xff, 0xff, 0xfd, 0xfd, 0xff, 0xff, 0xfd, 0xfd, 0xff, 0xff, 0xfd, 0xfd, 0xff, 0xff,
    0xfd, 0xfd, 0xff, 0xff, 0xfd, 0xfd, 0xff, 0xff, 0xfd, 0xfd, 0xff, 0xff, 0xfd, 0xfd, 0xff, 0xff,
    0xfd, 0xfd, 0xff, 0xff, 0xf3, 0xf3, 0xfe, 0xff, 0x24, 0x1d, 0xe5, 0xff, 0x04, 0x01, 0xe1, 0xff,
    0x0b, 0x02, 0xe2, 0xff, 0x09, 0x00, 0xe2, 0xff, 0x09, 0x00, 0xe2, 0xff, 0x09, 0x00, 0xe2, 0xff,
    0x09, 0x00, 0xe2, 0xff, 0x09, 0x00, 0xe2, 0xff, 0x09, 0x00, 0xe2, 0xff, 0x09, 0x00, 0xe2, 0xff,
    0x09, 0x00, 0xe2, 0xff, 0x09, 0x00, 0xe2, 0xff, 0x09, 0x00, 0xe2, 0xff, 0x09, 0x00, 0xe2, 0xff,
    0x09, 0x00, 0xe2, 0xff, 0x09, 0x00, 0xe2, 0xff, 0x09, 0x00, 0xe2, 0xff, 0x09, 0x00, 0xe2, 0xff,
    0x09, 0x00, 0xe2, 0xff, 0x09, 0x00, 0xe2, 0xff, 0x09, 0x00, 0xe2, 0xff, 0x09, 0x00, 0xe2, 0xff,
    0x09, 0x00, 0xe2, 0xff, 0x09, 0x00, 0xe2, 0xff, 0x09, 0x00, 0xe2, 0xff, 0x09, 0x00, 0xe2, 0xff,
    0x09, 0x00, 0xe2, 0xff, 0x09, 0x00, 0xe2, 0xff, 0x09, 0x00, 0xe2, 0xff, 0x09, 0x00, 0xe2, 0xff,
    0x09, 0x00, 0xe2, 0xff, 0x09, 0x00, 0xe2, 0xff, 0x09, 0x00, 0xe2, 0xff, 0x09, 0x00, 0xe2, 0xff,
    0x09, 0x00, 0xe2, 0xff, 0x09, 0x00, 0xe2, 0xff, 0x09, 0x00, 0xe2, 0xff, 0x09, 0x00, 0xe2, 0xff,
    0x09, 0x00, 0xe2, 0xff, 0x09, 0x00, 0xe2, 0xff, 0x09, 0x00, 0xe2, 0xff, 0x09, 0x00, 0xe2, 0xff,
    0x09, 0x00, 0xe2, 0xff, 0x09, 0x00, 0xe2, 0xff, 0x09, 0x00, 0xe2, 0xff, 0x09, 0x00, 0xe2, 0xff,
    0x09, 0x00, 0xe2, 0xff, 0x09, 0x00, 0xe2, 0xff, 0x09, 0x00, 0xe2, 0xff, 0x09, 0x00, 0xe2, 0xff,
    0x09, 0x00, 0xe2, 0xff, 0x09, 0x00, 0xe2, 0xff, 0x09, 0x00, 0xe2, 0xff, 0x09, 0x00, 0xe2, 0xff,
    0x09, 0x00, 0xe2, 0xff, 0x09, 0x00, 0xe2, 0xff, 0x09, 0x00, 0xe2, 0xff, 0x09, 0x00, 0xe2, 0xff,
    0x09, 0x00, 0xe2, 0xff, 0x09, 0x00, 0xe2, 0xff, 0x09, 0x00, 0xe2, 0xff, 0x09, 0x00, 0xe2, 0xff,
    0x09, 0x00, 0xe2, 0xff, 0x09, 0x00, 0xe2, 0xff, 0x09, 0x00, 0xe2, 0xff, 0x09, 0x00, 0xe2, 0xff,
    0x09, 0x00, 0xe2, 0xff, 0x09, 0x00, 0xe2, 0xff, 0x09, 0x00, 0xe2, 0xff, 0x09, 0x00, 0xe2, 0xff,
    0x09, 0x00, 0xe2, 0xff, 0x09, 0x00, 0xe2, 0xff, 0x09, 0x00, 0xe2, 0xff, 0x09, 0x00, 0xe2, 0xff,
    0x09, 0x00, 0xe2, 0xff, 0x09, 0x00, 0xe2, 0xff, 0x09, 0x00, 0xe2, 0xff, 0x09, 0x00, 0xe2, 0xff,
    0x09, 0x00, 0xe2, 0xff, 0x09, 0x00, 0xe2, 0xff, 0x09, 0x00, 0xe2, 0xff, 0x09, 0x00, 0xe2, 0xff,
    0x09, 0x00, 0xe2, 0xff, 0x09, 0x00, 0xe2, 0xff, 0x09, 0x00, 0xe2, 0xff, 0x09, 0x00, 0xe2, 0xff,
    0x09, 0x00, 0xe2, 0xff, 0x09, 0x00, 0xe2, 0xff, 0x09, 0x00, 0xe2, 0xff, 0x09, 0x00, 0xe2, 0xff,
    0x09, 0x00, 0xe2, 0xff, 0x09, 0x00, 0xe2, 0xff, 0x09, 0x00, 0xe2, 0xff, 0x09, 0x00, 0xe2, 0xff,
    0x09, 0x00, 0xe2, 0xff, 0x09, 0x00, 0xe2, 0xff, 0x09, 0x00, 0xe2, 0xff, 0x09, 0x00, 0xe2, 0xff,
    0x09, 0x00, 0xe2, 0xff, 0x09, 0x00, 0xe2, 0xff, 0x09, 0x00, 0xe2, 0xff, 0x09, 0x00, 0xe2, 0xff,
    0x09, 0x00, 0xe2, 0xff, 0x09, 0x00, 0xe2, 0xff, 0x09, 0x00, 0xe2, 0xff, 0x09, 0x00, 0xe2, 0xff,
    0x09, 0x00, 0xe2, 0xff, 0x09, 0x00, 0xe2, 0xff, 0x09, 0x00, 0xe2, 0xff, 0x09, 0x00, 0xe2, 0xff,
    0x09, 0x00, 0xe2, 0xff, 0x09, 0x00, 0xe2, 0xff, 0x09, 0x00, 0xe2, 0xff, 0x09, 0x00, 0xe2, 0xff,
    0x0d, 0x04, 0xe2, 0xff, 0x00, 0x00, 0xe0, 0xff, 0x83, 0x7f, 0xf1, 0xff, 0xfe, 0xfe, 0xff, 0xff,
    0xf8, 0xf7, 0xff, 0xff, 0xfb, 0xfb, 0xff, 0xff, 0xfb, 0xfb, 0xff, 0xff, 0xfb, 0xfb, 0xff, 0xff,
    0xfb, 0xfb, 0xff, 0xff, 0xf8, 0xf7, 0xff, 0xff, 0xfb, 0xfb, 0xff, 0xff, 0xa1, 0x9e, 0xf4, 0xff,
    0x00, 0x00, 0xe0, 0xff, 0x0c, 0x03, 0xe2, 0xff, 0x09, 0x00, 0xe2, 0xff, 0x09, 0x00, 0xe2, 0xff,
    0x09, 0x00, 0xe2, 0xff, 0x09, 0x00, 0xe2, 0xff, 0x09, 0x00, 0xe2, 0xff, 0x09, 0x00, 0xe2, 0xff,
    0x09, 0x00, 0xe2, 0xff, 0x09, 0x00, 0xe2, 0xff, 0x09, 0x00, 0xe2, 0xff, 0x09, 0x00, 0xe2, 0xff,
    0x09, 0x00, 0xe2, 0xff, 0x09, 0x00, 0xe2, 0xff, 0x09, 0x00, 0xe2, 0xff, 0x09, 0x00, 0xe2, 0xff,
    0x09, 0x00, 0xe2, 0xff, 0x09, 0x00, 0xe2, 0xff, 0x09, 0x00, 0xe2, 0xff, 0x09, 0x00, 0xe2, 0xff,
    0x09, 0x00, 0xe2, 0xff, 0x09, 0x00, 0xe2, 0xff, 0x09, 0x00, 0xe2, 0xff, 0x09, 0x00, 0xe2, 0xff,
    0x09, 0x00, 0xe2, 0xff, 0x09, 0x00, 0xe2, 0xff, 0x09, 0x00, 0xe2, 0xff, 0x09, 0x00, 0xe2, 0xff,
    0x09, 0x00, 0xe2, 0xff, 0x09, 0x00, 0xe2, 0xff, 0x09, 0x00, 0xe2, 0xff, 0x09, 0x00, 0xe2, 0xff,
    0x09, 0x00, 0xe2, 0xff, 0x09, 0x00, 0xe2, 0xff, 0x09, 0x00, 0xe2, 0xff, 0x09, 0x00, 0xe2, 0xff,
    0x09, 0x00, 0xe2, 0xff, 0x09, 0x00, 0xe2, 0xff, 0x09, 0x00, 0xe2, 0xff, 0x09, 0x00, 0xe2, 0xff,
    0x09, 0x00, 0xe2, 0xff, 0x09, 0x00, 0xe2, 0xff, 0x09, 0x00, 0xe2, 0xff, 0x09, 0x00, 0xe2, 0xff,
    0x09, 0x00, 0xe2, 0xff, 0x09, 0x00, 0xe2, 0xff, 0x09, 0x00, 0xe2, 0xff, 0x09, 0x00, 0xe2, 0xff,
    0x09, 0x00, 0xe2, 0xff, 0x09, 0x00, 0xe2, 0xff, 0x09, 0x00, 0xe2, 0xff, 0x09, 0x00, 0xe2, 0xff,
    0x09, 0x00, 0xe2, 0xff, 0x09, 0x00, 0xe2, 0xff, 0x09, 0x00, 0xe2, 0xff, 0x09, 0x00, 0xe2, 0xff,
    0x09, 0x00, 0xe2, 0xff, 0x09, 0x00, 0xe2, 0xff, 0x09, 0x00, 0xe2, 0xff, 0x09, 0x00, 0xe2, 0xff,
    0x09, 0x00, 0xe2, 0xff, 0x09, 0x00, 0xe2, 0xff, 0x09, 0x00, 0xe2, 0xff, 0x09, 0x00, 0xe2, 0xff,
    0x09, 0x00, 0xe2, 0xff, 0x09, 0x00, 0xe2, 0xff, 0x09, 0x00, 0xe2, 0xff, 0x09, 0x00, 0xe2, 0xff,
    0x09, 0x00, 0xe2, 0xff, 0x09, 0x00, 0xe2, 0xff, 0x09, 0x00, 0xe2, 0xff, 0x09, 0x00, 0xe2, 0xff,
    0x09, 0x00, 0xe2, 0xff, 0x09, 0x00, 0xe2, 0xff, 0x09, 0x00, 0xe2, 0xff, 0x09, 0x00, 0xe2, 0xff,
    0x09, 0x00, 0xe2, 0xff, 0x09, 0x00, 0xe2, 0xff, 0x09, 0x00, 0xe2, 0xff, 0x09, 0x00, 0xe2, 0xff,
    0x09, 0x00, 0xe2, 0xff, 0x09, 0x00, 0xe2, 0xff, 0x09, 0x00, 0xe1, 0xfc, 0x09, 0x00, 0xe0, 0xfe,
    0x09, 0x00, 0xee, 0xff, 0x09, 0x00, 0xe8, 0xff, 0x08, 0x00, 0xe4, 0xaf, 0x0a, 0x00, 0xdf, 0x31,
    0x00, 0x00, 0x00, 0x00, 0x00, 0x00, 0x00, 0x00, 0x00, 0x00, 0xff, 0x03, 0x00, 0x00, 0x00, 0x00,
    0x00, 0x00, 0x00, 0x00, 0x00, 0x00, 0x00, 0x00, 0x00, 0x00, 0x00, 0x00, 0x00, 0x00, 0x00, 0x00,
    0x00, 0x00, 0x00, 0x00, 0x00, 0x00, 0x00, 0x00, 0x00, 0x00, 0x00, 0x00, 0x00, 0x00, 0x00, 0x00,
    0x00, 0x00, 0x00, 0x00, 0x00, 0x00, 0x00, 0x00, 0x00, 0x00, 0x00, 0x00, 0x00, 0x00, 0x00, 0x00,
    0x00, 0x00, 0x00, 0x00, 0x00, 0x00, 0x00, 0x00, 0x00, 0x00, 0x00, 0x00, 0x00, 0x00, 0x00, 0x00,
    0x00, 0x00, 0x00, 0x00, 0x00, 0x00, 0x00, 0x00, 0x00, 0x00, 0x00, 0x00, 0x00, 0x00, 0x00, 0x00,
    0x00, 0x00, 0x00, 0x00, 0x00, 0x00, 0x00, 0x00, 0x00, 0x00, 0x00, 0x00, 0x00, 0x00, 0x7f, 0x02,
    0x00, 0x00, 0xff, 0x02, 0x00, 0x00, 0x00, 0x00, 0x0c, 0x00, 0xda, 0x15, 0x08, 0x00, 0xe7, 0x8f,
    0x09, 0x00, 0xe6, 0xf9, 0x0a, 0x00, 0xef, 0xff, 0x09, 0x00, 0xe1, 0xfe, 0x09, 0x00, 0xe1, 0xfc,
    0x09, 0x00, 0xe2, 0xff, 0x09, 0x00, 0xe2, 0xff, 0x09, 0x00, 0xe2, 0xff, 0x09, 0x00, 0xe2, 0xff,
    0x09, 0x00, 0xe2, 0xff, 0x09, 0x00, 0xe2, 0xff, 0x09, 0x00, 0xe2, 0xff, 0x09, 0x00, 0xe2, 0xff,
    0x09, 0x00, 0xe2, 0xff, 0x09, 0x00, 0xe2, 0xff, 0x09, 0x00, 0xe2, 0xff, 0x09, 0x00, 0xe2, 0xff,
    0x09, 0x00, 0xe2, 0xff, 0x09, 0x00, 0xe2, 0xff, 0x09, 0x00, 0xe2, 0xff, 0x09, 0x00, 0xe2, 0xff,
    0x09, 0x00, 0xe2, 0xff, 0x09, 0x00, 0xe2, 0xff, 0x09, 0x00, 0xe2, 0xff, 0x09, 0x00, 0xe2, 0xff,
    0x09, 0x00, 0xe2, 0xff, 0x09, 0x00, 0xe2, 0xff, 0x09, 0x00, 0xe2, 0xff, 0x09, 0x00, 0xe2, 0xff,
    0x0d, 0x04, 0xe2, 0xff, 0x00, 0x00, 0xe0, 0xff, 0x7d, 0x79, 0xf0, 0xff, 0xff, 0xff, 0xff, 0xff,
    0xfb, 0xfb, 0xff, 0xff, 0xff, 0xff, 0xff, 0xff, 0xff, 0xff, 0xff, 0xff, 0xff, 0xff, 0xff, 0xff,
    0xff, 0xff, 0xff, 0xff, 0xff, 0xff, 0xff, 0xff, 0xff, 0xff, 0xff, 0xff, 0xff, 0xff, 0xff, 0xff,
    0xff, 0xff, 0xff, 0xff, 0xff, 0xff, 0xff, 0xff, 0xff, 0xff, 0xff, 0xff, 0xff, 0xff, 0xff, 0xff,
    0xff, 0xff, 0xff, 0xff, 0xff, 0xff, 0xff, 0xff, 0xff, 0xff, 0xff, 0xff, 0xff, 0xff, 0xff, 0xff,
    0xff, 0xff, 0xff, 0xff, 0xff, 0xff, 0xff, 0xff, 0xff, 0xff, 0xff, 0xff, 0xff, 0xff, 0xff, 0xff,
    0xff, 0xff, 0xff, 0xff, 0xff, 0xff, 0xff, 0xff, 0xff, 0xff, 0xff, 0xff, 0xff, 0xff, 0xff, 0xff,
    0xff, 0xff, 0xff, 0xff, 0xff, 0xff, 0xff, 0xff, 0xff, 0xff, 0xff, 0xff, 0xff, 0xff, 0xff, 0xff,
    0xff, 0xff, 0xff, 0xff, 0xff, 0xff, 0xff, 0xff, 0xff, 0xff, 0xff, 0xff, 0xff, 0xff, 0xff, 0xff,
    0xff, 0xff, 0xff, 0xff, 0xff, 0xff, 0xff, 0xff, 0xff, 0xff, 0xff, 0xff, 0xff, 0xff, 0xff, 0xff,
    0xff, 0xff, 0xff, 0xff, 0xff, 0xff, 0xff, 0xff, 0xff, 0xff, 0xff, 0xff, 0xff, 0xff, 0xff, 0xff,
    0xff, 0xff, 0xff, 0xff, 0xa0, 0x9d, 0xf4, 0xff, 0x00, 0x00, 0xe0, 0xff, 0x0c, 0x03, 0xe2, 0xff,
    0x09, 0x00, 0xe2, 0xff, 0x09, 0x00, 0xe2, 0xff, 0x09, 0x00, 0xe2, 0xff, 0x09, 0x00, 0xe2, 0xff,
    0x09, 0x00, 0xe2, 0xff, 0x09, 0x00, 0xe2, 0xff, 0x09, 0x00, 0xe2, 0xff, 0x09, 0x00, 0xe2, 0xff,
    0x09, 0x00, 0xe2, 0xff, 0x09, 0x00, 0xe2, 0xff, 0x09, 0x00, 0xe2, 0xff, 0x09, 0x00, 0xe2, 0xff,
    0x09, 0x00, 0xe2, 0xff, 0x09, 0x00, 0xe2, 0xff, 0x09, 0x00, 0xe2, 0xff, 0x09, 0x00, 0xe2, 0xff,
    0x09, 0x00, 0xe2, 0xff, 0x09, 0x00, 0xe2, 0xff, 0x09, 0x00, 0xe2, 0xff, 0x09, 0x00, 0xe2, 0xff,
    0x09, 0x00, 0xe2, 0xff, 0x09, 0x00, 0xe2, 0xff, 0x09, 0x00, 0xe2, 0xff, 0x09, 0x00, 0xe2, 0xff,
    0x09, 0x00, 0xe2, 0xff, 0x09, 0x00, 0xe2, 0xff, 0x09, 0x00, 0xe2, 0xff, 0x09, 0x00, 0xe2, 0xff,
    0x09, 0x00, 0xe2, 0xff, 0x09, 0x00, 0xe2, 0xff, 0x09, 0x00, 0xe2, 0xff, 0x09, 0x00, 0xe2, 0xff,
    0x09, 0x00, 0xe2, 0xff, 0x09, 0x00, 0xe2, 0xff, 0x09, 0x00, 0xe2, 0xff, 0x09, 0x00, 0xe2, 0xff,
    0x09, 0x00, 0xe2, 0xff, 0x09, 0x00, 0xe2, 0xff, 0x09, 0x00, 0xe2, 0xff, 0x09, 0x00, 0xe2, 0xff,
    0x09, 0x00, 0xe2, 0xff, 0x09, 0x00, 0xe2, 0xff, 0x09, 0x00, 0xe2, 0xff, 0x09, 0x00, 0xe2, 0xff,
    0x09, 0x00, 0xe2, 0xff, 0x09, 0x00, 0xe2, 0xff, 0x09, 0x00, 0xe2, 0xff, 0x09, 0x00, 0xe2, 0xff,
    0x09, 0x00, 0xe2, 0xff, 0x09, 0x00, 0xe2, 0xff, 0x09, 0x00, 0xe2, 0xff, 0x09, 0x00, 0xe2, 0xff,
    0x09, 0x00, 0xe2, 0xff, 0x09, 0x00, 0xe2, 0xff, 0x09, 0x00, 0xe2, 0xff, 0x09, 0x00, 0xe2, 0xff,
    0x09, 0x00, 0xe2, 0xff, 0x09, 0x00, 0xe2, 0xff, 0x09, 0x00, 0xe2, 0xff, 0x09, 0x00, 0xe2, 0xff,
    0x09, 0x00, 0xe2, 0xff, 0x09, 0x00, 0xe2, 0xff, 0x09, 0x00, 0xe2, 0xff, 0x09, 0x00, 0xe2, 0xff,
    0x09, 0x00, 0xe2, 0xff, 0x09, 0x00, 0xe2, 0xff, 0x09, 0x00, 0xe2, 0xff, 0x09, 0x00, 0xe2, 0xff,
    0x09, 0x00, 0xe2, 0xff, 0x09, 0x00, 0xe2, 0xff, 0x09, 0x00, 0xe2, 0xff, 0x09, 0x00, 0xe2, 0xff,
    0x09, 0x00, 0xe2, 0xff, 0x09, 0x00, 0xe2, 0xff, 0x09, 0x00, 0xe2, 0xff, 0x09, 0x00, 0xe2, 0xff,
    0x09, 0x00, 0xe2, 0xff, 0x09, 0x00, 0xe2, 0xff, 0x09, 0x00, 0xe2, 0xff, 0x09, 0x00, 0xe2, 0xff,
    0x09, 0x00, 0xe2, 0xff, 0x09, 0x00, 0xe2, 0xff, 0x09, 0x00, 0xe2, 0xff, 0x09, 0x00, 0xe2, 0xff,
    0x09, 0x00, 0xe2, 0xff, 0x09, 0x00, 0xe2, 0xff, 0x09, 0x00, 0xe2, 0xff, 0x09, 0x00, 0xe2, 0xff,
    0x09, 0x00, 0xe2, 0xff, 0x09, 0x00, 0xe2, 0xff, 0x09, 0x00, 0xe2, 0xff, 0x09, 0x00, 0xe2, 0xff,
    0x09, 0x00, 0xe2, 0xff, 0x09, 0x00, 0xe2, 0xff, 0x09, 0x00, 0xe2, 0xff, 0x09, 0x00, 0xe2, 0xff,
    0x09, 0x00, 0xe2, 0xff, 0x09, 0x00, 0xe2, 0xff, 0x09, 0x00, 0xe2, 0xff, 0x09, 0x00, 0xe2, 0xff,
    0x09, 0x00, 0xe2, 0xff, 0x09, 0x00, 0xe2, 0xff, 0x09, 0x00, 0xe2, 0xff, 0x09, 0x00, 0xe2, 0xff,
    0x09, 0x00, 0xe2, 0xff, 0x09, 0x00, 0xe2, 0xff, 0x09, 0x00, 0xe2, 0xff, 0x09, 0x00, 0xe2, 0xff,
    0x09, 0x00, 0xe2, 0xff, 0x09, 0x00, 0xe2, 0xff, 0x09, 0x00, 0xe2, 0xff, 0x0a, 0x01, 0xe2, 0xff,
    0x07, 0x01, 0xe2, 0xff, 0x11, 0x0b, 0xe3, 0xff, 0xe1, 0xe0, 0xfc, 0xff, 0xff, 0xff, 0xff, 0xff,
    0xfd, 0xfd, 0xff, 0xff, 0xff, 0xff, 0xff, 0xff, 0xff, 0xff, 0xff, 0xff, 0xff, 0xff, 0xff, 0xff,
    0xff, 0xff, 0xff, 0xff, 0xfe, 0xfe, 0xff, 0xff, 0xfe, 0xfe, 0xff, 0xff, 0x3f, 0x38, 0xe9, 0xff,
    0x01, 0x00, 0xe1, 0xff, 0x0c, 0x03, 0xe2, 0xff, 0x09, 0x00, 0xe2, 0xff, 0x09, 0x00, 0xe2, 0xff,
    0x09, 0x00, 0xe2, 0xff, 0x09, 0x00, 0xe2, 0xff, 0x09, 0x00, 0xe2, 0xff, 0x09, 0x00, 0xe2, 0xff,
    0x09, 0x00, 0xe2, 0xff, 0x09, 0x00, 0xe2, 0xff, 0x09, 0x00, 0xe2, 0xff, 0x09, 0x00, 0xe2, 0xff,
    0x09, 0x00, 0xe2, 0xff, 0x09, 0x00, 0xe2, 0xff, 0x09, 0x00, 0xe2, 0xff, 0x09, 0x00, 0xe2, 0xff,
    0x09, 0x00, 0xe2, 0xff, 0x09, 0x00, 0xe2, 0xff, 0x09, 0x00, 0xe2, 0xff, 0x09, 0x00, 0xe2, 0xff,
    0x09, 0x00, 0xe2, 0xff, 0x09, 0x00, 0xe2, 0xff, 0x09, 0x00, 0xe2, 0xff, 0x09, 0x00, 0xe2, 0xff,
    0x09, 0x00, 0xe2, 0xff, 0x09, 0x00, 0xe2, 0xff, 0x09, 0x00, 0xe2, 0xff, 0x09, 0x00, 0xe2, 0xff,
    0x09, 0x00, 0xe2, 0xff, 0x09, 0x00, 0xe2, 0xff, 0x09, 0x00, 0xe2, 0xff, 0x09, 0x00, 0xe2, 0xff,
    0x09, 0x00, 0xe2, 0xff, 0x09, 0x00, 0xe2, 0xff, 0x09, 0x00, 0xe2, 0xff, 0x09, 0x00, 0xe2, 0xff,
    0x09, 0x00, 0xe2, 0xff, 0x09, 0x00, 0xe2, 0xff, 0x09, 0x00, 0xe2, 0xff, 0x09, 0x00, 0xe2, 0xff,
    0x09, 0x00, 0xe2, 0xff, 0x09, 0x00, 0xe2, 0xff, 0x09, 0x00, 0xe2, 0xff, 0x09, 0x00, 0xe2, 0xff,
    0x09, 0x00, 0xe2, 0xff, 0x09, 0x00, 0xe2, 0xff, 0x09, 0x00, 0xe2, 0xff, 0x09, 0x00, 0xe2, 0xff,
    0x09, 0x00, 0xe2, 0xff, 0x09, 0x00, 0xe2, 0xff, 0x09, 0x00, 0xe2, 0xff, 0x09, 0x00, 0xe2, 0xff,
    0x09, 0x00, 0xe2, 0xff, 0x09, 0x00, 0xe2, 0xff, 0x09, 0x00, 0xe2, 0xff, 0x09, 0x00, 0xe2, 0xff,
    0x09, 0x00, 0xe2, 0xff, 0x09, 0x00, 0xe2, 0xff, 0x09, 0x00, 0xe2, 0xff, 0x09, 0x00, 0xe2, 0xff,
    0x09, 0x00, 0xe2, 0xff, 0x09, 0x00, 0xe2, 0xff, 0x09, 0x00, 0xe2, 0xff, 0x09, 0x00, 0xe2, 0xff,
    0x09, 0x00, 0xe2, 0xff, 0x09, 0x00, 0xe2, 0xff, 0x09, 0x00, 0xe2, 0xff, 0x09, 0x00, 0xe2, 0xff,
    0x09, 0x00, 0xe2, 0xff, 0x09, 0x00, 0xe2, 0xff, 0x09, 0x00, 0xe2, 0xff, 0x09, 0x00, 0xe2, 0xff,
    0x09, 0x00, 0xe2, 0xff, 0x09, 0x00, 0xe2, 0xff, 0x09, 0x00, 0xe2, 0xff, 0x09, 0x00, 0xe2, 0xff,
    0x09, 0x00, 0xe2, 0xff, 0x09, 0x00, 0xe2, 0xff, 0x09, 0x00, 0xe2, 0xff, 0x09, 0x00, 0xe2, 0xff,
    0x09, 0x00, 0xe2, 0xff, 0x09, 0x00, 0xe2, 0xff, 0x09, 0x00, 0xe2, 0xff, 0x09, 0x00, 0xe2, 0xff,
    0x09, 0x00, 0xe1, 0xfc, 0x09, 0x00, 0xe1, 0xfe, 0x0a, 0x00, 0xef, 0xff, 0x09, 0x00, 0xe6, 0xf9,
    0x08, 0x00, 0xe6, 0x91, 0x0b, 0x00, 0xdc, 0x16, 0x00, 0x00, 0x00, 0x00, 0x00, 0x00, 0xff, 0x02,
    0x00, 0x00, 0x7f, 0x02, 0x00, 0x00, 0x00, 0x00, 0x00, 0x00, 0x00, 0x00, 0x00, 0x00, 0x00, 0x00,
    0x00, 0x00, 0x00, 0x00, 0x00, 0x00, 0x00, 0x00, 0x00, 0x00, 0x00, 0x00, 0x00, 0x00, 0x00, 0x00,
    0x00, 0x00, 0x00, 0x00, 0x00, 0x00, 0x00, 0x00, 0x00, 0x00, 0x00, 0x00, 0x00, 0x00, 0x00, 0x00,
    0x00, 0x00, 0x00, 0x00, 0x00, 0x00, 0x00, 0x00, 0x00, 0x00, 0x00, 0x00, 0x00, 0x00, 0x00, 0x00,
    0x00, 0x00, 0x00, 0x00, 0x00, 0x00, 0x00, 0x00, 0x00, 0x00, 0x00, 0x00, 0x00, 0x00, 0x00, 0x00,
    0x00, 0x00, 0x00, 0x00, 0x00, 0x00, 0x00, 0x00, 0x00, 0x00, 0xff, 0x03, 0x00, 0x00, 0x00, 0x00,
    0x00, 0x00, 0x00, 0x00, 0x08, 0x00, 0xe3, 0x5c, 0x09, 0x00, 0xe7, 0xe2, 0x09, 0x00, 0xf1, 0xff,
    0x09, 0x00, 0xe3, 0xff, 0x09, 0x00, 0xe1, 0xfc, 0x09, 0x00, 0xe2, 0xff, 0x09, 0x00, 0xe2, 0xff,
    0x09, 0x00, 0xe2, 0xff, 0x09, 0x00, 0xe2, 0xff, 0x09, 0x00, 0xe2, 0xff, 0x09, 0x00, 0xe2, 0xff,
    0x09, 0x00, 0xe2, 0xff, 0x09, 0x00, 0xe2, 0xff, 0x09, 0x00, 0xe2, 0xff, 0x09, 0x00, 0xe2, 0xff,
    0x09, 0x00, 0xe2, 0xff, 0x09, 0x00, 0xe2, 0xff, 0x09, 0x00, 0xe2, 0xff, 0x09, 0x00, 0xe2, 0xff,
    0x09, 0x00, 0xe2, 0xff, 0x09, 0x00, 0xe2, 0xff, 0x09, 0x00, 0xe2, 0xff, 0x09, 0x00, 0xe2, 0xff,
    0x09, 0x00, 0xe2, 0xff, 0x09, 0x00, 0xe2, 0xff, 0x09, 0x00, 0xe2, 0xff, 0x09, 0x00, 0xe2, 0xff,
    0x09, 0x00, 0xe2, 0xff, 0x09, 0x00, 0xe2, 0xff, 0x09, 0x00, 0xe2, 0xff, 0x0a, 0x01, 0xe2, 0xff,
    0x07, 0x01, 0xe2, 0xff, 0x0f, 0x09, 0xe3, 0xff, 0xdf, 0xde, 0xfb, 0xff, 0xfe, 0xfe, 0xff, 0xff,
    0xfd, 0xfd, 0xff, 0xff, 0xff, 0xff, 0xff, 0xff, 0xff, 0xff, 0xff, 0xff, 0xff, 0xff, 0xff, 0xff,
    0xff, 0xff, 0xff, 0xff, 0xfe, 0xfe, 0xff, 0xff, 0xfd, 0xfd, 0xff, 0xff, 0xfc, 0xfd, 0xff, 0xff,
    0x88, 0x84, 0xf1, 0xff, 0x44, 0x40, 0xe9, 0xff, 0x49, 0x42, 0xea, 0xff, 0x48, 0x42, 0xea, 0xff,
    0x48, 0x42, 0xea, 0xff, 0x48, 0x42, 0xea, 0xff, 0x48, 0x42, 0xea, 0xff, 0x48, 0x42, 0xea, 0xff,
    0x48, 0x42, 0xea, 0xff, 0x48, 0x42, 0xea, 0xff, 0x48, 0x42, 0xea, 0xff, 0x48, 0x42, 0xea, 0xff,
    0x48, 0x42, 0xea, 0xff, 0x48, 0x42, 0xea, 0xff, 0x48, 0x42, 0xea, 0xff, 0x48, 0x42, 0xea, 0xff,
    0x48, 0x42, 0xea, 0xff, 0x48, 0x42, 0xea, 0xff, 0x48, 0x42, 0xea, 0xff, 0x48, 0x42, 0xea, 0xff,
    0x48, 0x42, 0xea, 0xff, 0x48, 0x42, 0xea, 0xff, 0x48, 0x42, 0xea, 0xff, 0x48, 0x42, 0xea, 0xff,
    0x48, 0x42, 0xea, 0xff, 0x48, 0x42, 0xea, 0xff, 0x48, 0x42, 0xea, 0xff, 0x48, 0x42, 0xea, 0xff,
    0x48, 0x42, 0xea, 0xff, 0x48, 0x42, 0xea, 0xff, 0x48, 0x42, 0xea, 0xff, 0x47, 0x41, 0xea, 0xff,
    0x4a, 0x43, 0xea, 0xff, 0x1c, 0x14, 0xe4, 0xff, 0x07, 0x01, 0xe2, 0xff, 0x0a, 0x01, 0xe2, 0xff,
    0x09, 0x00, 0xe2, 0xff, 0x09, 0x00, 0xe2, 0xff, 0x09, 0x00, 0xe2, 0xff, 0x09, 0x00, 0xe2, 0xff,
    0x09, 0x00, 0xe2, 0xff, 0x09, 0x00, 0xe2, 0xff, 0x09, 0x00, 0xe2, 0xff, 0x09, 0x00, 0xe2, 0xff,
    0x09, 0x00, 0xe2, 0xff, 0x09, 0x00, 0xe2, 0xff, 0x09, 0x00, 0xe2, 0xff, 0x09, 0x00, 0xe2, 0xff,
    0x09, 0x00, 0xe2, 0xff, 0x09, 0x00, 0xe2, 0xff, 0x09, 0x00, 0xe2, 0xff, 0x09, 0x00, 0xe2, 0xff,
    0x09, 0x00, 0xe2, 0xff, 0x09, 0x00, 0xe2, 0xff, 0x09, 0x00, 0xe2, 0xff, 0x09, 0x00, 0xe2, 0xff,
    0x09, 0x00, 0xe2, 0xff, 0x09, 0x00, 0xe2, 0xff, 0x09, 0x00, 0xe2, 0xff, 0x09, 0x00, 0xe2, 0xff,
    0x09, 0x00, 0xe2, 0xff, 0x09, 0x00, 0xe2, 0xff, 0x09, 0x00, 0xe2, 0xff, 0x09, 0x00, 0xe2, 0xff,
    0x09, 0x00, 0xe2, 0xff, 0x09, 0x00, 0xe2, 0xff, 0x09, 0x00, 0xe2, 0xff, 0x09, 0x00, 0xe2, 0xff,
    0x09, 0x00, 0xe2, 0xff, 0x09, 0x00, 0xe2, 0xff, 0x09, 0x00, 0xe2, 0xff, 0x09, 0x00, 0xe2, 0xff,
    0x09, 0x00, 0xe2, 0xff, 0x09, 0x00, 0xe2, 0xff, 0x09, 0x00, 0xe2, 0xff, 0x09, 0x00, 0xe2, 0xff,
    0x09, 0x00, 0xe2, 0xff, 0x09, 0x00, 0xe2, 0xff, 0x09, 0x00, 0xe2, 0xff, 0x09, 0x00, 0xe2, 0xff,
    0x09, 0x00, 0xe2, 0xff, 0x09, 0x00, 0xe2, 0xff, 0x09, 0x00, 0xe2, 0xff, 0x09, 0x00, 0xe2, 0xff,
    0x09, 0x00, 0xe2, 0xff, 0x09, 0x00, 0xe2, 0xff, 0x09, 0x00, 0xe2, 0xff, 0x09, 0x00, 0xe2, 0xff,
    0x09, 0x00, 0xe2, 0xff, 0x09, 0x00, 0xe2, 0xff, 0x09, 0x00, 0xe2, 0xff, 0x09, 0x00, 0xe2, 0xff,
    0x09, 0x00, 0xe2, 0xff, 0x09, 0x00, 0xe2, 0xff, 0x09, 0x00, 0xe2, 0xff, 0x09, 0x00, 0xe2, 0xff,
    0x09, 0x00, 0xe2, 0xff, 0x09, 0x00, 0xe2, 0xff, 0x09, 0x00, 0xe2, 0xff, 0x09, 0x00, 0xe2, 0xff,
    0x09, 0x00, 0xe2, 0xff, 0x09, 0x00, 0xe2, 0xff, 0x09, 0x00, 0xe2, 0xff, 0x09, 0x00, 0xe2, 0xff,
    0x09, 0x00, 0xe2, 0xff, 0x09, 0x00, 0xe2, 0xff, 0x09, 0x00, 0xe2, 0xff, 0x09, 0x00, 0xe2, 0xff,
    0x09, 0x00, 0xe2, 0xff, 0x09, 0x00, 0xe2, 0xff, 0x09, 0x00, 0xe2, 0xff, 0x09, 0x00, 0xe2, 0xff,
    0x09, 0x00, 0xe2, 0xff, 0x09, 0x00, 0xe2, 0xff, 0x09, 0x00, 0xe2, 0xff, 0x09, 0x00, 0xe2, 0xff,
    0x09, 0x00, 0xe2, 0xff, 0x09, 0x00, 0xe2, 0xff, 0x09, 0x00, 0xe2, 0xff, 0x09, 0x00, 0xe2, 0xff,
    0x09, 0x00, 0xe2, 0xff, 0x09, 0x00, 0xe2, 0xff, 0x09, 0x00, 0xe2, 0xff, 0x09, 0x00, 0xe2, 0xff,
    0x09, 0x00, 0xe2, 0xff, 0x09, 0x00, 0xe2, 0xff, 0x09, 0x00, 0xe2, 0xff, 0x09, 0x00, 0xe2, 0xff,
    0x09, 0x00, 0xe2, 0xff, 0x09, 0x00, 0xe2, 0xff, 0x09, 0x00, 0xe2, 0xff, 0x09, 0x00, 0xe2, 0xff,
    0x09, 0x00, 0xe2, 0xff, 0x09, 0x00, 0xe2, 0xff, 0x09, 0x00, 0xe2, 0xff, 0x09, 0x00, 0xe2, 0xff,
    0x09, 0x00, 0xe2, 0xff, 0x09, 0x00, 0xe2, 0xff, 0x09, 0x00, 0xe2, 0xff, 0x09, 0x00, 0xe2, 0xff,
    0x09, 0x00, 0xe2, 0xff, 0x09, 0x00, 0xe2, 0xff, 0x09, 0x00, 0xe2, 0xff, 0x09, 0x00, 0xe2, 0xff,
    0x09, 0x00, 0xe2, 0xff, 0x09, 0x00, 0xe2, 0xff, 0x09, 0x00, 0xe2, 0xff, 0x0d, 0x04, 0xe2, 0xff,
    0x00, 0x00, 0xe0, 0xff, 0x5f, 0x5a, 0xec, 0xff, 0xff, 0xff, 0xff, 0xff, 0xfc, 0xfc, 0xff, 0xff,
    0xff, 0xff, 0xff, 0xff, 0xff, 0xff, 0xff, 0xff, 0xff, 0xff, 0xff, 0xff, 0xff, 0xff, 0xff, 0xff,
    0xfc, 0xfc, 0xff, 0xff, 0xff, 0xff, 0xff, 0xff, 0xc5, 0xc4, 0xf8, 0xff, 0x04, 0x01, 0xe2, 0xff,
    0x0a, 0x02, 0xe2, 0xff, 0x09, 0x00, 0xe2, 0xff, 0x09, 0x00, 0xe2, 0xff, 0x09, 0x00, 0xe2, 0xff,
    0x09, 0x00, 0xe2, 0xff, 0x09, 0x00, 0xe2, 0xff, 0x09, 0x00, 0xe2, 0xff, 0x09, 0x00, 0xe2, 0xff,
    0x09, 0x00, 0xe2, 0xff, 0x09, 0x00, 0xe2, 0xff, 0x09, 0x00, 0xe2, 0xff, 0x09, 0x00, 0xe2, 0xff,
    0x09, 0x00, 0xe2, 0xff, 0x09, 0x00, 0xe2, 0xff, 0x09, 0x00, 0xe2, 0xff, 0x09, 0x00, 0xe2, 0xff,
    0x09, 0x00, 0xe2, 0xff, 0x09, 0x00, 0xe2, 0xff, 0x09, 0x00, 0xe2, 0xff, 0x09, 0x00, 0xe2, 0xff,
    0x09, 0x00, 0xe2, 0xff, 0x09, 0x00, 0xe2, 0xff, 0x09, 0x00, 0xe2, 0xff, 0x09, 0x00, 0xe2, 0xff,
    0x09, 0x00, 0xe2, 0xff, 0x09, 0x00, 0xe2, 0xff, 0x09, 0x00, 0xe2, 0xff, 0x09, 0x00, 0xe2, 0xff,
    0x09, 0x00, 0xe2, 0xff, 0x09, 0x00, 0xe2, 0xff, 0x09, 0x00, 0xe2, 0xff, 0x09, 0x00, 0xe2, 0xff,
    0x09, 0x00, 0xe2, 0xff, 0x09, 0x00, 0xe2, 0xff, 0x09, 0x00, 0xe2, 0xff, 0x09, 0x00, 0xe2, 0xff,
    0x09, 0x00, 0xe2, 0xff, 0x09, 0x00, 0xe2, 0xff, 0x09, 0x00, 0xe2, 0xff, 0x09, 0x00, 0xe2, 0xff,
    0x09, 0x00, 0xe2, 0xff, 0x09, 0x00, 0xe2, 0xff, 0x09, 0x00, 0xe2, 0xff, 0x09, 0x00, 0xe2, 0xff,
    0x09, 0x00, 0xe2, 0xff, 0x09, 0x00, 0xe2, 0xff, 0x09, 0x00, 0xe2, 0xff, 0x09, 0x00, 0xe2, 0xff,
    0x09, 0x00, 0xe2, 0xff, 0x09, 0x00, 0xe2, 0xff, 0x09, 0x00, 0xe2, 0xff, 0x09, 0x00, 0xe2, 0xff,
    0x09, 0x00, 0xe2, 0xff, 0x09, 0x00, 0xe2, 0xff, 0x09, 0x00, 0xe2, 0xff, 0x09, 0x00, 0xe2, 0xff,
    0x09, 0x00, 0xe2, 0xff, 0x09, 0x00, 0xe2, 0xff, 0x09, 0x00, 0xe2, 0xff, 0x09, 0x00, 0xe2, 0xff,
    0x09, 0x00, 0xe2, 0xff, 0x09, 0x00, 0xe2, 0xff, 0x09, 0x00, 0xe2, 0xff, 0x09, 0x00, 0xe2, 0xff,
    0x09, 0x00, 0xe2, 0xff, 0x09, 0x00, 0xe2, 0xff, 0x09, 0x00, 0xe2, 0xff, 0x09, 0x00, 0xe2, 0xff,
    0x09, 0x00, 0xe2, 0xff, 0x09, 0x00, 0xe2, 0xff, 0x09, 0x00, 0xe2, 0xff, 0x09, 0x00, 0xe2, 0xff,
    0x09, 0x00, 0xe2, 0xff, 0x09, 0x00, 0xe2, 0xff, 0x09, 0x00, 0xe2, 0xff, 0x09, 0x00, 0xe2, 0xff,
    0x09, 0x00, 0xe2, 0xff, 0x09, 0x00, 0xe2, 0xff, 0x09, 0x00, 0xe2, 0xff, 0x09, 0x00, 0xe2, 0xff,
    0x09, 0x00, 0xe2, 0xff, 0x09, 0x00, 0xe2, 0xff, 0x09, 0x00, 0xe2, 0xff, 0x09, 0x00, 0xe2, 0xff,
    0x09, 0x00, 0xe2, 0xff, 0x09, 0x00, 0xe2, 0xff, 0x09, 0x00, 0xe1, 0xfc, 0x09, 0x00, 0xe2, 0xff,
    0x0a, 0x00, 0xf1, 0xff, 0x09, 0x00, 0xe7, 0xe2, 0x08, 0x00, 0xe3, 0x5c, 0x00, 0x00, 0x00, 0x00,
    0x00, 0x00, 0x00, 0x00, 0x00, 0x00, 0xff, 0x03, 0x00, 0x00, 0x00, 0x00, 0x00, 0x00, 0x00, 0x00,
    0x00, 0x00, 0x00, 0x00, 0x00, 0x00, 0x00, 0x00, 0x00, 0x00, 0x00, 0x00, 0x00, 0x00, 0x00, 0x00,
    0x00, 0x00, 0x00, 0x00, 0x00, 0x00, 0x00, 0x00, 0x00, 0x00, 0x00, 0x00, 0x00, 0x00, 0x00, 0x00,
    0x00, 0x00, 0x00, 0x00, 0x00, 0x00, 0x00, 0x00, 0x00, 0x00, 0x00, 0x00, 0x00, 0x00, 0x00, 0x00,
    0x00, 0x00, 0x00, 0x00, 0x00, 0x00, 0x00, 0x00, 0x00, 0x00, 0x00, 0x00, 0x00, 0x00, 0x00, 0x00,
    0x00, 0x00, 0xff, 0x01, 0x00, 0x00, 0xff, 0x03, 0x00, 0x00, 0x00, 0x00, 0x08, 0x00, 0xdd, 0x1e,
    0x08, 0x00, 0xe7, 0xac, 0x09, 0x00, 0xee, 0xff, 0x09, 0x00, 0xe8, 0xff, 0x09, 0x00, 0xe1, 0xfb,
    0x09, 0x00, 0xe1, 0xfe, 0x09, 0x00, 0xe2, 0xff, 0x09, 0x00, 0xe2, 0xff, 0x09, 0x00, 0xe2, 0xff,
    0x09, 0x00, 0xe2, 0xff, 0x09, 0x00, 0xe2, 0xff, 0x09, 0x00, 0xe2, 0xff, 0x09, 0x00, 0xe2, 0xff,
    0x09, 0x00, 0xe2, 0xff, 0x09, 0x00, 0xe2, 0xff, 0x09, 0x00, 0xe2, 0xff, 0x09, 0x00, 0xe2, 0xff,
    0x09, 0x00, 0xe2, 0xff, 0x09, 0x00, 0xe2, 0xff, 0x09, 0x00, 0xe2, 0xff, 0x09, 0x00, 0xe2, 0xff,
    0x09, 0x00, 0xe2, 0xff, 0x09, 0x00, 0xe2, 0xff, 0x09, 0x00, 0xe2, 0xff, 0x09, 0x00, 0xe2, 0xff,
    0x09, 0x00, 0xe2, 0xff, 0x09, 0x00, 0xe2, 0xff, 0x09, 0x00, 0xe2, 0xff, 0x09, 0x00, 0xe2, 0xff,
    0x09, 0x00, 0xe2, 0xff, 0x09, 0x00, 0xe2, 0xff, 0x09, 0x00, 0xe2, 0xff, 0x0d, 0x04, 0xe2, 0xff,
    0x00, 0x00, 0xe0, 0xff, 0x5e, 0x58, 0xec, 0xff, 0xff, 0xff, 0xff, 0xff, 0xfc, 0xfc, 0xff, 0xff,
    0xff, 0xff, 0xff, 0xff, 0xff, 0xff, 0xff, 0xff, 0xff, 0xff, 0xff, 0xff, 0xff, 0xff, 0xff, 0xff,
    0xff, 0xff, 0xff, 0xff, 0xfc, 0xfc, 0xff, 0xff, 0xff, 0xff, 0xff, 0xff, 0x85, 0x80, 0xf1, 0xff,
    0x00, 0x00, 0xdf, 0xff, 0x00, 0x00, 0xe0, 0xff, 0x00, 0x00, 0xe1, 0xff, 0x00, 0x00, 0xe1, 0xff,
    0x00, 0x00, 0xe1, 0xff, 0x00, 0x00, 0xe1, 0xff, 0x00, 0x00, 0xe1, 0xff, 0x00, 0x00, 0xe1, 0xff,
    0x00, 0x00, 0xe1, 0xff, 0x00, 0x00, 0xe1, 0xff, 0x00, 0x00, 0xe1, 0xff, 0x00, 0x00, 0xe1, 0xff,
    0x00, 0x00, 0xe1, 0xff, 0x00, 0x00, 0xe1, 0xff, 0x00, 0x00, 0xe1, 0xff, 0x00, 0x00, 0xe1, 0xff,
    0x00, 0x00, 0xe1, 0xff, 0x00, 0x00, 0xe1, 0xff, 0x00, 0x00, 0xe1, 0xff, 0x00, 0x00, 0xe1, 0xff,
    0x00, 0x00, 0xe1, 0xff, 0x00, 0x00, 0xe1, 0xff, 0x00, 0x00, 0xe1, 0xff, 0x00, 0x00, 0xe1, 0xff,
    0x00, 0x00, 0xe1, 0xff, 0x00, 0x00, 0xe1, 0xff, 0x00, 0x00, 0xe1, 0xff, 0x00, 0x00, 0xe1, 0xff,
    0x00, 0x00, 0xe1, 0xff, 0x00, 0x00, 0xe1, 0xff, 0x00, 0x00, 0xe1, 0xff, 0x00, 0x00, 0xe1, 0xff,
    0x00, 0x00, 0xe0, 0xff, 0x05, 0x00, 0xe2, 0xff, 0x0a, 0x00, 0xe2, 0xff, 0x09, 0x00, 0xe2, 0xff,
    0x09, 0x00, 0xe2, 0xff, 0x09, 0x00, 0xe2, 0xff, 0x09, 0x00, 0xe2, 0xff, 0x09, 0x00, 0xe2, 0xff,
    0x09, 0x00, 0xe2, 0xff, 0x09, 0x00, 0xe2, 0xff, 0x09, 0x00, 0xe2, 0xff, 0x09, 0x00, 0xe2, 0xff,
    0x09, 0x00, 0xe2, 0xff, 0x09, 0x00, 0xe2, 0xff, 0x09, 0x00, 0xe2, 0xff, 0x09, 0x00, 0xe2, 0xff,
    0x09, 0x00, 0xe2, 0xff, 0x09, 0x00, 0xe2, 0xff, 0x09, 0x00, 0xe2, 0xff, 0x09, 0x00, 0xe2, 0xff,
    0x09, 0x00, 0xe2, 0xff, 0x09, 0x00, 0xe2, 0xff, 0x09, 0x00, 0xe2, 0xff, 0x09, 0x00, 0xe2, 0xff,
    0x09, 0x00, 0xe2, 0xff, 0x09, 0x00, 0xe2, 0xff, 0x09, 0x00, 0xe2, 0xff, 0x09, 0x00, 0xe2, 0xff,
    0x09, 0x00, 0xe2, 0xff, 0x09, 0x00, 0xe2, 0xff, 0x09, 0x00, 0xe2, 0xff, 0x09, 0x00, 0xe2, 0xff,
    0x09, 0x00, 0xe2, 0xff, 0x09, 0x00, 0xe2, 0xff, 0x09, 0x00, 0xe2, 0xff, 0x09, 0x00, 0xe2, 0xff,
    0x09, 0x00, 0xe2, 0xff, 0x09, 0x00, 0xe2, 0xff, 0x09, 0x00, 0xe2, 0xff, 0x09, 0x00, 0xe2, 0xff,
    0x09, 0x00, 0xe2, 0xff, 0x09, 0x00, 0xe2, 0xff, 0x09, 0x00, 0xe2, 0xff, 0x09, 0x00, 0xe2, 0xff,
    0x09, 0x00, 0xe2, 0xff, 0x09, 0x00, 0xe2, 0xff, 0x09, 0x00, 0xe2, 0xff, 0x09, 0x00, 0xe2, 0xff,
    0x09, 0x00, 0xe2, 0xff, 0x09, 0x00, 0xe2, 0xff, 0x09, 0x00, 0xe2, 0xff, 0x09, 0x00, 0xe2, 0xff,
    0x09, 0x00, 0xe2, 0xff, 0x09, 0x00, 0xe2, 0xff, 0x09, 0x00, 0xe2, 0xff, 0x09, 0x00, 0xe2, 0xff,
    0x09, 0x00, 0xe2, 0xff, 0x09, 0x00, 0xe2, 0xff, 0x09, 0x00, 0xe2, 0xff, 0x09, 0x00, 0xe2, 0xff,
    0x09, 0x00, 0xe2, 0xff, 0x09, 0x00, 0xe2, 0xff, 0x09, 0x00, 0xe2, 0xff, 0x09, 0x00, 0xe2, 0xff,
    0x09, 0x00, 0xe2, 0xff, 0x09, 0x00, 0xe2, 0xff, 0x09, 0x00, 0xe2, 0xff, 0x09, 0x00, 0xe2, 0xff,
    0x09, 0x00, 0xe2, 0xff, 0x09, 0x00, 0xe2, 0xff, 0x09, 0x00, 0xe2, 0xff, 0x09, 0x00, 0xe2, 0xff,
    0x09, 0x00, 0xe2, 0xff, 0x09, 0x00, 0xe2, 0xff, 0x09, 0x00, 0xe2, 0xff, 0x09, 0x00, 0xe2, 0xff,
    0x09, 0x00, 0xe2, 0xff, 0x09, 0x00, 0xe2, 0xff, 0x09, 0x00, 0xe2, 0xff, 0x09, 0x00, 0xe2, 0xff,
    0x09, 0x00, 0xe2, 0xff, 0x09, 0x00, 0xe2, 0xff, 0x09, 0x00, 0xe2, 0xff, 0x09, 0x00, 0xe2, 0xff,
    0x09, 0x00, 0xe2, 0xff, 0x09, 0x00, 0xe2, 0xff, 0x09, 0x00, 0xe2, 0xff, 0x09, 0x00, 0xe2, 0xff,
    0x09, 0x00, 0xe2, 0xff, 0x09, 0x00, 0xe2, 0xff, 0x09, 0x00, 0xe2, 0xff, 0x09, 0x00, 0xe2, 0xff,
    0x09, 0x00, 0xe2, 0xff, 0x09, 0x00, 0xe2, 0xff, 0x09, 0x00, 0xe2, 0xff, 0x09, 0x00, 0xe2, 0xff,
    0x09, 0x00, 0xe2, 0xff, 0x09, 0x00, 0xe2, 0xff, 0x09, 0x00, 0xe2, 0xff, 0x09, 0x00, 0xe2, 0xff,
    0x09, 0x00, 0xe2, 0xff, 0x09, 0x00, 0xe2, 0xff, 0x09, 0x00, 0xe2, 0xff, 0x09, 0x00, 0xe2, 0xff,
    0x09, 0x00, 0xe2, 0xff, 0x09, 0x00, 0xe2, 0xff, 0x09, 0x00, 0xe2, 0xff, 0x09, 0x00, 0xe2, 0xff,
    0x09, 0x00, 0xe2, 0xff, 0x09, 0x00, 0xe2, 0xff, 0x09, 0x00, 0xe2, 0xff, 0x09, 0x00, 0xe2, 0xff,
    0x09, 0x00, 0xe2, 0xff, 0x09, 0x00, 0xe2, 0xff, 0x09, 0x00, 0xe2, 0xff, 0x0a, 0x02, 0xe2, 0xff,
    0x03, 0x00, 0xe1, 0xff, 0xc3, 0xc1, 0xf8, 0xff, 0xfd, 0xfd, 0xff, 0xff, 0xfb, 0xfa, 0xff, 0xff,
    0xfd, 0xfd, 0xff, 0xff, 0xfd, 0xfd, 0xff, 0xff, 0xfd, 0xfd, 0xff, 0xff, 0xfd, 0xfd, 0xff, 0xff,
    0xfb, 0xfb, 0xff, 0xff, 0xff, 0xff, 0xff, 0xff, 0x5f, 0x59, 0xec, 0xff, 0x00, 0x00, 0xe0, 0xff,
    0x0d, 0x04, 0xe2, 0xff, 0x09, 0x00, 0xe2, 0xff, 0x09, 0x00, 0xe2, 0xff, 0x09, 0x00, 0xe2, 0xff,
    0x09, 0x00, 0xe2, 0xff, 0x09, 0x00, 0xe2, 0xff, 0x09, 0x00, 0xe2, 0xff, 0x09, 0x00, 0xe2, 0xff,
    0x09, 0x00, 0xe2, 0xff, 0x09, 0x00, 0xe2, 0xff, 0x09, 0x00, 0xe2, 0xff, 0x09, 0x00, 0xe2, 0xff,
    0x09, 0x00, 0xe2, 0xff, 0x09, 0x00, 0xe2, 0xff, 0x09, 0x00, 0xe2, 0xff, 0x09, 0x00, 0xe2, 0xff,
    0x09, 0x00, 0xe2, 0xff, 0x09, 0x00, 0xe2, 0xff, 0x09, 0x00, 0xe2, 0xff, 0x09, 0x00, 0xe2, 0xff,
    0x09, 0x00, 0xe2, 0xff, 0x09, 0x00, 0xe2, 0xff, 0x09, 0x00, 0xe2, 0xff, 0x09, 0x00, 0xe2, 0xff,
    0x09, 0x00, 0xe2, 0xff, 0x09, 0x00, 0xe2, 0xff, 0x09, 0x00, 0xe2, 0xff, 0x09, 0x00, 0xe2, 0xff,
    0x09, 0x00, 0xe2, 0xff, 0x09, 0x00, 0xe2, 0xff, 0x09, 0x00, 0xe2, 0xff, 0x09, 0x00, 0xe2, 0xff,
    0x09, 0x00, 0xe2, 0xff, 0x09, 0x00, 0xe2, 0xff, 0x09, 0x00, 0xe2, 0xff, 0x09, 0x00, 0xe2, 0xff,
    0x09, 0x00, 0xe2, 0xff, 0x09, 0x00, 0xe2, 0xff, 0x09, 0x00, 0xe2, 0xff, 0x09, 0x00, 0xe2, 0xff,
    0x09, 0x00, 0xe2, 0xff, 0x09, 0x00, 0xe2, 0xff, 0x09, 0x00, 0xe2, 0xff, 0x09, 0x00, 0xe2, 0xff,
    0x09, 0x00, 0xe2, 0xff, 0x09, 0x00, 0xe2, 0xff, 0x09, 0x00, 0xe2, 0xff, 0x09, 0x00, 0xe2, 0xff,
    0x09, 0x00, 0xe2, 0xff, 0x09, 0x00, 0xe2, 0xff, 0x09, 0x00, 0xe2, 0xff, 0x09, 0x00, 0xe2, 0xff,
    0x09, 0x00, 0xe2, 0xff, 0x09, 0x00, 0xe2, 0xff, 0x09, 0x00, 0xe2, 0xff, 0x09, 0x00, 0xe2, 0xff,
    0x09, 0x00, 0xe2, 0xff, 0x09, 0x00, 0xe2, 0xff, 0x09, 0x00, 0xe2, 0xff, 0x09, 0x00, 0xe2, 0xff,
    0x09, 0x00, 0xe2, 0xff, 0x09, 0x00, 0xe2, 0xff, 0x09, 0x00, 0xe2, 0xff, 0x09, 0x00, 0xe2, 0xff,
    0x09, 0x00, 0xe2, 0xff, 0x09, 0x00, 0xe2, 0xff, 0x09, 0x00, 0xe2, 0xff, 0x09, 0x00, 0xe2, 0xff,
    0x09, 0x00, 0xe2, 0xff, 0x09, 0x00, 0xe2, 0xff, 0x09, 0x00, 0xe2, 0xff, 0x09, 0x00, 0xe2, 0xff,
    0x09, 0x00, 0xe2, 0xff, 0x09, 0x00, 0xe2, 0xff, 0x09, 0x00, 0xe2, 0xff, 0x09, 0x00, 0xe2, 0xff,
    0x09, 0x00, 0xe2, 0xff, 0x09, 0x00, 0xe2, 0xff, 0x09, 0x00, 0xe2, 0xff, 0x09, 0x00, 0xe2, 0xff,
    0x09, 0x00, 0xe2, 0xff, 0x09, 0x00, 0xe2, 0xff, 0x09, 0x00, 0xe2, 0xff, 0x09, 0x00, 0xe2, 0xff,
    0x09, 0x00, 0xe2, 0xff, 0x09, 0x00, 0xe2, 0xff, 0x09, 0x00, 0xe2, 0xff, 0x09, 0x00, 0xe1, 0xfe,
    0x09, 0x00, 0xe1, 0xfb, 0x09, 0x00, 0xe7, 0xff, 0x09, 0x00, 0xee, 0xff, 0x08, 0x00, 0xe6, 0xae,
    0x08, 0x00, 0xdd, 0x1e, 0x00, 0x00, 0x00, 0x00, 0x00, 0x00, 0xff, 0x03, 0x00, 0x00, 0xff, 0x01,
    0x00, 0x00, 0x00, 0x00, 0x00, 0x00, 0x00, 0x00, 0x00, 0x00, 0x00, 0x00, 0x00, 0x00, 0x00, 0x00,
    0x00, 0x00, 0x00, 0x00, 0x00, 0x00, 0x00, 0x00, 0x00, 0x00, 0x00, 0x00, 0x00, 0x00, 0x00, 0x00,
    0x00, 0x00, 0x00, 0x00, 0x00, 0x00, 0x00, 0x00, 0x00, 0x00, 0x00, 0x00, 0x00, 0x00, 0x00, 0x00,
    0x00, 0x00, 0x00, 0x00, 0x00, 0x00, 0x00, 0x00, 0x00, 0x00, 0x00, 0x00, 0x00, 0x00, 0x7f, 0x02,
    0x00, 0x00, 0xff, 0x01, 0x00, 0x00, 0x00, 0x00, 0x09, 0x00, 0xe0, 0x53, 0x08, 0x00, 0xe6, 0xe8,
    0x0a, 0x00, 0xf0, 0xff, 0x09, 0x00, 0xe1, 0xfc, 0x09, 0x00, 0xe1, 0xfd, 0x09, 0x00, 0xe2, 0xff,
    0x09, 0x00, 0xe2, 0xff, 0x09, 0x00, 0xe2, 0xff, 0x09, 0x00, 0xe2, 0xff, 0x09, 0x00, 0xe2, 0xff,
    0x09, 0x00, 0xe2, 0xff, 0x09, 0x00, 0xe2, 0xff, 0x09, 0x00, 0xe2, 0xff, 0x09, 0x00, 0xe2, 0xff,
    0x09, 0x00, 0xe2, 0xff, 0x09, 0x00, 0xe2, 0xff, 0x09, 0x00, 0xe2, 0xff, 0x09, 0x00, 0xe2, 0xff,
    0x09, 0x00, 0xe2, 0xff, 0x09, 0x00, 0xe2, 0xff, 0x09, 0x00, 0xe2, 0xff, 0x09, 0x00, 0xe2, 0xff,
    0x09, 0x00, 0xe2, 0xff, 0x09, 0x00, 0xe2, 0xff, 0x09, 0x00, 0xe2, 0xff, 0x09, 0x00, 0xe2, 0xff,
    0x09, 0x00, 0xe2, 0xff, 0x09, 0x00, 0xe2, 0xff, 0x09, 0x00, 0xe2, 0xff, 0x09, 0x00, 0xe2, 0xff,
    0x09, 0x00, 0xe2, 0xff, 0x09, 0x00, 0xe2, 0xff, 0x09, 0x00, 0xe2, 0xff, 0x0a, 0x02, 0xe2, 0xff,
    0x04, 0x00, 0xe1, 0xff, 0xc5, 0xc3, 0xf8, 0xff, 0xff, 0xff, 0xff, 0xff, 0xfc, 0xfc, 0xff, 0xff,
    0xff, 0xff, 0xff, 0xff, 0xff, 0xff, 0xff, 0xff, 0xff, 0xff, 0xff, 0xff, 0xff, 0xff, 0xff, 0xff,
    0xfd, 0xfd, 0xff, 0xff, 0xfe, 0xfe, 0xff, 0xff, 0xe9, 0xe9, 0xfd, 0xff, 0x16, 0x0f, 0xe3, 0xff,
    0x07, 0x03, 0xe2, 0xff, 0x0d, 0x04, 0xe2, 0xff, 0x0c, 0x03, 0xe2, 0xff, 0x0c, 0x03, 0xe2, 0xff,
    0x0c, 0x03, 0xe2, 0xff, 0x0c, 0x03, 0xe2, 0xff, 0x0c, 0x03, 0xe2, 0xff, 0x0c, 0x03, 0xe2, 0xff,
    0x0c, 0x03, 0xe2, 0xff, 0x0c, 0x03, 0xe2, 0xff, 0x0c, 0x03, 0xe2, 0xff, 0x0c, 0x03, 0xe2, 0xff,
    0x0c, 0x03, 0xe2, 0xff, 0x0c, 0x03, 0xe2, 0xff, 0x0c, 0x03, 0xe2, 0xff, 0x0c, 0x03, 0xe2, 0xff,
    0x0c, 0x03, 0xe2, 0xff, 0x0c, 0x03, 0xe2, 0xff, 0x0c, 0x03, 0xe2, 0xff, 0x0c, 0x03, 0xe2, 0xff,
    0x0c, 0x03, 0xe2, 0xff, 0x0c, 0x03, 0xe2, 0xff, 0x0c, 0x03, 0xe2, 0xff, 0x0c, 0x03, 0xe2, 0xff,
    0x0c, 0x03, 0xe2, 0xff, 0x0c, 0x03, 0xe2, 0xff, 0x0c, 0x03, 0xe2, 0xff, 0x0c, 0x03, 0xe2, 0xff,
    0x0c, 0x03, 0xe2, 0xff, 0x0c, 0x03, 0xe2, 0xff, 0x0c, 0x03, 0xe2, 0xff, 0x0c, 0x03, 0xe2, 0xff,
    0x0c, 0x03, 0xe2, 0xff, 0x0a, 0x01, 0xe2, 0xff, 0x09, 0x00, 0xe2, 0xff, 0x09, 0x00, 0xe2, 0xff,
    0x09, 0x00, 0xe2, 0xff, 0x09, 0x00, 0xe2, 0xff, 0x09, 0x00, 0xe2, 0xff, 0x09, 0x00, 0xe2, 0xff,
    0x09, 0x00, 0xe2, 0xff, 0x09, 0x00, 0xe2, 0xff, 0x09, 0x00, 0xe2, 0xff, 0x09, 0x00, 0xe2, 0xff,
    0x09, 0x00, 0xe2, 0xff, 0x09, 0x00, 0xe2, 0xff, 0x09, 0x00, 0xe2, 0xff, 0x09, 0x00, 0xe2, 0xff,
    0x09, 0x00, 0xe2, 0xff, 0x09, 0x00, 0xe2, 0xff, 0x09, 0x00, 0xe2, 0xff, 0x09, 0x00, 0xe2, 0xff,
    0x09, 0x00, 0xe2, 0xff, 0x09, 0x00, 0xe2, 0xff, 0x09, 0x00, 0xe2, 0xff, 0x09, 0x00, 0xe2, 0xff,
    0x09, 0x00, 0xe2, 0xff, 0x09, 0x00, 0xe2, 0xff, 0x09, 0x00, 0xe2, 0xff, 0x09, 0x00, 0xe2, 0xff,
    0x09, 0x00, 0xe2, 0xff, 0x09, 0x00, 0xe2, 0xff, 0x09, 0x00, 0xe2, 0xff, 0x09, 0x00, 0xe2, 0xff,
    0x09, 0x00, 0xe2, 0xff, 0x09, 0x00, 0xe2, 0xff, 0x09, 0x00, 0xe2, 0xff, 0x09, 0x00, 0xe2, 0xff,
    0x09, 0x00, 0xe2, 0xff, 0x09, 0x00, 0xe2, 0xff, 0x09, 0x00, 0xe2, 0xff, 0x09, 0x00, 0xe2, 0xff,
    0x09, 0x00, 0xe2, 0xff, 0x09, 0x00, 0xe2, 0xff, 0x09, 0x00, 0xe2, 0xff, 0x09, 0x00, 0xe2, 0xff,
    0x09, 0x00, 0xe2, 0xff, 0x09, 0x00, 0xe2, 0xff, 0x09, 0x00, 0xe2, 0xff, 0x09, 0x00, 0xe2, 0xff,
    0x09, 0x00, 0xe2, 0xff, 0x09, 0x00, 0xe2, 0xff, 0x09, 0x00, 0xe2, 0xff, 0x09, 0x00, 0xe2, 0xff,
    0x09, 0x00, 0xe2, 0xff, 0x09, 0x00, 0xe2, 0xff, 0x09, 0x00, 0xe2, 0xff, 0x09, 0x00, 0xe2, 0xff,
    0x09, 0x00, 0xe2, 0xff, 0x09, 0x00, 0xe2, 0xff, 0x09, 0x00, 0xe2, 0xff, 0x09, 0x00, 0xe2, 0xff,
    0x09, 0x00, 0xe2, 0xff, 0x09, 0x00, 0xe2, 0xff, 0x09, 0x00, 0xe2, 0xff, 0x09, 0x00, 0xe2, 0xff,
    0x09, 0x00, 0xe2, 0xff, 0x09, 0x00, 0xe2, 0xff, 0x09, 0x00, 0xe2, 0xff, 0x09, 0x00, 0xe2, 0xff,
    0x09, 0x00, 0xe2, 0xff, 0x09, 0x00, 0xe2, 0xff, 0x09, 0x00, 0xe2, 0xff, 0x09, 0x00, 0xe2, 0xff,
    0x09, 0x00, 0xe2, 0xff, 0x09, 0x00, 0xe2, 0xff, 0x09, 0x00, 0xe2, 0xff, 0x09, 0x00, 0xe2, 0xff,
    0x09, 0x00, 0xe2, 0xff, 0x09, 0x00, 0xe2, 0xff, 0x09, 0x00, 0xe2, 0xff, 0x09, 0x00, 0xe2, 0xff,
    0x09, 0x00, 0xe2, 0xff, 0x09, 0x00, 0xe2, 0xff, 0x09, 0x00, 0xe2, 0xff, 0x09, 0x00, 0xe2, 0xff,
    0x09, 0x00, 0xe2, 0xff, 0x09, 0x00, 0xe2, 0xff, 0x09, 0x00, 0xe2, 0xff, 0x09, 0x00, 0xe2, 0xff,
    0x09, 0x00, 0xe2, 0xff, 0x09, 0x00, 0xe2, 0xff, 0x09, 0x00, 0xe2, 0xff, 0x09, 0x00, 0xe2, 0xff,
    0x09, 0x00, 0xe2, 0xff, 0x09, 0x00, 0xe2, 0xff, 0x09, 0x00, 0xe2, 0xff, 0x09, 0x00, 0xe2, 0xff,
    0x09, 0x00, 0xe2, 0xff, 0x09, 0x00, 0xe2, 0xff, 0x09, 0x00, 0xe2, 0xff, 0x09, 0x00, 0xe2, 0xff,
    0x09, 0x00, 0xe2, 0xff, 0x09, 0x00, 0xe2, 0xff, 0x09, 0x00, 0xe2, 0xff, 0x09, 0x00, 0xe2, 0xff,
    0x09, 0x00, 0xe2, 0xff, 0x09, 0x00, 0xe2, 0xff, 0x09, 0x00, 0xe2, 0xff, 0x09, 0x00, 0xe2, 0xff,
    0x09, 0x00, 0xe2, 0xff, 0x09, 0x00, 0xe2, 0xff, 0x09, 0x00, 0xe2, 0xff, 0x09, 0x00, 0xe2, 0xff,
    0x09, 0x00, 0xe2, 0xff, 0x09, 0x00, 0xe2, 0xff, 0x0c, 0x03, 0xe2, 0xff, 0x00, 0x00, 0xe1, 0xff,
    0x43, 0x3b, 0xe9, 0xff, 0xff, 0xff, 0xff, 0xff, 0xff, 0xff, 0xff, 0xff, 0xff, 0xff, 0xff, 0xff,
    0xff, 0xff, 0xff, 0xff, 0xff, 0xff, 0xff, 0xff, 0xff, 0xff, 0xff, 0xff, 0xff, 0xff, 0xff, 0xff,
    0xff, 0xff, 0xff, 0xff, 0xe3, 0xe2, 0xfc, 0xff, 0x10, 0x0a, 0xe3, 0xff, 0x07, 0x01, 0xe2, 0xff,
    0x0a, 0x01, 0xe2, 0xff, 0x09, 0x00, 0xe2, 0xff, 0x09, 0x00, 0xe2, 0xff, 0x09, 0x00, 0xe2, 0xff,
    0x09, 0x00, 0xe2, 0xff, 0x09, 0x00, 0xe2, 0xff, 0x09, 0x00, 0xe2, 0xff, 0x09, 0x00, 0xe2, 0xff,
    0x09, 0x00, 0xe2, 0xff, 0x09, 0x00, 0xe2, 0xff, 0x09, 0x00, 0xe2, 0xff, 0x09, 0x00, 0xe2, 0xff,
    0x09, 0x00, 0xe2, 0xff, 0x09, 0x00, 0xe2, 0xff, 0x09, 0x00, 0xe2, 0xff, 0x09, 0x00, 0xe2, 0xff,
    0x09, 0x00, 0xe2, 0xff, 0x09, 0x00, 0xe2, 0xff, 0x09, 0x00, 0xe2, 0xff, 0x09, 0x00, 0xe2, 0xff,
    0x09, 0x00, 0xe2, 0xff, 0x09, 0x00, 0xe2, 0xff, 0x09, 0x00, 0xe2, 0xff, 0x09, 0x00, 0xe2, 0xff,
    0x09, 0x00, 0xe2, 0xff, 0x09, 0x00, 0xe2, 0xff, 0x09, 0x00, 0xe2, 0xff, 0x09, 0x00, 0xe2, 0xff,
    0x09, 0x00, 0xe2, 0xff, 0x09, 0x00, 0xe2, 0xff, 0x09, 0x00, 0xe2, 0xff, 0x09, 0x00, 0xe2, 0xff,
    0x09, 0x00, 0xe2, 0xff, 0x09, 0x00, 0xe2, 0xff, 0x09, 0x00, 0xe2, 0xff, 0x09, 0x00, 0xe2, 0xff,
    0x09, 0x00, 0xe2, 0xff, 0x09, 0x00, 0xe2, 0xff, 0x09, 0x00, 0xe2, 0xff, 0x09, 0x00, 0xe2, 0xff,
    0x09, 0x00, 0xe2, 0xff, 0x09, 0x00, 0xe2, 0xff, 0x09, 0x00, 0xe2, 0xff, 0x09, 0x00, 0xe2, 0xff,
    0x09, 0x00, 0xe2, 0xff, 0x09, 0x00, 0xe2, 0xff, 0x09, 0x00, 0xe2, 0xff, 0x09, 0x00, 0xe2, 0xff,
    0x09, 0x00, 0xe2, 0xff, 0x09, 0x00, 0xe2, 0xff, 0x09, 0x00, 0xe2, 0xff, 0x09, 0x00, 0xe2, 0xff,
    0x09, 0x00, 0xe2, 0xff, 0x09, 0x00, 0xe2, 0xff, 0x09, 0x00, 0xe2, 0xff, 0x09, 0x00, 0xe2, 0xff,
    0x09, 0x00, 0xe2, 0xff, 0x09, 0x00, 0xe2, 0xff, 0x09, 0x00, 0xe2, 0xff, 0x09, 0x00, 0xe2, 0xff,
    0x09, 0x00, 0xe2, 0xff, 0x09, 0x00, 0xe2, 0xff, 0x09, 0x00, 0xe2, 0xff, 0x09, 0x00, 0xe2, 0xff,
    0x09, 0x00, 0xe2, 0xff, 0x09, 0x00, 0xe2, 0xff, 0x09, 0x00, 0xe2, 0xff, 0x09, 0x00, 0xe2, 0xff,
    0x09, 0x00, 0xe2, 0xff, 0x09, 0x00, 0xe2, 0xff, 0x09, 0x00, 0xe2, 0xff, 0x09, 0x00, 0xe2, 0xff,
    0x09, 0x00, 0xe2, 0xff, 0x09, 0x00, 0xe2, 0xff, 0x09, 0x00, 0xe2, 0xff, 0x09, 0x00, 0xe2, 0xff,
    0x09, 0x00, 0xe2, 0xff, 0x09, 0x00, 0xe2, 0xff, 0x09, 0x00, 0xe2, 0xff, 0x09, 0x00, 0xe2, 0xff,
    0x09, 0x00, 0xe2, 0xff, 0x09, 0x00, 0xe2, 0xff, 0x09, 0x00, 0xe2, 0xff, 0x09, 0x00, 0xe2, 0xff,
    0x09, 0x00, 0xe2, 0xff, 0x09, 0x00, 0xe2, 0xff, 0x09, 0x00, 0xe2, 0xff, 0x09, 0x00, 0xe2, 0xff,
    0x09, 0x00, 0xe2, 0xff, 0x09, 0x00, 0xe1, 0xfd, 0x09, 0x00, 0xe1, 0xfc, 0x0a, 0x00, 0xf0, 0xff,
    0x08, 0x00, 0xe6, 0xe8, 0x09, 0x00, 0xe0, 0x54, 0x00, 0x00, 0x00, 0x00, 0x00, 0x00, 0xff, 0x01,
    0x00, 0x00, 0x7f, 0x02, 0x00, 0x00, 0x00, 0x00, 0x00, 0x00, 0x00, 0x00, 0x00, 0x00, 0x00, 0x00,
    0x00, 0x00, 0x00, 0x00, 0x00, 0x00, 0x00, 0x00, 0x00, 0x00, 0x00, 0x00, 0x00, 0x00, 0x00, 0x00,
    0x00, 0x00, 0x00, 0x00, 0x00, 0x00, 0x00, 0x00, 0x00, 0x00, 0x00, 0x00, 0x00, 0x00, 0x00, 0x00,
    0x00, 0x00, 0x00, 0x00, 0x00, 0x00, 0x00, 0x00, 0x00, 0x00, 0xff, 0x02, 0x00, 0x00, 0x00, 0x00,
    0x00, 0x00, 0x00, 0x02, 0x09, 0x00, 0xe3, 0x8b, 0x09, 0x00, 0xec, 0xff, 0x09, 0x00, 0xe7, 0xff,
    0x09, 0x00, 0xe1, 0xfb, 0x09, 0x00, 0xe2, 0xff, 0x09, 0x00, 0xe2, 0xff, 0x09, 0x00, 0xe2, 0xff,
    0x09, 0x00, 0xe2, 0xff, 0x09, 0x00, 0xe2, 0xff, 0x09, 0x00, 0xe2, 0xff, 0x09, 0x00, 0xe2, 0xff,
    0x09, 0x00, 0xe2, 0xff, 0x09, 0x00, 0xe2, 0xff, 0x09, 0x00, 0xe2, 0xff, 0x09, 0x00, 0xe2, 0xff,
    0x09, 0x00, 0xe2, 0xff, 0x09, 0x00, 0xe2, 0xff, 0x09, 0x00, 0xe2, 0xff, 0x09, 0x00, 0xe2, 0xff,
    0x09, 0x00, 0xe2, 0xff, 0x09, 0x00, 0xe2, 0xff, 0x09, 0x00, 0xe2, 0xff, 0x09, 0x00, 0xe2, 0xff,
    0x09, 0x00, 0xe2, 0xff, 0x09, 0x00, 0xe2, 0xff, 0x09, 0x00, 0xe2, 0xff, 0x09, 0x00, 0xe2, 0xff,
    0x09, 0x00, 0xe2, 0xff, 0x09, 0x00, 0xe2, 0xff, 0x09, 0x00, 0xe2, 0xff, 0x09, 0x00, 0xe2, 0xff,
    0x09, 0x00, 0xe2, 0xff, 0x09, 0x00, 0xe2, 0xff, 0x0c, 0x03, 0xe2, 0xff, 0x01, 0x01, 0xe1, 0xff,
    0x40, 0x38, 0xe9, 0xff, 0xfe, 0xfe, 0xff, 0xff, 0xfe, 0xfe, 0xff, 0xff, 0xff, 0xff, 0xff, 0xff,
    0xff, 0xff, 0xff, 0xff, 0xff, 0xff, 0xff, 0xff, 0xff, 0xff, 0xff, 0xff, 0xff, 0xff, 0xff, 0xff,
    0xfc, 0xfb, 0xff, 0xff, 0xff, 0xff, 0xff, 0xff, 0x87, 0x83, 0xf1, 0xff, 0x00, 0x00, 0xe0, 0xff,
    0x0d, 0x04, 0xe2, 0xff, 0x09, 0x00, 0xe2, 0xff, 0x09, 0x00, 0xe2, 0xff, 0x09, 0x00, 0xe2, 0xff,
    0x09, 0x00, 0xe2, 0xff, 0x09, 0x00, 0xe2, 0xff, 0x09, 0x00, 0xe2, 0xff, 0x09, 0x00, 0xe2, 0xff,
    0x09, 0x00, 0xe2, 0xff, 0x09, 0x00, 0xe2, 0xff, 0x09, 0x00, 0xe2, 0xff, 0x09, 0x00, 0xe2, 0xff,
    0x09, 0x00, 0xe2, 0xff, 0x09, 0x00, 0xe2, 0xff, 0x09, 0x00, 0xe2, 0xff, 0x09, 0x00, 0xe2, 0xff,
    0x09, 0x00, 0xe2, 0xff, 0x09, 0x00, 0xe2, 0xff, 0x09, 0x00, 0xe2, 0xff, 0x09, 0x00, 0xe2, 0xff,
    0x09, 0x00, 0xe2, 0xff, 0x09, 0x00, 0xe2, 0xff, 0x09, 0x00, 0xe2, 0xff, 0x09, 0x00, 0xe2, 0xff,
    0x09, 0x00, 0xe2, 0xff, 0x09, 0x00, 0xe2, 0xff, 0x09, 0x00, 0xe2, 0xff, 0x09, 0x00, 0xe2, 0xff,
    0x09, 0x00, 0xe2, 0xff, 0x09, 0x00, 0xe2, 0xff, 0x09, 0x00, 0xe2, 0xff, 0x09, 0x00, 0xe2, 0xff,
    0x09, 0x00, 0xe2, 0xff, 0x09, 0x00, 0xe2, 0xff, 0x09, 0x00, 0xe2, 0xff, 0x09, 0x00, 0xe2, 0xff,
    0x09, 0x00, 0xe2, 0xff, 0x09, 0x00, 0xe2, 0xff, 0x09, 0x00, 0xe2, 0xff, 0x09, 0x00, 0xe2, 0xff,
    0x09, 0x00, 0xe2, 0xff, 0x09, 0x00, 0xe2, 0xff, 0x09, 0x00, 0xe2, 0xff, 0x09, 0x00, 0xe2, 0xff,
    0x09, 0x00, 0xe2, 0xff, 0x09, 0x00, 0xe2, 0xff, 0x09, 0x00, 0xe2, 0xff, 0x09, 0x00, 0xe2, 0xff,
    0x09, 0x00, 0xe2, 0xff, 0x09, 0x00, 0xe2, 0xff, 0x09, 0x00, 0xe2, 0xff, 0x09, 0x00, 0xe2, 0xff,
    0x09, 0x00, 0xe2, 0xff, 0x09, 0x00, 0xe2, 0xff, 0x09, 0x00, 0xe2, 0xff, 0x09, 0x00, 0xe2, 0xff,
    0x09, 0x00, 0xe2, 0xff, 0x09, 0x00, 0xe2, 0xff, 0x09, 0x00, 0xe2, 0xff, 0x09, 0x00, 0xe2, 0xff,
    0x09, 0x00, 0xe2, 0xff, 0x09, 0x00, 0xe2, 0xff, 0x09, 0x00, 0xe2, 0xff, 0x09, 0x00, 0xe2, 0xff,
    0x09, 0x00, 0xe2, 0xff, 0x09, 0x00, 0xe2, 0xff, 0x09, 0x00, 0xe2, 0xff, 0x09, 0x00, 0xe2, 0xff,
    0x09, 0x00, 0xe2, 0xff, 0x09, 0x00, 0xe2, 0xff, 0x09, 0x00, 0xe2, 0xff, 0x09, 0x00, 0xe2, 0xff,
    0x09, 0x00, 0xe2, 0xff, 0x09, 0x00, 0xe2, 0xff, 0x09, 0x00, 0xe2, 0xff, 0x09, 0x00, 0xe2, 0xff,
    0x09, 0x00, 0xe2, 0xff, 0x09, 0x00, 0xe2, 0xff, 0x09, 0x00, 0xe2, 0xff, 0x09, 0x00, 0xe2, 0xff,
    0x09, 0x00, 0xe2, 0xff, 0x09, 0x00, 0xe2, 0xff, 0x09, 0x00, 0xe2, 0xff, 0x09, 0x00, 0xe2, 0xff,
    0x09, 0x00, 0xe2, 0xff, 0x09, 0x00, 0xe2, 0xff, 0x09, 0x00, 0xe2, 0xff, 0x09, 0x00, 0xe2, 0xff,
    0x09, 0x00, 0xe2, 0xff, 0x09, 0x00, 0xe2, 0xff, 0x09, 0x00, 0xe2, 0xff, 0x09, 0x00, 0xe2, 0xff,
    0x09, 0x00, 0xe2, 0xff, 0x09, 0x00, 0xe2, 0xff, 0x09, 0x00, 0xe2, 0xff, 0x09, 0x00, 0xe2, 0xff,
    0x09, 0x00, 0xe2, 0xff, 0x09, 0x00, 0xe2, 0xff, 0x09, 0x00, 0xe2, 0xff, 0x09, 0x00, 0xe2, 0xff,
    0x09, 0x00, 0xe2, 0xff, 0x09, 0x00, 0xe2, 0xff, 0x09, 0x00, 0xe2, 0xff, 0x09, 0x00, 0xe2, 0xff,
    0x09, 0x00, 0xe2, 0xff, 0x09, 0x00, 0xe2, 0xff, 0x09, 0x00, 0xe2, 0xff, 0x09, 0x00, 0xe2, 0xff,
    0x09, 0x00, 0xe2, 0xff, 0x09, 0x00, 0xe2, 0xff, 0x09, 0x00, 0xe2, 0xff, 0x09, 0x00, 0xe2, 0xff,
    0x09, 0x00, 0xe2, 0xff, 0x09, 0x00, 0xe2, 0xff, 0x09, 0x00, 0xe2, 0xff, 0x09, 0x00, 0xe2, 0xff,
    0x09, 0x00, 0xe2, 0xff, 0x09, 0x00, 0xe2, 0xff, 0x09, 0x00, 0xe2, 0xff, 0x09, 0x00, 0xe2, 0xff,
    0x09, 0x00, 0xe2, 0xff, 0x09, 0x00, 0xe2, 0xff, 0x09, 0x00, 0xe2, 0xff, 0x09, 0x00, 0xe2, 0xff,
    0x09, 0x00, 0xe2, 0xff, 0x09, 0x00, 0xe2, 0xff, 0x09, 0x00, 0xe2, 0xff, 0x09, 0x00, 0xe2, 0xff,
    0x09, 0x00, 0xe2, 0xff, 0x09, 0x00, 0xe2, 0xff, 0x09, 0x00, 0xe2, 0xff, 0x09, 0x00, 0xe2, 0xff,
    0x09, 0x00, 0xe2, 0xff, 0x09, 0x00, 0xe2, 0xff, 0x09, 0x00, 0xe2, 0xff, 0x09, 0x00, 0xe2, 0xff,
    0x09, 0x00, 0xe2, 0xff, 0x09, 0x00, 0xe2, 0xff, 0x09, 0x00, 0xe2, 0xff, 0x09, 0x00, 0xe2, 0xff,
    0x09, 0x00, 0xe2, 0xff, 0x09, 0x00, 0xe2, 0xff, 0x09, 0x00, 0xe2, 0xff, 0x09, 0x00, 0xe2, 0xff,
    0x09, 0x00, 0xe2, 0xff, 0x09, 0x00, 0xe2, 0xff, 0x0c, 0x03, 0xe2, 0xff, 0x01, 0x00, 0xe0, 0xff,
    0x8c, 0x88, 0xf2, 0xff, 0xe3, 0xe2, 0xfc, 0xff, 0xdf, 0xde, 0xfc, 0xff, 0xe2, 0xe1, 0xfc, 0xff,
    0xe2, 0xe1, 0xfc, 0xff, 0xe2, 0xe1, 0xfc, 0xff, 0xe2, 0xe1, 0xfc, 0xff, 0xdf, 0xde, 0xfc, 0xff,
    0xe3, 0xe2, 0xfc, 0xff, 0x77, 0x72, 0xef, 0xff, 0x00, 0x00, 0xe0, 0xff, 0x0d, 0x03, 0xe2, 0xff,
    0x09, 0x00, 0xe2, 0xff, 0x09, 0x00, 0xe2, 0xff, 0x09, 0x00, 0xe2, 0xff, 0x09, 0x00, 0xe2, 0xff,
    0x09, 0x00, 0xe2, 0xff, 0x09, 0x00, 0xe2, 0xff, 0x09, 0x00, 0xe2, 0xff, 0x09, 0x00, 0xe2, 0xff,
    0x09, 0x00, 0xe2, 0xff, 0x09, 0x00, 0xe2, 0xff, 0x09, 0x00, 0xe2, 0xff, 0x09, 0x00, 0xe2, 0xff,
    0x09, 0x00, 0xe2, 0xff, 0x09, 0x00, 0xe2, 0xff, 0x09, 0x00, 0xe2, 0xff, 0x09, 0x00, 0xe2, 0xff,
    0x09, 0x00, 0xe2, 0xff, 0x09, 0x00, 0xe2, 0xff, 0x09, 0x00, 0xe2, 0xff, 0x09, 0x00, 0xe2, 0xff,
    0x09, 0x00, 0xe2, 0xff, 0x09, 0x00, 0xe2, 0xff, 0x09, 0x00, 0xe2, 0xff, 0x09, 0x00, 0xe2, 0xff,
    0x09, 0x00, 0xe2, 0xff, 0x09, 0x00, 0xe2, 0xff, 0x09, 0x00, 0xe2, 0xff, 0x09, 0x00, 0xe2, 0xff,
    0x09, 0x00, 0xe2, 0xff, 0x09, 0x00, 0xe2, 0xff, 0x09, 0x00, 0xe2, 0xff, 0x09, 0x00, 0xe2, 0xff,
    0x09, 0x00, 0xe2, 0xff, 0x09, 0x00, 0xe2, 0xff, 0x09, 0x00, 0xe2, 0xff, 0x09, 0x00, 0xe2, 0xff,
    0x09, 0x00, 0xe2, 0xff, 0x09, 0x00, 0xe2, 0xff, 0x09, 0x00, 0xe2, 0xff, 0x09, 0x00, 0xe2, 0xff,
    0x09, 0x00, 0xe2, 0xff, 0x09, 0x00, 0xe2, 0xff, 0x09, 0x00, 0xe2, 0xff, 0x09, 0x00, 0xe2, 0xff,
    0x09, 0x00, 0xe2, 0xff, 0x09, 0x00, 0xe2, 0xff, 0x09, 0x00, 0xe2, 0xff, 0x09, 0x00, 0xe2, 0xff,
    0x09, 0x00, 0xe2, 0xff, 0x09, 0x00, 0xe2, 0xff, 0x09, 0x00, 0xe2, 0xff, 0x09, 0x00, 0xe2, 0xff,
    0x09, 0x00, 0xe2, 0xff, 0x09, 0x00, 0xe2, 0xff, 0x09, 0x00, 0xe2, 0xff, 0x09, 0x00, 0xe2, 0xff,
    0x09, 0x00, 0xe2, 0xff, 0x09, 0x00, 0xe2, 0xff, 0x09, 0x00, 0xe2, 0xff, 0x09, 0x00, 0xe2, 0xff,
    0x09, 0x00, 0xe2, 0xff, 0x09, 0x00, 0xe2, 0xff, 0x09, 0x00, 0xe2, 0xff, 0x09, 0x00, 0xe2, 0xff,
    0x09, 0x00, 0xe2, 0xff, 0x09, 0x00, 0xe2, 0xff, 0x09, 0x00, 0xe2, 0xff, 0x09, 0x00, 0xe2, 0xff,
    0x09, 0x00, 0xe2, 0xff, 0x09, 0x00, 0xe2, 0xff, 0x09, 0x00, 0xe2, 0xff, 0x09, 0x00, 0xe2, 0xff,
    0x09, 0x00, 0xe2, 0xff, 0x09, 0x00, 0xe2, 0xff, 0x09, 0x00, 0xe2, 0xff, 0x09, 0x00, 0xe2, 0xff,
    0x09, 0x00, 0xe2, 0xff, 0x09, 0x00, 0xe2, 0xff, 0x09, 0x00, 0xe2, 0xff, 0x09, 0x00, 0xe2, 0xff,
    0x09, 0x00, 0xe2, 0xff, 0x09, 0x00, 0xe2, 0xff, 0x09, 0x00, 0xe2, 0xff, 0x09, 0x00, 0xe2, 0xff,
    0x09, 0x00, 0xe2, 0xff, 0x09, 0x00, 0xe2, 0xff, 0x09, 0x00, 0xe2, 0xff, 0x09, 0x00, 0xe2, 0xff,
    0x09, 0x00, 0xe2, 0xff, 0x09, 0x00, 0xe2, 0xff, 0x09, 0x00, 0xe2, 0xff, 0x09, 0x00, 0xe1, 0xfb,
    0x09, 0x00, 0xe7, 0xff, 0x09, 0x00, 0xec, 0xff, 0x09, 0x00, 0xe3, 0x8c, 0x00, 0x00, 0x7f, 0x02,
    0x00, 0x00, 0x00, 0x00, 0x00, 0x00, 0xff, 0x02, 0x00, 0x00, 0x00, 0x00, 0x00, 0x00, 0x00, 0x00,
    0x00, 0x00, 0x00, 0x00, 0x00, 0x00, 0x00, 0x00, 0x00, 0x00, 0x00, 0x00, 0x00, 0x00, 0x00, 0x00,
    0x00, 0x00, 0x00, 0x00, 0x00, 0x00, 0x00, 0x00, 0x00, 0x00, 0x00, 0x00, 0x00, 0x00, 0x00, 0x00,
    0x00, 0x00, 0x00, 0x00, 0x00, 0x00, 0xaa, 0x03, 0x00, 0x00, 0x00, 0x00, 0x0e, 0x00, 0xd4, 0x12,
    0x09, 0x00, 0xe5, 0xb6, 0x0a, 0x00, 0xf2, 0xff, 0x09, 0x00, 0xe1, 0xfd, 0x09, 0x00, 0xe1, 0xfd,
    0x09, 0x00, 0xe2, 0xff, 0x09, 0x00, 0xe2, 0xff, 0x09, 0x00, 0xe2, 0xff, 0x09, 0x00, 0xe2, 0xff,
    0x09, 0x00, 0xe2, 0xff, 0x09, 0x00, 0xe2, 0xff, 0x09, 0x00, 0xe2, 0xff, 0x09, 0x00, 0xe2, 0xff,
    0x09, 0x00, 0xe2, 0xff, 0x09, 0x00, 0xe2, 0xff, 0x09, 0x00, 0xe2, 0xff, 0x09, 0x00, 0xe2, 0xff,
    0x09, 0x00, 0xe2, 0xff, 0x09, 0x00, 0xe2, 0xff, 0x09, 0x00, 0xe2, 0xff, 0x09, 0x00, 0xe2, 0xff,
    0x09, 0x00, 0xe2, 0xff, 0x09, 0x00, 0xe2, 0xff, 0x09, 0x00, 0xe2, 0xff, 0x09, 0x00, 0xe2, 0xff,
    0x09, 0x00, 0xe2, 0xff, 0x09, 0x00, 0xe2, 0xff, 0x09, 0x00, 0xe2, 0xff, 0x09, 0x00, 0xe2, 0xff,
    0x09, 0x00, 0xe2, 0xff, 0x09, 0x00, 0xe2, 0xff, 0x09, 0x00, 0xe2, 0xff, 0x09, 0x00, 0xe2, 0xff,
    0x09, 0x00, 0xe2, 0xff, 0x09, 0x00, 0xe2, 0xff, 0x0c, 0x03, 0xe2, 0xff, 0x00, 0x00, 0xe0, 0xff,
    0xa6, 0xa3, 0xf5, 0xff, 0xff, 0xff, 0xff, 0xff, 0xfb, 0xfb, 0xff, 0xff, 0xff, 0xff, 0xff, 0xff,
    0xff, 0xff, 0xff, 0xff, 0xff, 0xff, 0xff, 0xff, 0xff, 0xff, 0xff, 0xff, 0xfe, 0xfe, 0xff, 0xff,
    0xfe, 0xfe, 0xff, 0xff, 0xf2, 0xf2, 0xfe, 0xff, 0x23, 0x1c, 0xe5, 0xff, 0x04, 0x01, 0xe1, 0xff,
    0x0b, 0x02, 0xe2, 0xff, 0x09, 0x00, 0xe2, 0xff, 0x09, 0x00, 0xe2, 0xff, 0x09, 0x00, 0xe2, 0xff,
    0x0b, 0x02, 0xe2, 0xff, 0x0c, 0x03, 0xe2, 0xff, 0x0c, 0x03, 0xe2, 0xff, 0x0c, 0x03, 0xe2, 0xff,
    0x0c, 0x03, 0xe2, 0xff, 0x0c, 0x03, 0xe2, 0xff, 0x0c, 0x03, 0xe2, 0xff, 0x0c, 0x03, 0xe2, 0xff,
    0x0c, 0x03, 0xe2, 0xff, 0x0c, 0x03, 0xe2, 0xff, 0x0c, 0x03, 0xe2, 0xff, 0x0c, 0x03, 0xe2, 0xff,
    0x0c, 0x03, 0xe2, 0xff, 0x0c, 0x03, 0xe2, 0xff, 0x0c, 0x03, 0xe2, 0xff, 0x0c, 0x03, 0xe2, 0xff,
    0x0c, 0x03, 0xe2, 0xff, 0x0c, 0x03, 0xe2, 0xff, 0x0c, 0x03, 0xe2, 0xff, 0x0c, 0x03, 0xe2, 0xff,
    0x0c, 0x03, 0xe2, 0xff, 0x0c, 0x03, 0xe2, 0xff, 0x0c, 0x03, 0xe2, 0xff, 0x0c, 0x03, 0xe2, 0xff,
    0x0c, 0x03, 0xe2, 0xff, 0x0c, 0x03, 0xe2, 0xff, 0x0a, 0x01, 0xe2, 0xff, 0x09, 0x00, 0xe2, 0xff,
    0x09, 0x00, 0xe2, 0xff, 0x09, 0x00, 0xe2, 0xff, 0x09, 0x00, 0xe2, 0xff, 0x0a, 0x01, 0xe2, 0xff,
    0x0b, 0x02, 0xe2, 0xff, 0x0c, 0x03, 0xe2, 0xff, 0x0c, 0x03, 0xe2, 0xff, 0x0c, 0x03, 0xe2, 0xff,
    0x0c, 0x03, 0xe2, 0xff, 0x0c, 0x03, 0xe2, 0xff, 0x0c, 0x03, 0xe2, 0xff, 0x0c, 0x03, 0xe2, 0xff,
    0x0c, 0x03, 0xe2, 0xff, 0x0c, 0x03, 0xe2, 0xff, 0x0c, 0x03, 0xe2, 0xff, 0x0c, 0x03, 0xe2, 0xff,
    0x0c, 0x03, 0xe2, 0xff, 0x0c, 0x03, 0xe2, 0xff, 0x0c, 0x03, 0xe2, 0xff, 0x0c, 0x03, 0xe2, 0xff,
    0x0c, 0x03, 0xe2, 0xff, 0x0c, 0x03, 0xe2, 0xff, 0x0c, 0x03, 0xe2, 0xff, 0x0c, 0x03, 0xe2, 0xff,
    0x0c, 0x03, 0xe2, 0xff, 0x0c, 0x03, 0xe2, 0xff, 0x0c, 0x03, 0xe2, 0xff, 0x0c, 0x03, 0xe2, 0xff,
    0x0c, 0x03, 0xe2, 0xff, 0x0a, 0x01, 0xe2, 0xff, 0x09, 0x00, 0xe2, 0xff, 0x09, 0x00, 0xe2, 0xff,
    0x09, 0x00, 0xe2, 0xff, 0x09, 0x00, 0xe2, 0xff, 0x0a, 0x01, 0xe2, 0xff, 0x0c, 0x03, 0xe2, 0xff,
    0x0c, 0x03, 0xe2, 0xff, 0x0c, 0x03, 0xe2, 0xff, 0x0c, 0x03, 0xe2, 0xff, 0x0c, 0x03, 0xe2, 0xff,
    0x0c, 0x03, 0xe2, 0xff, 0x0c, 0x03, 0xe2, 0xff, 0x0c, 0x03, 0xe2, 0xff, 0x0c, 0x03, 0xe2, 0xff,
    0x0c, 0x03, 0xe2, 0xff, 0x0c, 0x03, 0xe2, 0xff, 0x0c, 0x03, 0xe2, 0xff, 0x0c, 0x03, 0xe2, 0xff,
    0x0c, 0x03, 0xe2, 0xff, 0x0c, 0x03, 0xe2, 0xff, 0x0c, 0x03, 0xe2, 0xff, 0x0c, 0x03, 0xe2, 0xff,
    0x0c, 0x03, 0xe2, 0xff, 0x0c, 0x03, 0xe2, 0xff, 0x0c, 0x03, 0xe2, 0xff, 0x0c, 0x03, 0xe2, 0xff,
    0x0c, 0x03, 0xe2, 0xff, 0x0c, 0x03, 0xe2, 0xff, 0x0c, 0x03, 0xe2, 0xff, 0x0c, 0x03, 0xe2, 0xff,
    0x0c, 0x03, 0xe2, 0xff, 0x0c, 0x03, 0xe2, 0xff, 0x0c, 0x03, 0xe2, 0xff, 0x0c, 0x03, 0xe2, 0xff,
    0x0b, 0x02, 0xe2, 0xff, 0x09, 0x00, 0xe2, 0xff, 0x09, 0x00, 0xe2, 0xff, 0x09, 0x00, 0xe2, 0xff,
    0x09, 0x00, 0xe2, 0xff, 0x09, 0x00, 0xe2, 0xff, 0x09, 0x00, 0xe2, 0xff, 0x09, 0x00, 0xe2, 0xff,
    0x0a, 0x01, 0xe2, 0xff, 0x0c, 0x03, 0xe2, 0xff, 0x0c, 0x03, 0xe2, 0xff, 0x0c, 0x03, 0xe2, 0xff,
    0x0c, 0x03, 0xe2, 0xff, 0x0c, 0x03, 0xe2, 0xff, 0x0c, 0x03, 0xe2, 0xff, 0x0c, 0x03, 0xe2, 0xff,
    0x0c, 0x03, 0xe2, 0xff, 0x0c, 0x03, 0xe2, 0xff, 0x0c, 0x03, 0xe2, 0xff, 0x0c, 0x03, 0xe2, 0xff,
    0x0c, 0x03, 0xe2, 0xff, 0x0c, 0x03, 0xe2, 0xff, 0x0c, 0x03, 0xe2, 0xff, 0x0c, 0x03, 0xe2, 0xff,
    0x0c, 0x03, 0xe2, 0xff, 0x0c, 0x03, 0xe2, 0xff, 0x0c, 0x03, 0xe2, 0xff, 0x0c, 0x03, 0xe2, 0xff,
    0x0c, 0x03, 0xe2, 0xff, 0x0c, 0x03, 0xe2, 0xff, 0x0c, 0x03, 0xe2, 0xff, 0x0c, 0x03, 0xe2, 0xff,
    0x0c, 0x03, 0xe2, 0xff, 0x0c, 0x03, 0xe2, 0xff, 0x0c, 0x03, 0xe2, 0xff, 0x0c, 0x03, 0xe2, 0xff,
    0x0c, 0x03, 0xe2, 0xff, 0x0c, 0x03, 0xe2, 0xff, 0x0c, 0x03, 0xe2, 0xff, 0x0c, 0x03, 0xe2, 0xff,
    0x0c, 0x03, 0xe2, 0xff, 0x0a, 0x01, 0xe2, 0xff, 0x09, 0x00, 0xe2, 0xff, 0x09, 0x00, 0xe2, 0xff,
    0x09, 0x00, 0xe2, 0xff, 0x09, 0x00, 0xe2, 0xff, 0x09, 0x00, 0xe2, 0xff, 0x09, 0x00, 0xe2, 0xff,
    0x09, 0x00, 0xe2, 0xff, 0x09, 0x00, 0xe2, 0xff, 0x0a, 0x01, 0xe2, 0xff, 0x0c, 0x03, 0xe2, 0xff,
    0x16, 0x0e, 0xe3, 0xff, 0x15, 0x0d, 0xe3, 0xff, 0x14, 0x0d, 0xe3, 0xff, 0x14, 0x0d, 0xe3, 0xff,
    0x14, 0x0d, 0xe3, 0xff, 0x14, 0x0d, 0xe3, 0xff, 0x14, 0x0d, 0xe3, 0xff, 0x14, 0x0c, 0xe3, 0xff,
    0x12, 0x0b, 0xe3, 0xff, 0x08, 0x00, 0xe2, 0xff, 0x09, 0x01, 0xe2, 0xff, 0x09, 0x00, 0xe2, 0xff,
    0x0a, 0x01, 0xe2, 0xff, 0x0c, 0x03, 0xe2, 0xff, 0x0c, 0x03, 0xe2, 0xff, 0x0c, 0x03, 0xe2, 0xff,
    0x0c, 0x03, 0xe2, 0xff, 0x0c, 0x03, 0xe2, 0xff, 0x0c, 0x03, 0xe2, 0xff, 0x0c, 0x03, 0xe2, 0xff,
    0x0c, 0x03, 0xe2, 0xff, 0x0b, 0x03, 0xe2, 0xff, 0x09, 0x00, 0xe2, 0xff, 0x09, 0x00, 0xe2, 0xff,
    0x09, 0x00, 0xe2, 0xff, 0x09, 0x00, 0xe2, 0xff, 0x09, 0x00, 0xe2, 0xff, 0x09, 0x00, 0xe2, 0xff,
    0x09, 0x00, 0xe2, 0xff, 0x09, 0x00, 0xe2, 0xff, 0x09, 0x00, 0xe2, 0xff, 0x09, 0x00, 0xe2, 0xff,
    0x09, 0x00, 0xe2, 0xff, 0x09, 0x00, 0xe2, 0xff, 0x09, 0x00, 0xe2, 0xff, 0x09, 0x00, 0xe2, 0xff,
    0x09, 0x00, 0xe2, 0xff, 0x09, 0x00, 0xe2, 0xff, 0x09, 0x00, 0xe2, 0xff, 0x09, 0x00, 0xe2, 0xff,
    0x0c, 0x03, 0xe2, 0xff, 0x0c, 0x03, 0xe2, 0xff, 0x0c, 0x03, 0xe2, 0xff, 0x0c, 0x03, 0xe2, 0xff,
    0x0c, 0x03, 0xe2, 0xff, 0x0c, 0x03, 0xe2, 0xff, 0x0c, 0x03, 0xe2, 0xff, 0x0c, 0x03, 0xe2, 0xff,
    0x0c, 0x03, 0xe2, 0xff, 0x0a, 0x01, 0xe2, 0xff, 0x09, 0x00, 0xe2, 0xff, 0x09, 0x00, 0xe2, 0xff,
    0x09, 0x00, 0xe2, 0xff, 0x09, 0x00, 0xe2, 0xff, 0x09, 0x00, 0xe2, 0xff, 0x09, 0x00, 0xe2, 0xff,
    0x09, 0x00, 0xe2, 0xff, 0x0a, 0x01, 0xe2, 0xff, 0x0b, 0x02, 0xe2, 0xff, 0x0c, 0x03, 0xe2, 0xff,
    0x0c, 0x03, 0xe2, 0xff, 0x0c, 0x03, 0xe2, 0xff, 0x0c, 0x03, 0xe2, 0xff, 0x0c, 0x03, 0xe2, 0xff,
    0x0c, 0x03, 0xe2, 0xff, 0x0c, 0x03, 0xe2, 0xff, 0x0c, 0x03, 0xe2, 0xff, 0x0c, 0x03, 0xe2, 0xff,
    0x0c, 0x03, 0xe2, 0xff, 0x0c, 0x03, 0xe2, 0xff, 0x0c, 0x03, 0xe2, 0xff, 0x0c, 0x03, 0xe2, 0xff,
    0x0c, 0x03, 0xe2, 0xff, 0x0c, 0x03, 0xe2, 0xff, 0x0c, 0x03, 0xe2, 0xff, 0x0c, 0x03, 0xe2, 0xff,
    0x0c, 0x03, 0xe2, 0xff, 0x0c, 0x03, 0xe2, 0xff, 0x0c, 0x03, 0xe2, 0xff, 0x0c, 0x03, 0xe2, 0xff,
    0x0c, 0x03, 0xe2, 0xff, 0x0c, 0x03, 0xe2, 0xff, 0x0c, 0x03, 0xe2, 0xff, 0x0c, 0x03, 0xe2, 0xff,
    0x0c, 0x03, 0xe2, 0xff, 0x0c, 0x03, 0xe2, 0xff, 0x0c, 0x03, 0xe2, 0xff, 0x0c, 0x03, 0xe2, 0xff,
    0x0c, 0x03, 0xe2, 0xff, 0x0c, 0x03, 0xe2, 0xff, 0x0c, 0x03, 0xe2, 0xff, 0x0a, 0x01, 0xe2, 0xff,
    0x09, 0x00, 0xe2, 0xff, 0x09, 0x00, 0xe2, 0xff, 0x09, 0x00, 0xe2, 0xff, 0x09, 0x00, 0xe2, 0xff,
    0x09, 0x00, 0xe2, 0xff, 0x09, 0x00, 0xe2, 0xff, 0x09, 0x00, 0xe2, 0xff, 0x09, 0x00, 0xe2, 0xff,
    0x09, 0x00, 0xe2, 0xff, 0x09, 0x00, 0xe2, 0xff, 0x09, 0x00, 0xe2, 0xff, 0x09, 0x00, 0xe2, 0xff,
    0x09, 0x00, 0xe1, 0xfd, 0x09, 0x00, 0xe2, 0xfc, 0x0a, 0x00, 0xf3, 0xff, 0x09, 0x00, 0xe5, 0xb6,
    0x0e, 0x00, 0xe2, 0x12, 0x00, 0x00, 0x00, 0x00, 0x00, 0x00, 0xaa, 0x03, 0x00, 0x00, 0x00, 0x00,
    0x00, 0x00, 0x00, 0x00, 0x00, 0x00, 0x00, 0x00, 0x00, 0x00, 0x00, 0x00, 0x00, 0x00, 0x00, 0x00,
    0x00, 0x00, 0x00, 0x00, 0x00, 0x00, 0x00, 0x00, 0x00, 0x00, 0x00, 0x00, 0x00, 0x00, 0x00, 0x00,
    0x00, 0x00, 0xff, 0x03, 0x00, 0x00, 0x00, 0x00, 0x08, 0x00, 0xd5, 0x1f, 0x09, 0x00, 0xe5, 0xd1,
    0x0a, 0x00, 0xf1, 0xff, 0x09, 0x00, 0xe1, 0xfb, 0x09, 0x00, 0xe2, 0xff, 0x09, 0x00, 0xe2, 0xff,
    0x09, 0x00, 0xe2, 0xff, 0x09, 0x00, 0xe2, 0xff, 0x09, 0x00, 0xe2, 0xff, 0x09, 0x00, 0xe2, 0xff,
    0x09, 0x00, 0xe2, 0xff, 0x09, 0x00, 0xe2, 0xff, 0x09, 0x00, 0xe2, 0xff, 0x09, 0x00, 0xe2, 0xff,
    0x09, 0x00, 0xe2, 0xff, 0x09, 0x00, 0xe2, 0xff, 0x09, 0x00, 0xe2, 0xff, 0x09, 0x00, 0xe2, 0xff,
    0x09, 0x00, 0xe2, 0xff, 0x09, 0x00, 0xe2, 0xff, 0x09, 0x00, 0xe2, 0xff, 0x09, 0x00, 0xe2, 0xff,
    0x09, 0x00, 0xe2, 0xff, 0x09, 0x00, 0xe2, 0xff, 0x09, 0x00, 0xe2, 0xff, 0x09, 0x00, 0xe2, 0xff,
    0x09, 0x00, 0xe2, 0xff, 0x09, 0x00, 0xe2, 0xff, 0x09, 0x00, 0xe2, 0xff, 0x09, 0x00, 0xe2, 0xff,
    0x09, 0x00, 0xe2, 0xff, 0x09, 0x00, 0xe2, 0xff, 0x09, 0x00, 0xe2, 0xff, 0x09, 0x00, 0xe2, 0xff,
    0x09, 0x00, 0xe2, 0xff, 0x0b, 0x02, 0xe2, 0xff, 0x04, 0x00, 0xe1, 0xff, 0x26, 0x1e, 0xe5, 0xff,
    0xf4, 0xf4, 0xfe, 0xff, 0xfe, 0xfe, 0xff, 0xff, 0xfe, 0xfe, 0xff, 0xff, 0xff, 0xff, 0xff, 0xff,
    0xff, 0xff, 0xff, 0xff, 0xff, 0xff, 0xff, 0xff, 0xff, 0xff, 0xff, 0xff, 0xfb, 0xfb, 0xff, 0xff,
    0xff, 0xff, 0xff, 0xff, 0x9d, 0x99, 0xf4, 0xff, 0x00, 0x00, 0xe0, 0xff, 0x0c, 0x03, 0xe2, 0xff,
    0x09, 0x00, 0xe2, 0xff, 0x0a, 0x01, 0xe2, 0xff, 0x0c, 0x03, 0xe2, 0xff, 0x09, 0x00, 0xe2, 0xff,
    0x02, 0x00, 0xe1, 0xff, 0x00, 0x00, 0xe1, 0xff, 0x00, 0x00, 0xe1, 0xff, 0x00, 0x00, 0xe1, 0xff,
    0x00, 0x00, 0xe1, 0xff, 0x00, 0x00, 0xe1, 0xff, 0x00, 0x00, 0xe1, 0xff, 0x00, 0x00, 0xe1, 0xff,
    0x00, 0x00, 0xe1, 0xff, 0x00, 0x00, 0xe1, 0xff, 0x00, 0x00, 0xe1, 0xff, 0x00, 0x00, 0xe1, 0xff,
    0x00, 0x00, 0xe1, 0xff, 0x00, 0x00, 0xe1, 0xff, 0x00, 0x00, 0xe1, 0xff, 0x00, 0x00, 0xe1, 0xff,
    0x00, 0x00, 0xe1, 0xff, 0x00, 0x00, 0xe1, 0xff, 0x00, 0x00, 0xe1, 0xff, 0x00, 0x00, 0xe1, 0xff,
    0x00, 0x00, 0xe1, 0xff, 0x00, 0x00, 0xe1, 0xff, 0x00, 0x00, 0xe1, 0xff, 0x00, 0x00, 0xe1, 0xff,
    0x00, 0x00, 0xe1, 0xff, 0x00, 0x00, 0xe0, 0xff, 0x05, 0x00, 0xe2, 0xff, 0x0a, 0x00, 0xe2, 0xff,
    0x09, 0x00, 0xe2, 0xff, 0x0a, 0x01, 0xe2, 0xff, 0x0c, 0x03, 0xe2, 0xff, 0x07, 0x00, 0xe2, 0xff,
    0x00, 0x00, 0xe1, 0xff, 0x00, 0x00, 0xe0, 0xff, 0x00, 0x00, 0xe0, 0xff, 0x00, 0x00, 0xe0, 0xff,
    0x00, 0x00, 0xe0, 0xff, 0x00, 0x00, 0xe0, 0xff, 0x00, 0x00, 0xe0, 0xff, 0x00, 0x00, 0xe0, 0xff,
    0x00, 0x00, 0xe0, 0xff, 0x00, 0x00, 0xe0, 0xff, 0x00, 0x00, 0xe0, 0xff, 0x00, 0x00, 0xe0, 0xff,
    0x00, 0x00, 0xe0, 0xff, 0x00, 0x00, 0xe0, 0xff, 0x00, 0x00, 0xe0, 0xff, 0x00, 0x00, 0xe0, 0xff,
    0x00, 0x00, 0xe0, 0xff, 0x00, 0x00, 0xe0, 0xff, 0x00, 0x00, 0xe0, 0xff, 0x00, 0x00, 0xe0, 0xff,
    0x00, 0x00, 0xe0, 0xff, 0x00, 0x00, 0xe0, 0xff, 0x00, 0x00, 0xe0, 0xff, 0x00, 0x00, 0xe0, 0xff,
    0x00, 0x00, 0xe0, 0xff, 0x02, 0x00, 0xe1, 0xff, 0x0a, 0x00, 0xe2, 0xff, 0x09, 0x00, 0xe2, 0xff,
    0x0b, 0x02, 0xe2, 0xff, 0x0c, 0x02, 0xe2, 0xff, 0x04, 0x00, 0xe1, 0xff, 0x00, 0x00, 0xe1, 0xff,
    0x00, 0x00, 0xe0, 0xff, 0x00, 0x00, 0xe0, 0xff, 0x00, 0x00, 0xe0, 0xff, 0x00, 0x00, 0xe0, 0xff,
    0x00, 0x00, 0xe0, 0xff, 0x00, 0x00, 0xe0, 0xff, 0x00, 0x00, 0xe0, 0xff, 0x00, 0x00, 0xe0, 0xff,
    0x00, 0x00, 0xe0, 0xff, 0x00, 0x00, 0xe0, 0xff, 0x00, 0x00, 0xe0, 0xff, 0x00, 0x00, 0xe0, 0xff,
    0x00, 0x00, 0xe0, 0xff, 0x00, 0x00, 0xe0, 0xff, 0x00, 0x00, 0xe0, 0xff, 0x00, 0x00, 0xe0, 0xff,
    0x00, 0x00, 0xe0, 0xff, 0x00, 0x00, 0xe0, 0xff, 0x00, 0x00, 0xe0, 0xff, 0x00, 0x00, 0xe0, 0xff,
    0x00, 0x00, 0xe0, 0xff, 0x00, 0x00, 0xe0, 0xff, 0x00, 0x00, 0xe0, 0xff, 0x00, 0x00, 0xe0, 0xff,
    0x00, 0x00, 0xe0, 0xff, 0x00, 0x00, 0xe0, 0xff, 0x00, 0x00, 0xe0, 0xff, 0x00, 0x00, 0xe0, 0xff,
    0x01, 0x00, 0xe1, 0xff, 0x0b, 0x02, 0xe2, 0xff, 0x09, 0x00, 0xe2, 0xff, 0x09, 0x00, 0xe2, 0xff,
    0x09, 0x00, 0xe2, 0xff, 0x09, 0x00, 0xe2, 0xff, 0x09, 0x00, 0xe2, 0xff, 0x0a, 0x00, 0xe2, 0xff,
    0x06, 0x00, 0xe2, 0xff, 0x00, 0x00, 0xe0, 0xff, 0x00, 0x00, 0xe0, 0xff, 0x00, 0x00, 0xe0, 0xff,
    0x00, 0x00, 0xe0, 0xff, 0x00, 0x00, 0xe0, 0xff, 0x00, 0x00, 0xe0, 0xff, 0x00, 0x00, 0xe0, 0xff,
    0x00, 0x00, 0xe0, 0xff, 0x00, 0x00, 0xe0, 0xff, 0x00, 0x00, 0xe0, 0xff, 0x00, 0x00, 0xe0, 0xff,
    0x00, 0x00, 0xe0, 0xff, 0x00, 0x00, 0xe0, 0xff, 0x00, 0x00, 0xe0, 0xff, 0x00, 0x00, 0xe0, 0xff,
    0x00, 0x00, 0xe0, 0xff, 0x00, 0x00, 0xe0, 0xff, 0x00, 0x00, 0xe0, 0xff, 0x00, 0x00, 0xe0, 0xff,
    0x00, 0x00, 0xe0, 0xff, 0x00, 0x00, 0xe0, 0xff, 0x00, 0x00, 0xe0, 0xff, 0x00, 0x00, 0xe0, 0xff,
    0x00, 0x00, 0xe0, 0xff, 0x00, 0x00, 0xe0, 0xff, 0x00, 0x00, 0xe0, 0xff, 0x00, 0x00, 0xe0, 0xff,
    0x00, 0x00, 0xe0, 0xff, 0x00, 0x00, 0xe0, 0xff, 0x00, 0x00, 0xe0, 0xff, 0x00, 0x00, 0xe0, 0xff,
    0x00, 0x00, 0xe1, 0xff, 0x06, 0x00, 0xe2, 0xff, 0x0c, 0x03, 0xe2, 0xff, 0x09, 0x00, 0xe2, 0xff,
    0x09, 0x00, 0xe2, 0xff, 0x09, 0x00, 0xe2, 0xff, 0x09, 0x00, 0xe2, 0xff, 0x09, 0x00, 0xe2, 0xff,
    0x09, 0x00, 0xe2, 0xff, 0x0a, 0x00, 0xe2, 0xff, 0x06, 0x00, 0xe2, 0xff, 0x00, 0x00, 0xe0, 0xff,
    0x00, 0x00, 0xe0, 0xff, 0x00, 0x00, 0xe0, 0xff, 0x00, 0x00, 0xe0, 0xff, 0x00, 0x00, 0xe0, 0xff,
    0x00, 0x00, 0xe0, 0xff, 0x00, 0x00, 0xe0, 0xff, 0x00, 0x00, 0xe0, 0xff, 0x00, 0x00, 0xe0, 0xff,
    0x07, 0x00, 0xe2, 0xff, 0x09, 0x00, 0xe2, 0xff, 0x09, 0x00, 0xe2, 0xff, 0x0a, 0x00, 0xe2, 0xff,
    0x04, 0x00, 0xe1, 0xff, 0x00, 0x00, 0xe0, 0xff, 0x00, 0x00, 0xe1, 0xff, 0x00, 0x00, 0xe1, 0xff,
    0x00, 0x00, 0xe1, 0xff, 0x00, 0x00, 0xe1, 0xff, 0x00, 0x00, 0xe1, 0xff, 0x00, 0x00, 0xe1, 0xff,
    0x00, 0x00, 0xe1, 0xff, 0x00, 0x00, 0xe1, 0xff, 0x08, 0x00, 0xe2, 0xff, 0x09, 0x00, 0xe2, 0xff,
    0x09, 0x00, 0xe2, 0xff, 0x09, 0x00, 0xe2, 0xff, 0x09, 0x00, 0xe2, 0xff, 0x09, 0x00, 0xe2, 0xff,
    0x09, 0x00, 0xe2, 0xff, 0x09, 0x00, 0xe2, 0xff, 0x09, 0x00, 0xe2, 0xff, 0x09, 0x00, 0xe2, 0xff,
    0x09, 0x00, 0xe2, 0xff, 0x09, 0x00, 0xe2, 0xff, 0x09, 0x00, 0xe2, 0xff, 0x09, 0x00, 0xe2, 0xff,
    0x09, 0x00, 0xe2, 0xff, 0x09, 0x00, 0xe2, 0xff, 0x09, 0x00, 0xe2, 0xff, 0x09, 0x00, 0xe2, 0xff,
    0x00, 0x00, 0xe1, 0xff, 0x00, 0x00, 0xe1, 0xff, 0x00, 0x00, 0xe1, 0xff, 0x00, 0x00, 0xe1, 0xff,
    0x00, 0x00, 0xe1, 0xff, 0x00, 0x00, 0xe1, 0xff, 0x00, 0x00, 0xe1, 0xff, 0x00, 0x00, 0xe1, 0xff,
    0x00, 0x00, 0xe0, 0xff, 0x02, 0x00, 0xe1, 0xff, 0x0a, 0x00, 0xe2, 0xff, 0x09, 0x00, 0xe2, 0xff,
    0x09, 0x00, 0xe2, 0xff, 0x09, 0x00, 0xe2, 0xff, 0x09, 0x01, 0xe2, 0xff, 0x0c, 0x03, 0xe2, 0xff,
    0x0b, 0x02, 0xe2, 0xff, 0x05, 0x00, 0xe1, 0xff, 0x00, 0x00, 0xe1, 0xff, 0x00, 0x00, 0xe0, 0xff,
    0x00, 0x00, 0xe0, 0xff, 0x00, 0x00, 0xe0, 0xff, 0x00, 0x00, 0xe0, 0xff, 0x00, 0x00, 0xe0, 0xff,
    0x00, 0x00, 0xe0, 0xff, 0x00, 0x00, 0xe0, 0xff, 0x00, 0x00, 0xe0, 0xff, 0x00, 0x00, 0xe0, 0xff,
    0x00, 0x00, 0xe0, 0xff, 0x00, 0x00, 0xe0, 0xff, 0x00, 0x00, 0xe0, 0xff, 0x00, 0x00, 0xe0, 0xff,
    0x00, 0x00, 0xe0, 0xff, 0x00, 0x00, 0xe0, 0xff, 0x00, 0x00, 0xe0, 0xff, 0x00, 0x00, 0xe0, 0xff,
    0x00, 0x00, 0xe0, 0xff, 0x00, 0x00, 0xe0, 0xff, 0x00, 0x00, 0xe0, 0xff, 0x00, 0x00, 0xe0, 0xff,
    0x00, 0x00, 0xe0, 0xff, 0x00, 0x00, 0xe0, 0xff, 0x00, 0x00, 0xe0, 0xff, 0x00, 0x00, 0xe0, 0xff,
    0x00, 0x00, 0xe0, 0xff, 0x00, 0x00, 0xe0, 0xff, 0x00, 0x00, 0xe0, 0xff, 0x00, 0x00, 0xe0, 0xff,
    0x00, 0x00, 0xe0, 0xff, 0x00, 0x00, 0xe0, 0xff, 0x00, 0x00, 0xe0, 0xff, 0x04, 0x00, 0xe1, 0xff,
    0x0a, 0x00, 0xe2, 0xff, 0x09, 0x00, 0xe2, 0xff, 0x09, 0x00, 0xe2, 0xff, 0x09, 0x00, 0xe2, 0xff,
    0x09, 0x00, 0xe2, 0xff, 0x09, 0x00, 0xe2, 0xff, 0x09, 0x00, 0xe2, 0xff, 0x09, 0x00, 0xe2, 0xff,
    0x09, 0x00, 0xe2, 0xff, 0x09, 0x00, 0xe2, 0xff, 0x09, 0x00, 0xe2, 0xff, 0x09, 0x00, 0xe2, 0xff,
    0x09, 0x00, 0xe2, 0xff, 0x09, 0x00, 0xe2, 0xff, 0x09, 0x00, 0xe2, 0xfa, 0x0a, 0x00, 0xf1, 0xff,
    0x09, 0x00, 0xe6, 0xd1, 0x08, 0x00, 0xd5, 0x1f, 0x00, 0x00, 0x00, 0x00, 0x00, 0x00, 0xff, 0x03,
    0x00, 0x00, 0x00, 0x00, 0x00, 0x00, 0x00, 0x00, 0x00, 0x00, 0x00, 0x00, 0x00, 0x00, 0x00, 0x00,
    0x00, 0x00, 0x00, 0x00, 0x00, 0x00, 0x00, 0x00, 0x00, 0x00, 0x00, 0x00, 0x00, 0x00, 0xaa, 0x03,
    0x00, 0x00, 0x00, 0x00, 0x07, 0x00, 0xe0, 0x21, 0x09, 0x00, 0xe6, 0xdc, 0x0a, 0x00, 0xee, 0xff,
    0x09, 0x00, 0xe1, 0xfb, 0x09, 0x00, 0xe2, 0xff, 0x09, 0x00, 0xe2, 0xff, 0x09, 0x00, 0xe2, 0xff,
    0x09, 0x00, 0xe2, 0xff, 0x09, 0x00, 0xe2, 0xff, 0x09, 0x00, 0xe2, 0xff, 0x09, 0x00, 0xe2, 0xff,
    0x09, 0x00, 0xe2, 0xff, 0x09, 0x00, 0xe2, 0xff, 0x09, 0x00, 0xe2, 0xff, 0x09, 0x00, 0xe2, 0xff,
    0x09, 0x00, 0xe2, 0xff, 0x09, 0x00, 0xe2, 0xff, 0x09, 0x00, 0xe2, 0xff, 0x09, 0x00, 0xe2, 0xff,
    0x09, 0x00, 0xe2, 0xff, 0x09, 0x00, 0xe2, 0xff, 0x09, 0x00, 0xe2, 0xff, 0x09, 0x00, 0xe2, 0xff,
    0x09, 0x00, 0xe2, 0xff, 0x09, 0x00, 0xe2, 0xff, 0x09, 0x00, 0xe2, 0xff, 0x09, 0x00, 0xe2, 0xff,
    0x09, 0x00, 0xe2, 0xff, 0x09, 0x00, 0xe2, 0xff, 0x09, 0x00, 0xe2, 0xff, 0x09, 0x00, 0xe2, 0xff,
    0x09, 0x00, 0xe2, 0xff, 0x09, 0x00, 0xe2, 0xff, 0x09, 0x00, 0xe2, 0xff, 0x09, 0x00, 0xe2, 0xff,
    0x09, 0x00, 0xe2, 0xff, 0x0d, 0x04, 0xe2, 0xff, 0x00, 0x00, 0xe0, 0xff, 0x85, 0x81, 0xf0, 0xff,
    0xff, 0xff, 0xff, 0xff, 0xfc, 0xfc, 0xff, 0xff, 0xff, 0xff, 0xff, 0xff, 0xff, 0xff, 0xff, 0xff,
    0xff, 0xff, 0xff, 0xff, 0xff, 0xff, 0xff, 0xff, 0xff, 0xff, 0xff, 0xff, 0xfe, 0xfe, 0xff, 0xff,
    0xfa, 0xfa, 0xff, 0xff, 0x33, 0x2c, 0xe7, 0xff, 0x02, 0x01, 0xe1, 0xff, 0x0b, 0x02, 0xe2, 0xff,
    0x0b, 0x02, 0xe2, 0xff, 0x09, 0x00, 0xe2, 0xff, 0x00, 0x00, 0xe0, 0xff, 0x06, 0x00, 0xe2, 0xff,
    0x2a, 0x23, 0xe6, 0xff, 0x43, 0x3d, 0xe9, 0xff, 0x46, 0x40, 0xe9, 0xff, 0x46, 0x40, 0xe9, 0xff,
    0x46, 0x40, 0xe9, 0xff, 0x46, 0x40, 0xe9, 0xff, 0x46, 0x40, 0xe9, 0xff, 0x46, 0x40, 0xe9, 0xff,
    0x46, 0x40, 0xe9, 0xff, 0x46, 0x40, 0xe9, 0xff, 0x46, 0x40, 0xe9, 0xff, 0x46, 0x40, 0xe9, 0xff,
    0x46, 0x40, 0xe9, 0xff, 0x46, 0x40, 0xe9, 0xff, 0x46, 0x40, 0xe9, 0xff, 0x46, 0x40, 0xe9, 0xff,
    0x46, 0x40, 0xe9, 0xff, 0x46, 0x40, 0xe9, 0xff, 0x46, 0x40, 0xe9, 0xff, 0x46, 0x40, 0xe9, 0xff,
    0x46, 0x40, 0xe9, 0xff, 0x46, 0x40, 0xe9, 0xff, 0x46, 0x40, 0xe9, 0xff, 0x46, 0x40, 0xe9, 0xff,
    0x45, 0x3f, 0xe9, 0xff, 0x4a, 0x44, 0xea, 0xff, 0x1b, 0x13, 0xe4, 0xff, 0x06, 0x00, 0xe2, 0xff,
    0x0d, 0x04, 0xe2, 0xff, 0x04, 0x00, 0xe1, 0xff, 0x00, 0x00, 0xe0, 0xff, 0x11, 0x09, 0xe3, 0xff,
    0x36, 0x2f, 0xe7, 0xff, 0x4b, 0x45, 0xea, 0xff, 0x4d, 0x47, 0xea, 0xff, 0x4d, 0x47, 0xea, 0xff,
    0x4d, 0x47, 0xea, 0xff, 0x4d, 0x47, 0xea, 0xff, 0x4d, 0x47, 0xea, 0xff, 0x4d, 0x47, 0xea, 0xff,
    0x4d, 0x47, 0xea, 0xff, 0x4d, 0x47, 0xea, 0xff, 0x4d, 0x47, 0xea, 0xff, 0x4d, 0x47, 0xea, 0xff,
    0x4d, 0x47, 0xea, 0xff, 0x4d, 0x47, 0xea, 0xff, 0x4d, 0x47, 0xea, 0xff, 0x4d, 0x47, 0xea, 0xff,
    0x4d, 0x47, 0xea, 0xff, 0x4d, 0x47, 0xea, 0xff, 0x4d, 0x47, 0xea, 0xff, 0x4d, 0x47, 0xea, 0xff,
    0x4d, 0x47, 0xea, 0xff, 0x4d, 0x47, 0xea, 0xff, 0x4d, 0x47, 0xea, 0xff, 0x4b, 0x46, 0xea, 0xff,
    0x4f, 0x49, 0xea, 0xff, 0x2d, 0x25, 0xe6, 0xff, 0x06, 0x00, 0xe1, 0xff, 0x0e, 0x04, 0xe2, 0xff,
    0x00, 0x00, 0xe1, 0xff, 0x00, 0x00, 0xe1, 0xff, 0x1f, 0x18, 0xe5, 0xff, 0x45, 0x3f, 0xe9, 0xff,
    0x54, 0x4e, 0xeb, 0xff, 0x55, 0x4f, 0xeb, 0xff, 0x55, 0x4f, 0xeb, 0xff, 0x55, 0x4f, 0xeb, 0xff,
    0x55, 0x4f, 0xeb, 0xff, 0x55, 0x4f, 0xeb, 0xff, 0x55, 0x4f, 0xeb, 0xff, 0x55, 0x4f, 0xeb, 0xff,
    0x55, 0x4f, 0xeb, 0xff, 0x55, 0x4f, 0xeb, 0xff, 0x55, 0x4f, 0xeb, 0xff, 0x55, 0x4f, 0xeb, 0xff,
    0x55, 0x4f, 0xeb, 0xff, 0x55, 0x4f, 0xeb, 0xff, 0x55, 0x4f, 0xeb, 0xff, 0x55, 0x4f, 0xeb, 0xff,
    0x55, 0x4f, 0xeb, 0xff, 0x55, 0x4f, 0xeb, 0xff, 0x55, 0x4f, 0xeb, 0xff, 0x55, 0x4f, 0xeb, 0xff,
    0x55, 0x4f, 0xeb, 0xff, 0x55, 0x4f, 0xeb, 0xff, 0x55, 0x4f, 0xeb, 0xff, 0x55, 0x4f, 0xeb, 0xff,
    0x55, 0x4f, 0xeb, 0xff, 0x55, 0x4f, 0xeb, 0xff, 0x55, 0x4f, 0xeb, 0xff, 0x53, 0x4c, 0xeb, 0xff,
    0x30, 0x29, 0xe7, 0xff, 0x00, 0x00, 0xe1, 0xff, 0x09, 0x00, 0xe2, 0xff, 0x09, 0x00, 0xe2, 0xff,
    0x09, 0x00, 0xe2, 0xff, 0x09, 0x00, 0xe2, 0xff, 0x0a, 0x01, 0xe2, 0xff, 0x06, 0x01, 0xe1, 0xff,
    0x1a, 0x12, 0xe4, 0xff, 0x56, 0x50, 0xeb, 0xff, 0x55, 0x4e, 0xeb, 0xff, 0x55, 0x4f, 0xeb, 0xff,
    0x55, 0x4f, 0xeb, 0xff, 0x55, 0x4f, 0xeb, 0xff, 0x55, 0x4f, 0xeb, 0xff, 0x55, 0x4f, 0xeb, 0xff,
    0x55, 0x4f, 0xeb, 0xff, 0x55, 0x4f, 0xeb, 0xff, 0x55, 0x4f, 0xeb, 0xff, 0x55, 0x4f, 0xeb, 0xff,
    0x55, 0x4f, 0xeb, 0xff, 0x55, 0x4f, 0xeb, 0xff, 0x55, 0x4f, 0xeb, 0xff, 0x55, 0x4f, 0xeb, 0xff,
    0x55, 0x4f, 0xeb, 0xff, 0x55, 0x4f, 0xeb, 0xff, 0x55, 0x4f, 0xeb, 0xff, 0x55, 0x4f, 0xeb, 0xff,
    0x55, 0x4f, 0xeb, 0xff, 0x55, 0x4f, 0xeb, 0xff, 0x55, 0x4f, 0xeb, 0xff, 0x55, 0x4f, 0xeb, 0xff,
    0x55, 0x4f, 0xeb, 0xff, 0x55, 0x4f, 0xeb, 0xff, 0x55, 0x4f, 0xeb, 0xff, 0x55, 0x4f, 0xeb, 0xff,
    0x55, 0x4f, 0xeb, 0xff, 0x55, 0x4f, 0xeb, 0xff, 0x55, 0x4f, 0xeb, 0xff, 0x55, 0x4f, 0xeb, 0xff,
    0x43, 0x3d, 0xe9, 0xff, 0x16, 0x0f, 0xe4, 0xff, 0x00, 0x00, 0xe0, 0xff, 0x09, 0x01, 0xe2, 0xff,
    0x09, 0x00, 0xe2, 0xff, 0x09, 0x00, 0xe2, 0xff, 0x09, 0x00, 0xe2, 0xff, 0x09, 0x00, 0xe2, 0xff,
    0x0a, 0x01, 0xe2, 0xff, 0x07, 0x01, 0xe1, 0xff, 0x17, 0x0f, 0xe4, 0xff, 0x4d, 0x48, 0xea, 0xff,
    0x4d, 0x48, 0xea, 0xff, 0x4e, 0x48, 0xea, 0xff, 0x4e, 0x48, 0xea, 0xff, 0x4e, 0x48, 0xea, 0xff,
    0x4e, 0x48, 0xea, 0xff, 0x4d, 0x47, 0xea, 0xff, 0x4e, 0x49, 0xea, 0xff, 0x42, 0x3c, 0xe9, 0xff,
    0x08, 0x01, 0xe2, 0xff, 0x09, 0x00, 0xe2, 0xff, 0x0a, 0x01, 0xe2, 0xff, 0x06, 0x01, 0xe1, 0xff,
    0x20, 0x18, 0xe5, 0xff, 0x48, 0x42, 0xea, 0xff, 0x45, 0x3f, 0xe9, 0xff, 0x46, 0x40, 0xe9, 0xff,
    0x46, 0x40, 0xe9, 0xff, 0x46, 0x40, 0xe9, 0xff, 0x46, 0x40, 0xe9, 0xff, 0x46, 0x40, 0xe9, 0xff,
    0x47, 0x41, 0xe9, 0xff, 0x44, 0x3e, 0xe9, 0xff, 0x0e, 0x05, 0xe3, 0xff, 0x08, 0x00, 0xe2, 0xff,
    0x09, 0x00, 0xe2, 0xff, 0x09, 0x00, 0xe2, 0xff, 0x09, 0x00, 0xe2, 0xff, 0x09, 0x00, 0xe2, 0xff,
    0x09, 0x00, 0xe2, 0xff, 0x09, 0x00, 0xe2, 0xff, 0x09, 0x00, 0xe2, 0xff, 0x09, 0x00, 0xe2, 0xff,
    0x09, 0x00, 0xe2, 0xff, 0x09, 0x00, 0xe2, 0xff, 0x09, 0x00, 0xe2, 0xff, 0x09, 0x00, 0xe2, 0xff,
    0x09, 0x00, 0xe2, 0xff, 0x09, 0x00, 0xe2, 0xff, 0x08, 0x00, 0xe2, 0xff, 0x0b, 0x02, 0xe2, 0xff,
    0x41, 0x3b, 0xe9, 0xff, 0x47, 0x41, 0xe9, 0xff, 0x46, 0x40, 0xe9, 0xff, 0x46, 0x40, 0xe9, 0xff,
    0x46, 0x40, 0xe9, 0xff, 0x46, 0x40, 0xe9, 0xff, 0x46, 0x40, 0xe9, 0xff, 0x45, 0x3f, 0xe9, 0xff,
    0x48, 0x42, 0xea, 0xff, 0x2c, 0x25, 0xe6, 0xff, 0x06, 0x00, 0xe1, 0xff, 0x0a, 0x01, 0xe2, 0xff,
    0x09, 0x00, 0xe2, 0xff, 0x0b, 0x02, 0xe2, 0xff, 0x09, 0x00, 0xe2, 0xff, 0x00, 0x00, 0xe0, 0xff,
    0x00, 0x00, 0xe1, 0xff, 0x1a, 0x12, 0xe4, 0xff, 0x3a, 0x34, 0xe8, 0xff, 0x4c, 0x46, 0xea, 0xff,
    0x4d, 0x47, 0xea, 0xff, 0x4d, 0x47, 0xea, 0xff, 0x4d, 0x47, 0xea, 0xff, 0x4d, 0x47, 0xea, 0xff,
    0x4d, 0x47, 0xea, 0xff, 0x4d, 0x47, 0xea, 0xff, 0x4d, 0x47, 0xea, 0xff, 0x4d, 0x47, 0xea, 0xff,
    0x4d, 0x47, 0xea, 0xff, 0x4d, 0x47, 0xea, 0xff, 0x4d, 0x47, 0xea, 0xff, 0x4d, 0x47, 0xea, 0xff,
    0x4d, 0x47, 0xea, 0xff, 0x4d, 0x47, 0xea, 0xff, 0x4d, 0x47, 0xea, 0xff, 0x4d, 0x47, 0xea, 0xff,
    0x4d, 0x47, 0xea, 0xff, 0x4d, 0x47, 0xea, 0xff, 0x4d, 0x47, 0xea, 0xff, 0x4d, 0x47, 0xea, 0xff,
    0x4d, 0x47, 0xea, 0xff, 0x4d, 0x47, 0xea, 0xff, 0x4d, 0x47, 0xea, 0xff, 0x4d, 0x47, 0xea, 0xff,
    0x4d, 0x47, 0xea, 0xff, 0x4d, 0x47, 0xea, 0xff, 0x4d, 0x47, 0xea, 0xff, 0x4d, 0x47, 0xea, 0xff,
    0x4d, 0x47, 0xea, 0xff, 0x4c, 0x47, 0xea, 0xff, 0x50, 0x4b, 0xeb, 0xff, 0x22, 0x1b, 0xe5, 0xff,
    0x05, 0x00, 0xe1, 0xff, 0x0a, 0x01, 0xe2, 0xff, 0x09, 0x00, 0xe2, 0xff, 0x09, 0x00, 0xe2, 0xff,
    0x09, 0x00, 0xe2, 0xff, 0x09, 0x00, 0xe2, 0xff, 0x09, 0x00, 0xe2, 0xff, 0x09, 0x00, 0xe2, 0xff,
    0x09, 0x00, 0xe2, 0xff, 0x09, 0x00, 0xe2, 0xff, 0x09, 0x00, 0xe2, 0xff, 0x09, 0x00, 0xe2, 0xff,
    0x09, 0x00, 0xe2, 0xff, 0x09, 0x00, 0xe2, 0xff, 0x09, 0x00, 0xe2, 0xff, 0x09, 0x00, 0xe1, 0xfb,
    0x0a, 0x00, 0xee, 0xff, 0x09, 0x00, 0xe7, 0xdb, 0x07, 0x00, 0xd9, 0x22, 0x00, 0x00, 0x00, 0x00,
    0x00, 0x00, 0xaa, 0x03, 0x00, 0x00, 0x00, 0x00, 0x00, 0x00, 0x00, 0x00, 0x00, 0x00, 0x00, 0x00,
    0x00, 0x00, 0x00, 0x00, 0x00, 0x00, 0x00, 0x00, 0x00, 0x00, 0xff, 0x02, 0x00, 0x00, 0x00, 0x00,
    0x0a, 0x00, 0xe0, 0x19, 0x09, 0x00, 0xe6, 0xd9, 0x0a, 0x00, 0xed, 0xff, 0x09, 0x00, 0xe1, 0xfb,
    0x09, 0x00, 0xe2, 0xff, 0x09, 0x00, 0xe2, 0xff, 0x09, 0x00, 0xe2, 0xff, 0x09, 0x00, 0xe2, 0xff,
    0x09, 0x00, 0xe2, 0xff, 0x09, 0x00, 0xe2, 0xff, 0x09, 0x00, 0xe2, 0xff, 0x09, 0x00, 0xe2, 0xff,
    0x09, 0x00, 0xe2, 0xff, 0x09, 0x00, 0xe2, 0xff, 0x09, 0x00, 0xe2, 0xff, 0x09, 0x00, 0xe2, 0xff,
    0x09, 0x00, 0xe2, 0xff, 0x09, 0x00, 0xe2, 0xff, 0x09, 0x00, 0xe2, 0xff, 0x09, 0x00, 0xe2, 0xff,
    0x09, 0x00, 0xe2, 0xff, 0x09, 0x00, 0xe2, 0xff, 0x09, 0x00, 0xe2, 0xff, 0x09, 0x00, 0xe2, 0xff,
    0x09, 0x00, 0xe2, 0xff, 0x09, 0x00, 0xe2, 0xff, 0x09, 0x00, 0xe2, 0xff, 0x09, 0x00, 0xe2, 0xff,
    0x09, 0x00, 0xe2, 0xff, 0x09, 0x00, 0xe2, 0xff, 0x09, 0x00, 0xe2, 0xff, 0x09, 0x00, 0xe2, 0xff,
    0x09, 0x00, 0xe2, 0xff, 0x09, 0x00, 0xe2, 0xff, 0x09, 0x00, 0xe2, 0xff, 0x09, 0x00, 0xe2, 0xff,
    0x0a, 0x01, 0xe2, 0xff, 0x06, 0x01, 0xe2, 0xff, 0x13, 0x0c, 0xe3, 0xff, 0xe3, 0xe3, 0xfc, 0xff,
    0xff, 0xff, 0xff, 0xff, 0xfd, 0xfd, 0xff, 0xff, 0xff, 0xff, 0xff, 0xff, 0xff, 0xff, 0xff, 0xff,
    0xff, 0xff, 0xff, 0xff, 0xff, 0xff, 0xff, 0xff, 0xfc, 0xfc, 0xff, 0xff, 0xff, 0xff, 0xff, 0xff,
    0xb3, 0xb1, 0xf6, 0xff, 0x01, 0x00, 0xe1, 0xff, 0x0b, 0x02, 0xe2, 0xff, 0x0c, 0x02, 0xe2, 0xff,
    0x02, 0x00, 0xe1, 0xff, 0x07, 0x02, 0xe2, 0xff, 0x6a, 0x67, 0xed, 0xff, 0xcc, 0xca, 0xf9, 0xff,
    0xf7, 0xf7, 0xfe, 0xff, 0xff, 0xff, 0xff, 0xff, 0xff, 0xff, 0xff, 0xff, 0xff, 0xff, 0xff, 0xff,
    0xff, 0xff, 0xff, 0xff, 0xff, 0xff, 0xff, 0xff, 0xff, 0xff, 0xff, 0xff, 0xff, 0xff, 0xff, 0xff,
    0xff, 0xff, 0xff, 0xff, 0xff, 0xff, 0xff, 0xff, 0xff, 0xff, 0xff, 0xff, 0xff, 0xff, 0xff, 0xff,
    0xff, 0xff, 0xff, 0xff, 0xff, 0xff, 0xff, 0xff, 0xff, 0xff, 0xff, 0xff, 0xff, 0xff, 0xff, 0xff,
    0xff, 0xff, 0xff, 0xff, 0xff, 0xff, 0xff, 0xff, 0xff, 0xff, 0xff, 0xff, 0xff, 0xff, 0xff, 0xff,
    0xff, 0xff, 0xff, 0xff, 0xff, 0xff, 0xff, 0xff, 0xff, 0xff, 0xff, 0xff, 0xff, 0xff, 0xff, 0xff,
    0xff, 0xff, 0xff, 0xff, 0xf3, 0xf3, 0xfe, 0xff, 0x20, 0x19, 0xe4, 0xff, 0x07, 0x03, 0xe2, 0xff,
    0x00, 0x00, 0xe0, 0xff, 0x20, 0x1b, 0xe5, 0xff, 0x8d, 0x8a, 0xf1, 0xff, 0xdd, 0xdc, 0xfb, 0xff,
    0xfe, 0xfe, 0xff, 0xff, 0xff, 0xff, 0xff, 0xff, 0xff, 0xff, 0xff, 0xff, 0xff, 0xff, 0xff, 0xff,
    0xff, 0xff, 0xff, 0xff, 0xff, 0xff, 0xff, 0xff, 0xff, 0xff, 0xff, 0xff, 0xff, 0xff, 0xff, 0xff,
    0xff, 0xff, 0xff, 0xff, 0xff, 0xff, 0xff, 0xff, 0xff, 0xff, 0xff, 0xff, 0xff, 0xff, 0xff, 0xff,
    0xff, 0xff, 0xff, 0xff, 0xff, 0xff, 0xff, 0xff, 0xff, 0xff, 0xff, 0xff, 0xff, 0xff, 0xff, 0xff,
    0xff, 0xff, 0xff, 0xff, 0xff, 0xff, 0xff, 0xff, 0xff, 0xff, 0xff, 0xff, 0xff, 0xff, 0xff, 0xff,
    0xff, 0xff, 0xff, 0xff, 0xff, 0xff, 0xff, 0xff, 0xff, 0xff, 0xff, 0xff, 0xff, 0xff, 0xff, 0xff,
    0xff, 0xff, 0xff, 0xff, 0x47, 0x40, 0xea, 0xff, 0x02, 0x01, 0xe1, 0xff, 0x00, 0x00, 0xe1, 0xff,
    0x38, 0x33, 0xe8, 0xff, 0xab, 0xa9, 0xf5, 0xff, 0xef, 0xee, 0xfd, 0xff, 0xff, 0xff, 0xff, 0xff,
    0xff, 0xff, 0xff, 0xff, 0xff, 0xff, 0xff, 0xff, 0xff, 0xff, 0xff, 0xff, 0xff, 0xff, 0xff, 0xff,
    0xff, 0xff, 0xff, 0xff, 0xff, 0xff, 0xff, 0xff, 0xff, 0xff, 0xff, 0xff, 0xff, 0xff, 0xff, 0xff,
    0xff, 0xff, 0xff, 0xff, 0xff, 0xff, 0xff, 0xff, 0xff, 0xff, 0xff, 0xff, 0xff, 0xff, 0xff, 0xff,
    0xff, 0xff, 0xff, 0xff, 0xff, 0xff, 0xff, 0xff, 0xff, 0xff, 0xff, 0xff, 0xff, 0xff, 0xff, 0xff,
    0xff, 0xff, 0xff, 0xff, 0xff, 0xff, 0xff, 0xff, 0xff, 0xff, 0xff, 0xff, 0xff, 0xff, 0xff, 0xff,
    0xff, 0xff, 0xff, 0xff, 0xff, 0xff, 0xff, 0xff, 0xff, 0xff, 0xff, 0xff, 0xff, 0xff, 0xff, 0xff,
    0xff, 0xff, 0xff, 0xff, 0xff, 0xff, 0xff, 0xff, 0xff, 0xff, 0xff, 0xff, 0xff, 0xff, 0xff, 0xff,
    0xfa, 0xfa, 0xff, 0xff, 0x7c, 0x78, 0xef, 0xff, 0x01, 0x00, 0xe1, 0xff, 0x0b, 0x02, 0xe2, 0xff,
    0x09, 0x00, 0xe2, 0xff, 0x09, 0x00, 0xe2, 0xff, 0x0d, 0x03, 0xe2, 0xff, 0x00, 0x00, 0xe0, 0xff,
    0x8b, 0x87, 0xf1, 0xff, 0xff, 0xff, 0xff, 0xff, 0xff, 0xff, 0xff, 0xff, 0xff, 0xff, 0xff, 0xff,
    0xff, 0xff, 0xff, 0xff, 0xff, 0xff, 0xff, 0xff, 0xff, 0xff, 0xff, 0xff, 0xff, 0xff, 0xff, 0xff,
    0xff, 0xff, 0xff, 0xff, 0xff, 0xff, 0xff, 0xff, 0xff, 0xff, 0xff, 0xff, 0xff, 0xff, 0xff, 0xff,
    0xff, 0xff, 0xff, 0xff, 0xff, 0xff, 0xff, 0xff, 0xff, 0xff, 0xff, 0xff, 0xff, 0xff, 0xff, 0xff,
    0xff, 0xff, 0xff, 0xff, 0xff, 0xff, 0xff, 0xff, 0xff, 0xff, 0xff, 0xff, 0xff, 0xff, 0xff, 0xff,
    0xff, 0xff, 0xff, 0xff, 0xff, 0xff, 0xff, 0xff, 0xff, 0xff, 0xff, 0xff, 0xff, 0xff, 0xff, 0xff,
    0xff, 0xff, 0xff, 0xff, 0xff, 0xff, 0xff, 0xff, 0xff, 0xff, 0xff, 0xff, 0xff, 0xff, 0xff, 0xff,
    0xff, 0xff, 0xff, 0xff, 0xff, 0xff, 0xff, 0xff, 0xff, 0xff, 0xff, 0xff, 0xff, 0xff, 0xff, 0xff,
    0xff, 0xff, 0xff, 0xff, 0xe4, 0xe4, 0xfc, 0xff, 0x76, 0x73, 0xef, 0xff, 0x03, 0x00, 0xe1, 0xff,
    0x0a, 0x01, 0xe2, 0xff, 0x09, 0x00, 0xe2, 0xff, 0x09, 0x00, 0xe2, 0xff, 0x09, 0x00, 0xe2, 0xff,
    0x0d, 0x03, 0xe2, 0xff, 0x00, 0x00, 0xe0, 0xff, 0x87, 0x83, 0xf1, 0xff, 0xff, 0xff, 0xff, 0xff,
    0xff, 0xff, 0xff, 0xff, 0xff, 0xff, 0xff, 0xff, 0xff, 0xff, 0xff, 0xff, 0xff, 0xff, 0xff, 0xff,
    0xff, 0xff, 0xff, 0xff, 0xff, 0xff, 0xff, 0xff, 0xff, 0xff, 0xff, 0xff, 0x97, 0x93, 0xf3, 0xff,
    0x00, 0x00, 0xe0, 0xff, 0x0c, 0x03, 0xe2, 0xff, 0x0c, 0x03, 0xe2, 0xff, 0x00, 0x00, 0xe0, 0xff,
    0xaf, 0xad, 0xf6, 0xff, 0xff, 0xff, 0xff, 0xff, 0xff, 0xff, 0xff, 0xff, 0xff, 0xff, 0xff, 0xff,
    0xff, 0xff, 0xff, 0xff, 0xff, 0xff, 0xff, 0xff, 0xff, 0xff, 0xff, 0xff, 0xff, 0xff, 0xff, 0xff,
    0xff, 0xff, 0xff, 0xff, 0xc6, 0xc4, 0xf8, 0xff, 0x06, 0x03, 0xe1, 0xff, 0x0a, 0x02, 0xe2, 0xff,
    0x09, 0x00, 0xe2, 0xff, 0x09, 0x00, 0xe2, 0xff, 0x09, 0x00, 0xe2, 0xff, 0x09, 0x00, 0xe2, 0xff,
    0x09, 0x00, 0xe2, 0xff, 0x09, 0x00, 0xe2, 0xff, 0x09, 0x00, 0xe2, 0xff, 0x09, 0x00, 0xe2, 0xff,
    0x09, 0x00, 0xe2, 0xff, 0x09, 0x00, 0xe2, 0xff, 0x09, 0x00, 0xe2, 0xff, 0x09, 0x00, 0xe2, 0xff,
    0x09, 0x00, 0xe2, 0xff, 0x0c, 0x03, 0xe2, 0xff, 0x01, 0x01, 0xe1, 0xff, 0x49, 0x42, 0xe9, 0xff,
    0xff, 0xff, 0xff, 0xff, 0xff, 0xff, 0xff, 0xff, 0xff, 0xff, 0xff, 0xff, 0xff, 0xff, 0xff, 0xff,
    0xff, 0xff, 0xff, 0xff, 0xff, 0xff, 0xff, 0xff, 0xff, 0xff, 0xff, 0xff, 0xff, 0xff, 0xff, 0xff,
    0xff, 0xff, 0xff, 0xff, 0x57, 0x51, 0xeb, 0xff, 0x00, 0x00, 0xe0, 0xff, 0x0c, 0x03, 0xe2, 0xff,
    0x0c, 0x02, 0xe2, 0xff, 0x01, 0x00, 0xe1, 0xff, 0x06, 0x00, 0xe2, 0xff, 0x59, 0x55, 0xeb, 0xff,
    0xb3, 0xb2, 0xf6, 0xff, 0xea, 0xe9, 0xfd, 0xff, 0xff, 0xff, 0xff, 0xff, 0xff, 0xff, 0xff, 0xff,
    0xff, 0xff, 0xff, 0xff, 0xff, 0xff, 0xff, 0xff, 0xff, 0xff, 0xff, 0xff, 0xff, 0xff, 0xff, 0xff,
    0xff, 0xff, 0xff, 0xff, 0xff, 0xff, 0xff, 0xff, 0xff, 0xff, 0xff, 0xff, 0xff, 0xff, 0xff, 0xff,
    0xff, 0xff, 0xff, 0xff, 0xff, 0xff, 0xff, 0xff, 0xff, 0xff, 0xff, 0xff, 0xff, 0xff, 0xff, 0xff,
    0xff, 0xff, 0xff, 0xff, 0xff, 0xff, 0xff, 0xff, 0xff, 0xff, 0xff, 0xff, 0xff, 0xff, 0xff, 0xff,
    0xff, 0xff, 0xff, 0xff, 0xff, 0xff, 0xff, 0xff, 0xff, 0xff, 0xff, 0xff, 0xff, 0xff, 0xff, 0xff,
    0xff, 0xff, 0xff, 0xff, 0xff, 0xff, 0xff, 0xff, 0xff, 0xff, 0xff, 0xff, 0xff, 0xff, 0xff, 0xff,
    0xff, 0xff, 0xff, 0xff, 0xff, 0xff, 0xff, 0xff, 0xff, 0xff, 0xff, 0xff, 0xff, 0xff, 0xff, 0xff,
    0xff, 0xff, 0xff, 0xff, 0xff, 0xff, 0xff, 0xff, 0xfd, 0xfd, 0xff, 0xff, 0x2b, 0x24, 0xe6, 0xff,
    0x03, 0x00, 0xe1, 0xff, 0x0b, 0x02, 0xe2, 0xff, 0x09, 0x00, 0xe2, 0xff, 0x09, 0x00, 0xe2, 0xff,
    0x09, 0x00, 0xe2, 0xff, 0x09, 0x00, 0xe2, 0xff, 0x09, 0x00, 0xe2, 0xff, 0x09, 0x00, 0xe2, 0xff,
    0x09, 0x00, 0xe2, 0xff, 0x09, 0x00, 0xe2, 0xff, 0x09, 0x00, 0xe2, 0xff, 0x09, 0x00, 0xe2, 0xff,
    0x09, 0x00, 0xe2, 0xff, 0x09, 0x00, 0xe2, 0xff, 0x09, 0x00, 0xe2, 0xff, 0x09, 0x00, 0xe2, 0xff,
    0x09, 0x00, 0xe1, 0xfb, 0x0a, 0x00, 0xed, 0xff, 0x09, 0x00, 0xe6, 0xd9, 0x0a, 0x00, 0xdf, 0x18,
    0x00, 0x00, 0x00, 0x00, 0x00, 0x00, 0xff, 0x02, 0x00, 0x00, 0x00, 0x00, 0x00, 0x00, 0x00, 0x00,
    0x00, 0x00, 0x00, 0x00, 0x00, 0x00, 0xff, 0x01, 0x00, 0x00, 0xff, 0x02, 0x00, 0x00, 0xff, 0x07,
    0x09, 0x00, 0xe2, 0xc6, 0x0a, 0x00, 0xef, 0xff, 0x09, 0x00, 0xe1, 0xfb, 0x09, 0x00, 0xe2, 0xff,
    0x09, 0x00, 0xe2, 0xff, 0x09, 0x00, 0xe2, 0xff, 0x09, 0x00, 0xe2, 0xff, 0x09, 0x00, 0xe2, 0xff,
    0x09, 0x00, 0xe2, 0xff, 0x09, 0x00, 0xe2, 0xff, 0x09, 0x00, 0xe2, 0xff, 0x09, 0x00, 0xe2, 0xff,
    0x09, 0x00, 0xe2, 0xff, 0x09, 0x00, 0xe2, 0xff, 0x09, 0x00, 0xe2, 0xff, 0x09, 0x00, 0xe2, 0xff,
    0x09, 0x00, 0xe2, 0xff, 0x09, 0x00, 0xe2, 0xff, 0x09, 0x00, 0xe2, 0xff, 0x09, 0x00, 0xe2, 0xff,
    0x09, 0x00, 0xe2, 0xff, 0x09, 0x00, 0xe2, 0xff, 0x09, 0x00, 0xe2, 0xff, 0x09, 0x00, 0xe2, 0xff,
    0x09, 0x00, 0xe2, 0xff, 0x09, 0x00, 0xe2, 0xff, 0x09, 0x00, 0xe2, 0xff, 0x09, 0x00, 0xe2, 0xff,
    0x09, 0x00, 0xe2, 0xff, 0x09, 0x00, 0xe2, 0xff, 0x09, 0x00, 0xe2, 0xff, 0x09, 0x00, 0xe2, 0xff,
    0x09, 0x00, 0xe2, 0xff, 0x09, 0x00, 0xe2, 0xff, 0x09, 0x00, 0xe2, 0xff, 0x09, 0x00, 0xe2, 0xff,
    0x0d, 0x04, 0xe2, 0xff, 0x00, 0x00, 0xe0, 0xff, 0x64, 0x5f, 0xed, 0xff, 0xff, 0xff, 0xff, 0xff,
    0xfc, 0xfc, 0xff, 0xff, 0xff, 0xff, 0xff, 0xff, 0xff, 0xff, 0xff, 0xff, 0xff, 0xff, 0xff, 0xff,
    0xff, 0xff, 0xff, 0xff, 0xff, 0xff, 0xff, 0xff, 0xfd, 0xfd, 0xff, 0xff, 0xff, 0xff, 0xff, 0xff,
    0x47, 0x40, 0xea, 0xff, 0x00, 0x00, 0xe0, 0xff, 0x0f, 0x06, 0xe3, 0xff, 0x00, 0x00, 0xe1, 0xff,
    0x23, 0x1f, 0xe5, 0xff, 0xc2, 0xc1, 0xf8, 0xff, 0xff, 0xff, 0xff, 0xff, 0xff, 0xff, 0xff, 0xff,
    0xff, 0xff, 0xff, 0xff, 0xfe, 0xfe, 0xff, 0xff, 0xfe, 0xfe, 0xff, 0xff, 0xfe, 0xfe, 0xff, 0xff,
    0xfe, 0xfe, 0xff, 0xff, 0xfe, 0xfe, 0xff, 0xff, 0xfe, 0xfe, 0xff, 0xff, 0xfe, 0xfe, 0xff, 0xff,
    0xfe, 0xfe, 0xff, 0xff, 0xfe, 0xfe, 0xff, 0xff, 0xfe, 0xfe, 0xff, 0xff, 0xfe, 0xfe, 0xff, 0xff,
    0xfe, 0xfe, 0xff, 0xff, 0xfe, 0xfe, 0xff, 0xff, 0xfe, 0xfe, 0xff, 0xff, 0xfe, 0xfe, 0xff, 0xff,
    0xfe, 0xfe, 0xff, 0xff, 0xfe, 0xfe, 0xff, 0xff, 0xfe, 0xfe, 0xff, 0xff, 0xfe, 0xfe, 0xff, 0xff,
    0xfe, 0xfe, 0xff, 0xff, 0xfe, 0xfe, 0xff, 0xff, 0xfe, 0xfe, 0xff, 0xff, 0xfa, 0xfa, 0xff, 0xff,
    0xfe, 0xfe, 0xff, 0xff, 0x90, 0x8c, 0xf2, 0xff, 0x00, 0x00, 0xe0, 0xff, 0x00, 0x00, 0xe1, 0xff,
    0x54, 0x50, 0xeb, 0xff, 0xe8, 0xe7, 0xfc, 0xff, 0xff, 0xff, 0xff, 0xff, 0xff, 0xff, 0xff, 0xff,
    0xff, 0xff, 0xff, 0xff, 0xfd, 0xfd, 0xff, 0xff, 0xfd, 0xfd, 0xff, 0xff, 0xfd, 0xfd, 0xff, 0xff,
    0xfd, 0xfd, 0xff, 0xff, 0xfd, 0xfd, 0xff, 0xff, 0xfd, 0xfd, 0xff, 0xff, 0xfd, 0xfd, 0xff, 0xff,
    0xfd, 0xfd, 0xff, 0xff, 0xfd, 0xfd, 0xff, 0xff, 0xfd, 0xfd, 0xff, 0xff, 0xfd, 0xfd, 0xff, 0xff,
    0xfd, 0xfd, 0xff, 0xff, 0xfd, 0xfd, 0xff, 0xff, 0xfd, 0xfd, 0xff, 0xff, 0xfd, 0xfd, 0xff, 0xff,
    0xfd, 0xfd, 0xff, 0xff, 0xfd, 0xfd, 0xff, 0xff, 0xfd, 0xfd, 0xff, 0xff, 0xfd, 0xfd, 0xff, 0xff,
    0xfd, 0xfd, 0xff, 0xff, 0xfd, 0xfd, 0xff, 0xff, 0xfa, 0xfa, 0xff, 0xff, 0xfd, 0xfd, 0xff, 0xff,
    0xbb, 0xb9, 0xf7, 0xff, 0x03, 0x00, 0xe1, 0xff, 0x00, 0x00, 0xe1, 0xff, 0x74, 0x71, 0xef, 0xff,
    0xfa, 0xf9, 0xfe, 0xff, 0xff, 0xff, 0xff, 0xff, 0xff, 0xff, 0xff, 0xff, 0xfe, 0xfe, 0xff, 0xff,
    0xfd, 0xfd, 0xff, 0xff, 0xfd, 0xfc, 0xff, 0xff, 0xfd, 0xfc, 0xff, 0xff, 0xfd, 0xfc, 0xff, 0xff,
    0xfd, 0xfc, 0xff, 0xff, 0xfd, 0xfc, 0xff, 0xff, 0xfd, 0xfc, 0xff, 0xff, 0xfd, 0xfc, 0xff, 0xff,
    0xfd, 0xfc, 0xff, 0xff, 0xfd, 0xfc, 0xff, 0xff, 0xfd, 0xfc, 0xff, 0xff, 0xfd, 0xfc, 0xff, 0xff,
    0xfd, 0xfc, 0xff, 0xff, 0xfd, 0xfc, 0xff, 0xff, 0xfd, 0xfc, 0xff, 0xff, 0xfd, 0xfc, 0xff, 0xff,
    0xfd, 0xfc, 0xff, 0xff, 0xfd, 0xfc, 0xff, 0xff, 0xfd, 0xfc, 0xff, 0xff, 0xfd, 0xfc, 0xff, 0xff,
    0xfd, 0xfc, 0xff, 0xff, 0xfd, 0xfc, 0xff, 0xff, 0xfd, 0xfc, 0xff, 0xff, 0xfd, 0xfc, 0xff, 0xff,
    0xfd, 0xfc, 0xff, 0xff, 0xfd, 0xfc, 0xff, 0xff, 0xfd, 0xfd, 0xff, 0xff, 0xfb, 0xfb, 0xff, 0xff,
    0xff, 0xff, 0xff, 0xff, 0xf4, 0xf4, 0xfe, 0xff, 0x1c, 0x14, 0xe4, 0xff, 0x04, 0x00, 0xe1, 0xff,
    0x0a, 0x01, 0xe2, 0xff, 0x0a, 0x01, 0xe2, 0xff, 0x06, 0x01, 0xe2, 0xff, 0x17, 0x10, 0xe4, 0xff,
    0xe8, 0xe8, 0xfc, 0xff, 0xfd, 0xfd, 0xff, 0xff, 0xfb, 0xfb, 0xff, 0xff, 0xfd, 0xfc, 0xff, 0xff,
    0xfd, 0xfc, 0xff, 0xff, 0xfd, 0xfc, 0xff, 0xff, 0xfd, 0xfc, 0xff, 0xff, 0xfd, 0xfc, 0xff, 0xff,
    0xfd, 0xfc, 0xff, 0xff, 0xfd, 0xfc, 0xff, 0xff, 0xfd, 0xfc, 0xff, 0xff, 0xfd, 0xfc, 0xff, 0xff,
    0xfd, 0xfc, 0xff, 0xff, 0xfd, 0xfc, 0xff, 0xff, 0xfd, 0xfc, 0xff, 0xff, 0xfd, 0xfc, 0xff, 0xff,
    0xfd, 0xfc, 0xff, 0xff, 0xfd, 0xfc, 0xff, 0xff, 0xfd, 0xfc, 0xff, 0xff, 0xfd, 0xfc, 0xff, 0xff,
    0xfd, 0xfc, 0xff, 0xff, 0xfd, 0xfc, 0xff, 0xff, 0xfd, 0xfc, 0xff, 0xff, 0xfd, 0xfc, 0xff, 0xff,
    0xfd, 0xfc, 0xff, 0xff, 0xfd, 0xfc, 0xff, 0xff, 0xfd, 0xfc, 0xff, 0xff, 0xfd, 0xfc, 0xff, 0xff,
    0xfd, 0xfc, 0xff, 0xff, 0xfd, 0xfc, 0xff, 0xff, 0xfd, 0xfc, 0xff, 0xff, 0xfd, 0xfd, 0xff, 0xff,
    0xfe, 0xfd, 0xff, 0xff, 0xff, 0xff, 0xff, 0xff, 0xff, 0xff, 0xff, 0xff, 0x5b, 0x56, 0xec, 0xff,
    0x01, 0x00, 0xe0, 0xff, 0x0c, 0x03, 0xe2, 0xff, 0x09, 0x00, 0xe2, 0xff, 0x0a, 0x01, 0xe2, 0xff,
    0x06, 0x01, 0xe2, 0xff, 0x16, 0x0f, 0xe3, 0xff, 0xe7, 0xe6, 0xfc, 0xff, 0xfd, 0xfd, 0xff, 0xff,
    0xfb, 0xfb, 0xff, 0xff, 0xfd, 0xfd, 0xff, 0xff, 0xfd, 0xfd, 0xff, 0xff, 0xfd, 0xfd, 0xff, 0xff,
    0xfc, 0xfc, 0xff, 0xff, 0xfc, 0xfc, 0xff, 0xff, 0xf4, 0xf4, 0xfe, 0xff, 0x27, 0x1f, 0xe6, 0xff,
    0x03, 0x00, 0xe1, 0xff, 0x0d, 0x04, 0xe2, 0xff, 0x03, 0x00, 0xe1, 0xff, 0x2e, 0x27, 0xe6, 0xff,
    0xf9, 0xf8, 0xff, 0xff, 0xfc, 0xfc, 0xff, 0xff, 0xfd, 0xfd, 0xff, 0xff, 0xfe, 0xfe, 0xff, 0xff,
    0xfe, 0xfe, 0xff, 0xff, 0xfe, 0xfe, 0xff, 0xff, 0xfe, 0xfe, 0xff, 0xff, 0xfb, 0xfb, 0xff, 0xff,
    0xff, 0xff, 0xff, 0xff, 0x54, 0x4d, 0xeb, 0xff, 0x00, 0x00, 0xe0, 0xff, 0x0d, 0x03, 0xe2, 0xff,
    0x09, 0x00, 0xe2, 0xff, 0x09, 0x00, 0xe2, 0xff, 0x09, 0x00, 0xe2, 0xff, 0x09, 0x00, 0xe2, 0xff,
    0x09, 0x00, 0xe2, 0xff, 0x09, 0x00, 0xe2, 0xff, 0x09, 0x00, 0xe2, 0xff, 0x09, 0x00, 0xe2, 0xff,
    0x09, 0x00, 0xe2, 0xff, 0x09, 0x00, 0xe2, 0xff, 0x09, 0x00, 0xe2, 0xff, 0x09, 0x00, 0xe2, 0xff,
    0x09, 0x00, 0xe2, 0xff, 0x0b, 0x03, 0xe2, 0xff, 0x00, 0x00, 0xe1, 0xff, 0xb2, 0xb0, 0xf6, 0xff,
    0xfe, 0xfe, 0xff, 0xff, 0xfa, 0xfa, 0xff, 0xff, 0xfe, 0xfe, 0xff, 0xff, 0xfe, 0xfe, 0xff, 0xff,
    0xfe, 0xfe, 0xff, 0xff, 0xfe, 0xfd, 0xff, 0xff, 0xfb, 0xfb, 0xff, 0xff, 0xfd, 0xfd, 0xff, 0xff,
    0xd3, 0xd2, 0xfa, 0xff, 0x08, 0x03, 0xe2, 0xff, 0x08, 0x00, 0xe2, 0xff, 0x0c, 0x02, 0xe2, 0xff,
    0x00, 0x00, 0xe1, 0xff, 0x2b, 0x27, 0xe6, 0xff, 0xc1, 0xc0, 0xf8, 0xff, 0xff, 0xff, 0xff, 0xff,
    0xff, 0xff, 0xff, 0xff, 0xff, 0xff, 0xff, 0xff, 0xff, 0xff, 0xff, 0xff, 0xfd, 0xfd, 0xff, 0xff,
    0xfd, 0xfd, 0xff, 0xff, 0xfd, 0xfd, 0xff, 0xff, 0xfd, 0xfd, 0xff, 0xff, 0xfd, 0xfd, 0xff, 0xff,
    0xfd, 0xfd, 0xff, 0xff, 0xfd, 0xfd, 0xff, 0xff, 0xfd, 0xfd, 0xff, 0xff, 0xfd, 0xfd, 0xff, 0xff,
    0xfd, 0xfd, 0xff, 0xff, 0xfd, 0xfd, 0xff, 0xff, 0xfd, 0xfd, 0xff, 0xff, 0xfd, 0xfd, 0xff, 0xff,
    0xfd, 0xfd, 0xff, 0xff, 0xfd, 0xfd, 0xff, 0xff, 0xfd, 0xfd, 0xff, 0xff, 0xfd, 0xfd, 0xff, 0xff,
    0xfd, 0xfd, 0xff, 0xff, 0xfd, 0xfd, 0xff, 0xff, 0xfd, 0xfd, 0xff, 0xff, 0xfd, 0xfd, 0xff, 0xff,
    0xfd, 0xfd, 0xff, 0xff, 0xfd, 0xfd, 0xff, 0xff, 0xfd, 0xfd, 0xff, 0xff, 0xfd, 0xfd, 0xff, 0xff,
    0xfd, 0xfd, 0xff, 0xff, 0xfd, 0xfd, 0xff, 0xff, 0xfd, 0xfd, 0xff, 0xff, 0xfd, 0xfd, 0xff, 0xff,
    0xf9, 0xf9, 0xff, 0xff, 0xfe, 0xfe, 0xff, 0xff, 0x99, 0x96, 0xf3, 0xff, 0x00, 0x00, 0xe0, 0xff,
    0x0d, 0x03, 0xe2, 0xff, 0x09, 0x00, 0xe2, 0xff, 0x09, 0x00, 0xe2, 0xff, 0x09, 0x00, 0xe2, 0xff,
    0x09, 0x00, 0xe2, 0xff, 0x09, 0x00, 0xe2, 0xff, 0x09, 0x00, 0xe2, 0xff, 0x09, 0x00, 0xe2, 0xff,
    0x09, 0x00, 0xe2, 0xff, 0x09, 0x00, 0xe2, 0xff, 0x09, 0x00, 0xe2, 0xff, 0x09, 0x00, 0xe2, 0xff,
    0x09, 0x00, 0xe2, 0xff, 0x09, 0x00, 0xe2, 0xff, 0x09, 0x00, 0xe2, 0xff, 0x09, 0x00, 0xe2, 0xff,
    0x09, 0x00, 0xe2, 0xff, 0x09, 0x00, 0xe1, 0xfb, 0x0a, 0x00, 0xef, 0xff, 0x09, 0x00, 0xe3, 0xc5,
    0x00, 0x00, 0xdf, 0x08, 0x00, 0x00, 0xff, 0x02, 0x00, 0x00, 0xff, 0x01, 0x00, 0x00, 0x00, 0x00,
    0x00, 0x00, 0x00, 0x00, 0x00, 0x00, 0xff, 0x03, 0x00, 0x00, 0x00, 0x00, 0x08, 0x00, 0xdf, 0x99,
    0x0a, 0x00, 0xf3, 0xff, 0x09, 0x00, 0xe2, 0xfa, 0x09, 0x00, 0xe2, 0xff, 0x09, 0x00, 0xe2, 0xff,
    0x09, 0x00, 0xe2, 0xff, 0x09, 0x00, 0xe2, 0xff, 0x09, 0x00, 0xe2, 0xff, 0x09, 0x00, 0xe2, 0xff,
    0x09, 0x00, 0xe2, 0xff, 0x09, 0x00, 0xe2, 0xff, 0x09, 0x00, 0xe2, 0xff, 0x09, 0x00, 0xe2, 0xff,
    0x09, 0x00, 0xe2, 0xff, 0x09, 0x00, 0xe2, 0xff, 0x09, 0x00, 0xe2, 0xff, 0x09, 0x00, 0xe2, 0xff,
    0x09, 0x00, 0xe2, 0xff, 0x09, 0x00, 0xe2, 0xff, 0x09, 0x00, 0xe2, 0xff, 0x09, 0x00, 0xe2, 0xff,
    0x09, 0x00, 0xe2, 0xff, 0x09, 0x00, 0xe2, 0xff, 0x09, 0x00, 0xe2, 0xff, 0x09, 0x00, 0xe2, 0xff,
    0x09, 0x00, 0xe2, 0xff, 0x09, 0x00, 0xe2, 0xff, 0x09, 0x00, 0xe2, 0xff, 0x09, 0x00, 0xe2, 0xff,
    0x09, 0x00, 0xe2, 0xff, 0x09, 0x00, 0xe2, 0xff, 0x09, 0x00, 0xe2, 0xff, 0x09, 0x00, 0xe2, 0xff,
    0x09, 0x00, 0xe2, 0xff, 0x09, 0x00, 0xe2, 0xff, 0x09, 0x00, 0xe2, 0xff, 0x09, 0x00, 0xe2, 0xff,
    0x09, 0x02, 0xe2, 0xff, 0x06, 0x02, 0xe1, 0xff, 0xca, 0xc9, 0xf9, 0xff, 0xff, 0xfe, 0xff, 0xff,
    0xfc, 0xfc, 0xff, 0xff, 0xff, 0xff, 0xff, 0xff, 0xff, 0xff, 0xff, 0xff, 0xff, 0xff, 0xff, 0xff,
    0xff, 0xff, 0xff, 0xff, 0xfc, 0xfc, 0xff, 0xff, 0xff, 0xfe, 0xff, 0xff, 0xc9, 0xc7, 0xf9, 0xff,
    0x05, 0x02, 0xe2, 0xff, 0x0c, 0x03, 0xe3, 0xff, 0x03, 0x00, 0xe1, 0xff, 0x25, 0x22, 0xe5, 0xff,
    0xde, 0xdd, 0xfb, 0xff, 0xff, 0xff, 0xff, 0xff, 0xfb, 0xfb, 0xff, 0xff, 0xfd, 0xfd, 0xff, 0xff,
    0xfe, 0xfe, 0xff, 0xff, 0xff, 0xff, 0xff, 0xff, 0xff, 0xff, 0xff, 0xff, 0xff, 0xff, 0xff, 0xff,
    0xff, 0xff, 0xff, 0xff, 0xff, 0xff, 0xff, 0xff, 0xff, 0xff, 0xff, 0xff, 0xff, 0xff, 0xff, 0xff,
    0xff, 0xff, 0xff, 0xff, 0xff, 0xff, 0xff, 0xff, 0xff, 0xff, 0xff, 0xff, 0xff, 0xff, 0xff, 0xff,
    0xff, 0xff, 0xff, 0xff, 0xff, 0xff, 0xff, 0xff, 0xff, 0xff, 0xff, 0xff, 0xff, 0xff, 0xff, 0xff,
    0xff, 0xff, 0xff, 0xff, 0xff, 0xff, 0xff, 0xff, 0xff, 0xff, 0xff, 0xff, 0xff, 0xff, 0xff, 0xff,
    0xff, 0xff, 0xff, 0xff, 0xff, 0xff, 0xff, 0xff, 0xfe, 0xfe, 0xff, 0xff, 0xfe, 0xfe, 0xff, 0xff,
    0xf8, 0xf8, 0xfe, 0xff, 0x31, 0x2a, 0xe7, 0xff, 0x00, 0x00, 0xdf, 0xff, 0x65, 0x60, 0xed, 0xff,
    0xff, 0xff, 0xff, 0xff, 0xff, 0xff, 0xff, 0xff, 0xfb, 0xfb, 0xff, 0xff, 0xfd, 0xfd, 0xff, 0xff,
    0xff, 0xfe, 0xff, 0xff, 0xff, 0xff, 0xff, 0xff, 0xff, 0xff, 0xff, 0xff, 0xff, 0xff, 0xff, 0xff,
    0xff, 0xff, 0xff, 0xff, 0xff, 0xff, 0xff, 0xff, 0xff, 0xff, 0xff, 0xff, 0xff, 0xff, 0xff, 0xff,
    0xff, 0xff, 0xff, 0xff, 0xff, 0xff, 0xff, 0xff, 0xff, 0xff, 0xff, 0xff, 0xff, 0xff, 0xff, 0xff,
    0xff, 0xff, 0xff, 0xff, 0xff, 0xff, 0xff, 0xff, 0xff, 0xff, 0xff, 0xff, 0xff, 0xff, 0xff, 0xff,
    0xff, 0xff, 0xff, 0xff, 0xff, 0xff, 0xff, 0xff, 0xff, 0xff, 0xff, 0xff, 0xff, 0xff, 0xff, 0xff,
    0xff, 0xff, 0xff, 0xff, 0xff, 0xff, 0xff, 0xff, 0xfd, 0xfd, 0xff, 0xff, 0xff, 0xff, 0xff, 0xff,
    0x50, 0x4a, 0xeb, 0xff, 0x00, 0x00, 0xdf, 0xff, 0x7f, 0x7b, 0xf0, 0xff, 0xff, 0xff, 0xff, 0xff,
    0xfe, 0xfe, 0xff, 0xff, 0xfb, 0xfb, 0xff, 0xff, 0xfe, 0xfe, 0xff, 0xff, 0xff, 0xff, 0xff, 0xff,
    0xff, 0xff, 0xff, 0xff, 0xff, 0xff, 0xff, 0xff, 0xff, 0xff, 0xff, 0xff, 0xff, 0xff, 0xff, 0xff,
    0xff, 0xff, 0xff, 0xff, 0xff, 0xff, 0xff, 0xff, 0xff, 0xff, 0xff, 0xff, 0xff, 0xff, 0xff, 0xff,
    0xff, 0xff, 0xff, 0xff, 0xff, 0xff, 0xff, 0xff, 0xff, 0xff, 0xff, 0xff, 0xff, 0xff, 0xff, 0xff,
    0xff, 0xff, 0xff, 0xff, 0xff, 0xff, 0xff, 0xff, 0xff, 0xff, 0xff, 0xff, 0xff, 0xff, 0xff, 0xff,
    0xff, 0xff, 0xff, 0xff, 0xff, 0xff, 0xff, 0xff, 0xff, 0xff, 0xff, 0xff, 0xff, 0xff, 0xff, 0xff,
    0xff, 0xff, 0xff, 0xff, 0xff, 0xff, 0xff, 0xff, 0xff, 0xff, 0xff, 0xff, 0xff, 0xff, 0xff, 0xff,
    0xff, 0xff, 0xff, 0xff, 0xff, 0xff, 0xff, 0xff, 0xff, 0xff, 0xff, 0xff, 0xfe, 0xfe, 0xff, 0xff,
    0xfe, 0xfe, 0xff, 0xff, 0xf8, 0xf8, 0xfe, 0xff, 0x2c, 0x24, 0xe6, 0xff, 0x01, 0x00, 0xe1, 0xff,
    0x0b, 0x02, 0xe2, 0xff, 0x0d, 0x04, 0xe2, 0xff, 0x00, 0x00, 0xe0, 0xff, 0x70, 0x6b, 0xee, 0xff,
    0xff, 0xff, 0xff, 0xff, 0xfc, 0xfc, 0xff, 0xff, 0xff, 0xff, 0xff, 0xff, 0xff, 0xff, 0xff, 0xff,
    0xff, 0xff, 0xff, 0xff, 0xff, 0xff, 0xff, 0xff, 0xff, 0xff, 0xff, 0xff, 0xff, 0xff, 0xff, 0xff,
    0xff, 0xff, 0xff, 0xff, 0xff, 0xff, 0xff, 0xff, 0xff, 0xff, 0xff, 0xff, 0xff, 0xff, 0xff, 0xff,
    0xff, 0xff, 0xff, 0xff, 0xff, 0xff, 0xff, 0xff, 0xff, 0xff, 0xff, 0xff, 0xff, 0xff, 0xff, 0xff,
    0xff, 0xff, 0xff, 0xff, 0xff, 0xff, 0xff, 0xff, 0xff, 0xff, 0xff, 0xff, 0xff, 0xff, 0xff, 0xff,
    0xff, 0xff, 0xff, 0xff, 0xff, 0xff, 0xff, 0xff, 0xff, 0xff, 0xff, 0xff, 0xff, 0xff, 0xff, 0xff,
    0xff, 0xff, 0xff, 0xff, 0xff, 0xff, 0xff, 0xff, 0xff, 0xff, 0xff, 0xff, 0xff, 0xff, 0xff, 0xff,
    0xff, 0xff, 0xff, 0xff, 0xff, 0xff, 0xff, 0xff, 0xff, 0xff, 0xff, 0xff, 0xff, 0xff, 0xff, 0xff,
    0xff, 0xff, 0xff, 0xff, 0xfa, 0xfa, 0xff, 0xff, 0xfd, 0xfd, 0xff, 0xff, 0xaa, 0xa7, 0xf5, 0xff,
    0x00, 0x00, 0xe0, 0xff, 0x0c, 0x03, 0xe2, 0xff, 0x09, 0x00, 0xe2, 0xff, 0x0d, 0x04, 0xe2, 0xff,
    0x00, 0x00, 0xe0, 0xff, 0x6f, 0x6a, 0xee, 0xff, 0xff, 0xff, 0xff, 0xff, 0xfc, 0xfc, 0xff, 0xff,
    0xff, 0xff, 0xff, 0xff, 0xff, 0xff, 0xff, 0xff, 0xff, 0xff, 0xff, 0xff, 0xff, 0xff, 0xff, 0xff,
    0xfb, 0xfb, 0xff, 0xff, 0xff, 0xff, 0xff, 0xff, 0xa7, 0xa4, 0xf5, 0xff, 0x00, 0x00, 0xe0, 0xff,
    0x0c, 0x03, 0xe2, 0xff, 0x0d, 0x03, 0xe2, 0xff, 0x00, 0x00, 0xe0, 0xff, 0x91, 0x8e, 0xf2, 0xff,
    0xff, 0xff, 0xff, 0xff, 0xfb, 0xfb, 0xff, 0xff, 0xff, 0xff, 0xff, 0xff, 0xff, 0xff, 0xff, 0xff,
    0xff, 0xff, 0xff, 0xff, 0xff, 0xff, 0xff, 0xff, 0xfd, 0xfc, 0xff, 0xff, 0xfe, 0xfe, 0xff, 0xff,
    0xd7, 0xd6, 0xfa, 0xff, 0x0b, 0x05, 0xe2, 0xff, 0x08, 0x01, 0xe2, 0xff, 0x0a, 0x01, 0xe2, 0xff,
    0x09, 0x00, 0xe2, 0xff, 0x09, 0x00, 0xe2, 0xff, 0x09, 0x00, 0xe2, 0xff, 0x09, 0x00, 0xe2, 0xff,
    0x09, 0x00, 0xe2, 0xff, 0x09, 0x00, 0xe2, 0xff, 0x09, 0x00, 0xe2, 0xff, 0x09, 0x00, 0xe2, 0xff,
    0x09, 0x00, 0xe2, 0xff, 0x09, 0x00, 0xe2, 0xff, 0x09, 0x00, 0xe2, 0xff, 0x09, 0x00, 0xe2, 0xff,
    0x0b, 0x02, 0xe2, 0xff, 0x02, 0x00, 0xe1, 0xff, 0x30, 0x29, 0xe7, 0xff, 0xf9, 0xf9, 0xfe, 0xff,
    0xfe, 0xfe, 0xff, 0xff, 0xfe, 0xfe, 0xff, 0xff, 0xff, 0xff, 0xff, 0xff, 0xff, 0xff, 0xff, 0xff,
    0xff, 0xff, 0xff, 0xff, 0xff, 0xff, 0xff, 0xff, 0xfb, 0xfb, 0xff, 0xff, 0xff, 0xff, 0xff, 0xff,
    0x73, 0x6e, 0xef, 0xff, 0x00, 0x00, 0xe0, 0xff, 0x0f, 0x06, 0xe3, 0xff, 0x03, 0x00, 0xe1, 0xff,
    0x2d, 0x28, 0xe6, 0xff, 0xe8, 0xe6, 0xfc, 0xff, 0xff, 0xff, 0xff, 0xff, 0xfc, 0xfb, 0xff, 0xff,
    0xfc, 0xfc, 0xff, 0xff, 0xfe, 0xfe, 0xff, 0xff, 0xff, 0xff, 0xff, 0xff, 0xff, 0xff, 0xff, 0xff,
    0xff, 0xff, 0xff, 0xff, 0xff, 0xff, 0xff, 0xff, 0xff, 0xff, 0xff, 0xff, 0xff, 0xff, 0xff, 0xff,
    0xff, 0xff, 0xff, 0xff, 0xff, 0xff, 0xff, 0xff, 0xff, 0xff, 0xff, 0xff, 0xff, 0xff, 0xff, 0xff,
    0xff, 0xff, 0xff, 0xff, 0xff, 0xff, 0xff, 0xff, 0xff, 0xff, 0xff, 0xff, 0xff, 0xff, 0xff, 0xff,
    0xff, 0xff, 0xff, 0xff, 0xff, 0xff, 0xff, 0xff, 0xff, 0xff, 0xff, 0xff, 0xff, 0xff, 0xff, 0xff,
    0xff, 0xff, 0xff, 0xff, 0xff, 0xff, 0xff, 0xff, 0xff, 0xff, 0xff, 0xff, 0xff, 0xff, 0xff, 0xff,
    0xff, 0xff, 0xff, 0xff, 0xff, 0xff, 0xff, 0xff, 0xff, 0xff, 0xff, 0xff, 0xff, 0xff, 0xff, 0xff,
    0xff, 0xff, 0xff, 0xff, 0xff, 0xff, 0xff, 0xff, 0xff, 0xff, 0xff, 0xff, 0xfe, 0xfe, 0xff, 0xff,
    0xfe, 0xfe, 0xff, 0xff, 0xfa, 0xf9, 0xfe, 0xff, 0x31, 0x2a, 0xe7, 0xff, 0x02, 0x01, 0xe1, 0xff,
    0x0b, 0x02, 0xe2, 0xff, 0x09, 0x00, 0xe2, 0xff, 0x09, 0x00, 0xe2, 0xff, 0x09, 0x00, 0xe2, 0xff,
    0x09, 0x00, 0xe2, 0xff, 0x09, 0x00, 0xe2, 0xff, 0x09, 0x00, 0xe2, 0xff, 0x09, 0x00, 0xe2, 0xff,
    0x09, 0x00, 0xe2, 0xff, 0x09, 0x00, 0xe2, 0xff, 0x09, 0x00, 0xe2, 0xff, 0x09, 0x00, 0xe2, 0xff,
    0x09, 0x00, 0xe2, 0xff, 0x09, 0x00, 0xe2, 0xff, 0x09, 0x00, 0xe2, 0xff, 0x09, 0x00, 0xe2, 0xff,
    0x09, 0x00, 0xe2, 0xff, 0x09, 0x00, 0xe2, 0xff, 0x09, 0x00, 0xe2, 0xfa, 0x0a, 0x00, 0xf3, 0xff,
    0x08, 0x00, 0xe1, 0x99, 0x00, 0x00, 0x00, 0x00, 0x00, 0x00, 0xff, 0x03, 0x00, 0x00, 0x00, 0x00,
    0x00, 0x00, 0xff, 0x03, 0x00, 0x00, 0x00, 0x00, 0x09, 0x00, 0xe2, 0x50, 0x0a, 0x00, 0xee, 0xff,
    0x09, 0x00, 0xe3, 0xfb, 0x09, 0x00, 0xe2, 0xfe, 0x09, 0x00, 0xe2, 0xff, 0x09, 0x00, 0xe2, 0xff,
    0x09, 0x00, 0xe2, 0xff, 0x09, 0x00, 0xe2, 0xff, 0x09, 0x00, 0xe2, 0xff, 0x09, 0x00, 0xe2, 0xff,
    0x09, 0x00, 0xe2, 0xff, 0x09, 0x00, 0xe2, 0xff, 0x09, 0x00, 0xe2, 0xff, 0x09, 0x00, 0xe2, 0xff,
    0x09, 0x00, 0xe2, 0xff, 0x09, 0x00, 0xe2, 0xff, 0x09, 0x00, 0xe2, 0xff, 0x09, 0x00, 0xe2, 0xff,
    0x09, 0x00, 0xe2, 0xff, 0x09, 0x00, 0xe2, 0xff, 0x09, 0x00, 0xe2, 0xff, 0x09, 0x00, 0xe2, 0xff,
    0x09, 0x00, 0xe2, 0xff, 0x09, 0x00, 0xe2, 0xff, 0x09, 0x00, 0xe2, 0xff, 0x09, 0x00, 0xe2, 0xff,
    0x09, 0x00, 0xe2, 0xff, 0x09, 0x00, 0xe2, 0xff, 0x09, 0x00, 0xe2, 0xff, 0x09, 0x00, 0xe2, 0xff,
    0x09, 0x00, 0xe2, 0xff, 0x09, 0x00, 0xe2, 0xff, 0x09, 0x00, 0xe2, 0xff, 0x09, 0x00, 0xe2, 0xff,
    0x09, 0x00, 0xe2, 0xff, 0x09, 0x00, 0xe2, 0xff, 0x09, 0x00, 0xe2, 0xff, 0x0c, 0x03, 0xe2, 0xff,
    0x01, 0x00, 0xe1, 0xff, 0x45, 0x3f, 0xe9, 0xff, 0xff, 0xff, 0xff, 0xff, 0xfd, 0xfd, 0xff, 0xff,
    0xff, 0xff, 0xff, 0xff, 0xff, 0xff, 0xff, 0xff, 0xff, 0xff, 0xff, 0xff, 0xff, 0xff, 0xff, 0xff,
    0xff, 0xff, 0xff, 0xff, 0xfd, 0xfc, 0xff, 0xff, 0xff, 0xff, 0xff, 0xff, 0x5e, 0x58, 0xec, 0xff,
    0x00, 0x00, 0xe0, 0xff, 0x0b, 0x04, 0xe2, 0xff, 0x10, 0x0b, 0xe2, 0xff, 0xd2, 0xd0, 0xfa, 0xff,
    0xff, 0xff, 0xff, 0xff, 0xfb, 0xfa, 0xff, 0xff, 0xff, 0xff, 0xff, 0xff, 0xff, 0xff, 0xff, 0xff,
    0xff, 0xff, 0xff, 0xff, 0xff, 0xff, 0xff, 0xff, 0xff, 0xff, 0xff, 0xff, 0xff, 0xff, 0xff, 0xff,
    0xff, 0xff, 0xff, 0xff, 0xff, 0xff, 0xff, 0xff, 0xff, 0xff, 0xff, 0xff, 0xff, 0xff, 0xff, 0xff,
    0xff, 0xff, 0xff, 0xff, 0xff, 0xff, 0xff, 0xff, 0xff, 0xff, 0xff, 0xff, 0xff, 0xff, 0xff, 0xff,
    0xff, 0xff, 0xff, 0xff, 0xff, 0xff, 0xff, 0xff, 0xff, 0xff, 0xff, 0xff, 0xff, 0xff, 0xff, 0xff,
    0xff, 0xff, 0xff, 0xff, 0xff, 0xff, 0xff, 0xff, 0xff, 0xff, 0xff, 0xff, 0xff, 0xff, 0xff, 0xff,
    0xff, 0xff, 0xff, 0xff, 0xff, 0xff, 0xff, 0xff, 0xfc, 0xfb, 0xff, 0xff, 0xff, 0xff, 0xff, 0xff,
    0xb5, 0xb2, 0xf6, 0xff, 0x00, 0x00, 0xdf, 0xff, 0x48, 0x42, 0xea, 0xff, 0xfd, 0xfd, 0xff, 0xff,
    0xfd, 0xfd, 0xff, 0xff, 0xfd, 0xfd, 0xff, 0xff, 0xff, 0xff, 0xff, 0xff, 0xff, 0xff, 0xff, 0xff,
    0xff, 0xff, 0xff, 0xff, 0xff, 0xff, 0xff, 0xff, 0xff, 0xff, 0xff, 0xff, 0xff, 0xff, 0xff, 0xff,
    0xff, 0xff, 0xff, 0xff, 0xff, 0xff, 0xff, 0xff, 0xff, 0xff, 0xff, 0xff, 0xff, 0xff, 0xff, 0xff,
    0xff, 0xff, 0xff, 0xff, 0xff, 0xff, 0xff, 0xff, 0xff, 0xff, 0xff, 0xff, 0xff, 0xff, 0xff, 0xff,
    0xff, 0xff, 0xff, 0xff, 0xff, 0xff, 0xff, 0xff, 0xff, 0xff, 0xff, 0xff, 0xff, 0xff, 0xff, 0xff,
    0xff, 0xff, 0xff, 0xff, 0xff, 0xff, 0xff, 0xff, 0xff, 0xff, 0xff, 0xff, 0xff, 0xff, 0xff, 0xff,
    0xff, 0xff, 0xff, 0xff, 0xfc, 0xfc, 0xff, 0xff, 0xfe, 0xfe, 0xff, 0xff, 0xd0, 0xcf, 0xfa, 0xff,
    0x02, 0x00, 0xe0, 0xff, 0x4f, 0x49, 0xea, 0xff, 0xff, 0xff, 0xff, 0xff, 0xfb, 0xfb, 0xff, 0xff,
    0xfe, 0xfe, 0xff, 0xff, 0xff, 0xff, 0xff, 0xff, 0xff, 0xff, 0xff, 0xff, 0xff, 0xff, 0xff, 0xff,
    0xff, 0xff, 0xff, 0xff, 0xff, 0xff, 0xff, 0xff, 0xff, 0xff, 0xff, 0xff, 0xff, 0xff, 0xff, 0xff,
    0xff, 0xff, 0xff, 0xff, 0xff, 0xff, 0xff, 0xff, 0xff, 0xff, 0xff, 0xff, 0xff, 0xff, 0xff, 0xff,
    0xff, 0xff, 0xff, 0xff, 0xff, 0xff, 0xff, 0xff, 0xff, 0xff, 0xff, 0xff, 0xff, 0xff, 0xff, 0xff,
    0xff, 0xff, 0xff, 0xff, 0xff, 0xff, 0xff, 0xff, 0xff, 0xff, 0xff, 0xff, 0xff, 0xff, 0xff, 0xff,
    0xff, 0xff, 0xff, 0xff, 0xff, 0xff, 0xff, 0xff, 0xff, 0xff, 0xff, 0xff, 0xff, 0xff, 0xff, 0xff,
    0xff, 0xff, 0xff, 0xff, 0xff, 0xff, 0xff, 0xff, 0xff, 0xff, 0xff, 0xff, 0xff, 0xff, 0xff, 0xff,
    0xff, 0xff, 0xff, 0xff, 0xff, 0xff, 0xff, 0xff, 0xff, 0xff, 0xff, 0xff, 0xfe, 0xfe, 0xff, 0xff,
    0xff, 0xff, 0xff, 0xff, 0xe7, 0xe6, 0xfc, 0xff, 0x16, 0x0d, 0xe4, 0xff, 0x06, 0x00, 0xe2, 0xff,
    0x0b, 0x02, 0xe2, 0xff, 0x08, 0x01, 0xe2, 0xff, 0x0b, 0x05, 0xe2, 0xff, 0xd6, 0xd5, 0xfa, 0xff,
    0xff, 0xff, 0xff, 0xff, 0xfd, 0xfd, 0xff, 0xff, 0xff, 0xff, 0xff, 0xff, 0xff, 0xff, 0xff, 0xff,
    0xff, 0xff, 0xff, 0xff, 0xff, 0xff, 0xff, 0xff, 0xff, 0xff, 0xff, 0xff, 0xff, 0xff, 0xff, 0xff,
    0xff, 0xff, 0xff, 0xff, 0xff, 0xff, 0xff, 0xff, 0xff, 0xff, 0xff, 0xff, 0xff, 0xff, 0xff, 0xff,
    0xff, 0xff, 0xff, 0xff, 0xff, 0xff, 0xff, 0xff, 0xff, 0xff, 0xff, 0xff, 0xff, 0xff, 0xff, 0xff,
    0xff, 0xff, 0xff, 0xff, 0xff, 0xff, 0xff, 0xff, 0xff, 0xff, 0xff, 0xff, 0xff, 0xff, 0xff, 0xff,
    0xff, 0xff, 0xff, 0xff, 0xff, 0xff, 0xff, 0xff, 0xff, 0xff, 0xff, 0xff, 0xff, 0xff, 0xff, 0xff,
    0xff, 0xff, 0xff, 0xff, 0xff, 0xff, 0xff, 0xff, 0xff, 0xff, 0xff, 0xff, 0xff, 0xff, 0xff, 0xff,
    0xff, 0xff, 0xff, 0xff, 0xff, 0xff, 0xff, 0xff, 0xff, 0xff, 0xff, 0xff, 0xff, 0xff, 0xff, 0xff,
    0xff, 0xff, 0xff, 0xff, 0xfc, 0xfb, 0xff, 0xff, 0xfe, 0xfe, 0xff, 0xff, 0xa7, 0xa4, 0xf5, 0xff,
    0x00, 0x00, 0xe0, 0xff, 0x0c, 0x03, 0xe2, 0xff, 0x0a, 0x01, 0xe2, 0xff, 0x08, 0x01, 0xe2, 0xff,
    0x0b, 0x05, 0xe2, 0xff, 0xd6, 0xd5, 0xfa, 0xff, 0xfe, 0xfe, 0xff, 0xff, 0xfd, 0xfd, 0xff, 0xff,
    0xff, 0xff, 0xff, 0xff, 0xff, 0xff, 0xff, 0xff, 0xff, 0xff, 0xff, 0xff, 0xff, 0xff, 0xff, 0xff,
    0xfd, 0xfd, 0xff, 0xff, 0xfd, 0xfd, 0xff, 0xff, 0x3e, 0x36, 0xe8, 0xff, 0x01, 0x01, 0xe1, 0xff,
    0x0d, 0x04, 0xe2, 0xff, 0x05, 0x00, 0xe2, 0xff, 0x19, 0x13, 0xe4, 0xff, 0xeb, 0xea, 0xfc, 0xff,
    0xfe, 0xfe, 0xff, 0xff, 0xfe, 0xfe, 0xff, 0xff, 0xff, 0xff, 0xff, 0xff, 0xff, 0xff, 0xff, 0xff,
    0xff, 0xff, 0xff, 0xff, 0xff, 0xff, 0xff, 0xff, 0xfc, 0xfc, 0xff, 0xff, 0xff, 0xff, 0xff, 0xff,
    0x73, 0x6e, 0xef, 0xff, 0x00, 0x00, 0xe0, 0xff, 0x0d, 0x04, 0xe2, 0xff, 0x09, 0x00, 0xe2, 0xff,
    0x09, 0x00, 0xe2, 0xff, 0x09, 0x00, 0xe2, 0xff, 0x09, 0x00, 0xe2, 0xff, 0x09, 0x00, 0xe2, 0xff,
    0x09, 0x00, 0xe2, 0xff, 0x09, 0x00, 0xe2, 0xff, 0x09, 0x00, 0xe2, 0xff, 0x09, 0x00, 0xe2, 0xff,
    0x09, 0x00, 0xe2, 0xff, 0x09, 0x00, 0xe2, 0xff, 0x09, 0x00, 0xe2, 0xff, 0x09, 0x00, 0xe2, 0xff,
    0x0d, 0x03, 0xe2, 0xff, 0x00, 0x00, 0xe0, 0xff, 0x94, 0x91, 0xf2, 0xff, 0xff, 0xff, 0xff, 0xff,
    0xfb, 0xfb, 0xff, 0xff, 0xff, 0xff, 0xff, 0xff, 0xff, 0xff, 0xff, 0xff, 0xff, 0xff, 0xff, 0xff,
    0xff, 0xff, 0xff, 0xff, 0xfe, 0xfe, 0xff, 0xff, 0xff, 0xff, 0xff, 0xff, 0xed, 0xec, 0xfd, 0xff,
    0x1c, 0x15, 0xe5, 0xff, 0x05, 0x00, 0xe1, 0xff, 0x0a, 0x03, 0xe2, 0xff, 0x09, 0x05, 0xe2, 0xff,
    0xcb, 0xc9, 0xf9, 0xff, 0xff, 0xff, 0xff, 0xff, 0xfa, 0xf9, 0xff, 0xff, 0xff, 0xff, 0xff, 0xff,
    0xff, 0xff, 0xff, 0xff, 0xff, 0xff, 0xff, 0xff, 0xff, 0xff, 0xff, 0xff, 0xff, 0xff, 0xff, 0xff,
    0xff, 0xff, 0xff, 0xff, 0xff, 0xff, 0xff, 0xff, 0xff, 0xff, 0xff, 0xff, 0xff, 0xff, 0xff, 0xff,
    0xff, 0xff, 0xff, 0xff, 0xff, 0xff, 0xff, 0xff, 0xff, 0xff, 0xff, 0xff, 0xff, 0xff, 0xff, 0xff,
    0xff, 0xff, 0xff, 0xff, 0xff, 0xff, 0xff, 0xff, 0xff, 0xff, 0xff, 0xff, 0xff, 0xff, 0xff, 0xff,
    0xff, 0xff, 0xff, 0xff, 0xff, 0xff, 0xff, 0xff, 0xff, 0xff, 0xff, 0xff, 0xff, 0xff, 0xff, 0xff,
    0xff, 0xff, 0xff, 0xff, 0xff, 0xff, 0xff, 0xff, 0xff, 0xff, 0xff, 0xff, 0xff, 0xff, 0xff, 0xff,
    0xff, 0xff, 0xff, 0xff, 0xff, 0xff, 0xff, 0xff, 0xff, 0xff, 0xff, 0xff, 0xff, 0xff, 0xff, 0xff,
    0xff, 0xff, 0xff, 0xff, 0xff, 0xff, 0xff, 0xff, 0xff, 0xff, 0xff, 0xff, 0xfb, 0xfb, 0xff, 0xff,
    0xff, 0xff, 0xff, 0xff, 0xaf, 0xac, 0xf6, 0xff, 0x00, 0x00, 0xe1, 0xff, 0x0c, 0x03, 0xe2, 0xff,
    0x09, 0x00, 0xe2, 0xff, 0x09, 0x00, 0xe2, 0xff, 0x09, 0x00, 0xe2, 0xff, 0x09, 0x00, 0xe2, 0xff,
    0x09, 0x00, 0xe2, 0xff, 0x09, 0x00, 0xe2, 0xff, 0x09, 0x00, 0xe2, 0xff, 0x09, 0x00, 0xe2, 0xff,
    0x09, 0x00, 0xe2, 0xff, 0x09, 0x00, 0xe2, 0xff, 0x09, 0x00, 0xe2, 0xff, 0x09, 0x00, 0xe2, 0xff,
    0x09, 0x00, 0xe2, 0xff, 0x09, 0x00, 0xe2, 0xff, 0x09, 0x00, 0xe2, 0xff, 0x09, 0x00, 0xe2, 0xff,
    0x09, 0x00, 0xe2, 0xff, 0x09, 0x00, 0xe2, 0xff, 0x09, 0x00, 0xe2, 0xfe, 0x09, 0x00, 0xe3, 0xfb,
    0x0a, 0x00, 0xee, 0xff, 0x09, 0x00, 0xe2, 0x50, 0x00, 0x00, 0x00, 0x00, 0x00, 0x00, 0xff, 0x03,
    0x00, 0x00, 0xff, 0x01, 0x00, 0x00, 0xe9, 0x0c, 0x09, 0x00, 0xe2, 0xdf, 0x09, 0x00, 0xe9, 0xfe,
    0x09, 0x00, 0xe1, 0xfd, 0x09, 0x00, 0xe2, 0xff, 0x09, 0x00, 0xe2, 0xff, 0x09, 0x00, 0xe2, 0xff,
    0x09, 0x00, 0xe2, 0xff, 0x09, 0x00, 0xe2, 0xff, 0x09, 0x00, 0xe2, 0xff, 0x09, 0x00, 0xe2, 0xff,
    0x09, 0x00, 0xe2, 0xff, 0x09, 0x00, 0xe2, 0xff, 0x09, 0x00, 0xe2, 0xff, 0x09, 0x00, 0xe2, 0xff,
    0x09, 0x00, 0xe2, 0xff, 0x09, 0x00, 0xe2, 0xff, 0x09, 0x00, 0xe2, 0xff, 0x09, 0x00, 0xe2, 0xff,
    0x09, 0x00, 0xe2, 0xff, 0x09, 0x00, 0xe2, 0xff, 0x09, 0x00, 0xe2, 0xff, 0x09, 0x00, 0xe2, 0xff,
    0x09, 0x00, 0xe2, 0xff, 0x09, 0x00, 0xe2, 0xff, 0x09, 0x00, 0xe2, 0xff, 0x09, 0x00, 0xe2, 0xff,
    0x09, 0x00, 0xe2, 0xff, 0x09, 0x00, 0xe2, 0xff, 0x09, 0x00, 0xe2, 0xff, 0x09, 0x00, 0xe2, 0xff,
    0x09, 0x00, 0xe2, 0xff, 0x09, 0x00, 0xe2, 0xff, 0x09, 0x00, 0xe2, 0xff, 0x09, 0x00, 0xe2, 0xff,
    0x09, 0x00, 0xe2, 0xff, 0x09, 0x00, 0xe2, 0xff, 0x09, 0x00, 0xe2, 0xff, 0x0c, 0x02, 0xe2, 0xff,
    0x00, 0x00, 0xe0, 0xff, 0xad, 0xaa, 0xf5, 0xff, 0xff, 0xff, 0xff, 0xff, 0xfc, 0xfb, 0xff, 0xff,
    0xff, 0xff, 0xff, 0xff, 0xff, 0xff, 0xff, 0xff, 0xff, 0xff, 0xff, 0xff, 0xff, 0xff, 0xff, 0xff,
    0xfd, 0xfd, 0xff, 0xff, 0xfe, 0xfe, 0xff, 0xff, 0xdc, 0xdb, 0xfb, 0xff, 0x0e, 0x08, 0xe3, 0xff,
    0x0a, 0x02, 0xe2, 0xff, 0x00, 0x00, 0xe0, 0xff, 0x97, 0x93, 0xf3, 0xff, 0xff, 0xff, 0xff, 0xff,
    0xfb, 0xfa, 0xff, 0xff, 0xff, 0xff, 0xff, 0xff, 0xff, 0xff, 0xff, 0xff, 0xff, 0xff, 0xff, 0xff,
    0xff, 0xff, 0xff, 0xff, 0xff, 0xff, 0xff, 0xff, 0xff, 0xff, 0xff, 0xff, 0xff, 0xff, 0xff, 0xff,
    0xff, 0xff, 0xff, 0xff, 0xff, 0xff, 0xff, 0xff, 0xff, 0xff, 0xff, 0xff, 0xff, 0xff, 0xff, 0xff,
    0xff, 0xff, 0xff, 0xff, 0xff, 0xff, 0xff, 0xff, 0xff, 0xff, 0xff, 0xff, 0xff, 0xff, 0xff, 0xff,
    0xff, 0xff, 0xff, 0xff, 0xff, 0xff, 0xff, 0xff, 0xff, 0xff, 0xff, 0xff, 0xff, 0xff, 0xff, 0xff,
    0xff, 0xff, 0xff, 0xff, 0xff, 0xff, 0xff, 0xff, 0xff, 0xff, 0xff, 0xff, 0xff, 0xff, 0xff, 0xff,
    0xff, 0xfe, 0xff, 0xff, 0xfe, 0xfe, 0xff, 0xff, 0xfd, 0xfd, 0xff, 0xff, 0xff, 0xff, 0xff, 0xff,
    0x46, 0x3f, 0xe9, 0xff, 0x0e, 0x0a, 0xe2, 0xff, 0xe3, 0xe1, 0xfc, 0xff, 0xff, 0xff, 0xff, 0xff,
    0xfc, 0xfc, 0xff, 0xff, 0xff, 0xff, 0xff, 0xff, 0xff, 0xff, 0xff, 0xff, 0xff, 0xff, 0xff, 0xff,
    0xff, 0xff, 0xff, 0xff, 0xff, 0xff, 0xff, 0xff, 0xff, 0xff, 0xff, 0xff, 0xff, 0xff, 0xff, 0xff,
    0xff, 0xff, 0xff, 0xff, 0xff, 0xff, 0xff, 0xff, 0xff, 0xff, 0xff, 0xff, 0xff, 0xff, 0xff, 0xff,
    0xff, 0xff, 0xff, 0xff, 0xff, 0xff, 0xff, 0xff, 0xff, 0xff, 0xff, 0xff, 0xff, 0xff, 0xff, 0xff,
    0xff, 0xff, 0xff, 0xff, 0xff, 0xff, 0xff, 0xff, 0xff, 0xff, 0xff, 0xff, 0xff, 0xff, 0xff, 0xff,
    0xff, 0xff, 0xff, 0xff, 0xff, 0xff, 0xff, 0xff, 0xff, 0xff, 0xff, 0xff, 0xff, 0xff, 0xff, 0xff,
    0xff, 0xff, 0xff, 0xff, 0xfc, 0xfc, 0xff, 0xff, 0xff, 0xff, 0xff, 0xff, 0x5d, 0x56, 0xec, 0xff,
    0x09, 0x06, 0xe1, 0xff, 0xe2, 0xe1, 0xfc, 0xff, 0xff, 0xff, 0xff, 0xff, 0xfd, 0xfd, 0xff, 0xff,
    0xff, 0xff, 0xff, 0xff, 0xff, 0xff, 0xff, 0xff, 0xff, 0xff, 0xff, 0xff, 0xff, 0xff, 0xff, 0xff,
    0xff, 0xff, 0xff, 0xff, 0xff, 0xff, 0xff, 0xff, 0xff, 0xff, 0xff, 0xff, 0xff, 0xff, 0xff, 0xff,
    0xff, 0xff, 0xff, 0xff, 0xff, 0xff, 0xff, 0xff, 0xff, 0xff, 0xff, 0xff, 0xff, 0xff, 0xff, 0xff,
    0xff, 0xff, 0xff, 0xff, 0xff, 0xff, 0xff, 0xff, 0xff, 0xff, 0xff, 0xff, 0xff, 0xff, 0xff, 0xff,
    0xff, 0xff, 0xff, 0xff, 0xff, 0xff, 0xff, 0xff, 0xff, 0xff, 0xff, 0xff, 0xff, 0xff, 0xff, 0xff,
    0xff, 0xff, 0xff, 0xff, 0xff, 0xff, 0xff, 0xff, 0xff, 0xff, 0xff, 0xff, 0xff, 0xff, 0xff, 0xff,
    0xff, 0xff, 0xff, 0xff, 0xff, 0xff, 0xff, 0xff, 0xff, 0xff, 0xff, 0xff, 0xff, 0xff, 0xff, 0xff,
    0xff, 0xff, 0xff, 0xff, 0xff, 0xff, 0xff, 0xff, 0xff, 0xff, 0xff, 0xff, 0xfb, 0xfb, 0xff, 0xff,
    0xfe, 0xfe, 0xff, 0xff, 0xb2, 0xb0, 0xf6, 0xff, 0x01, 0x00, 0xe1, 0xff, 0x0b, 0x02, 0xe2, 0xff,
    0x0d, 0x03, 0xe2, 0xff, 0x00, 0x00, 0xe0, 0xff, 0x55, 0x4f, 0xeb, 0xff, 0xff, 0xff, 0xff, 0xff,
    0xfd, 0xfd, 0xff, 0xff, 0xff, 0xff, 0xff, 0xff, 0xff, 0xff, 0xff, 0xff, 0xff, 0xff, 0xff, 0xff,
    0xff, 0xff, 0xff, 0xff, 0xff, 0xff, 0xff, 0xff, 0xff, 0xff, 0xff, 0xff, 0xff, 0xff, 0xff, 0xff,
    0xff, 0xff, 0xff, 0xff, 0xff, 0xff, 0xff, 0xff, 0xff, 0xff, 0xff, 0xff, 0xff, 0xff, 0xff, 0xff,
    0xff, 0xff, 0xff, 0xff, 0xff, 0xff, 0xff, 0xff, 0xff, 0xff, 0xff, 0xff, 0xff, 0xff, 0xff, 0xff,
    0xff, 0xff, 0xff, 0xff, 0xff, 0xff, 0xff, 0xff, 0xff, 0xff, 0xff, 0xff, 0xff, 0xff, 0xff, 0xff,
    0xff, 0xff, 0xff, 0xff, 0xff, 0xff, 0xff, 0xff, 0xff, 0xff, 0xff, 0xff, 0xff, 0xff, 0xff, 0xff,
    0xff, 0xff, 0xff, 0xff, 0xff, 0xff, 0xff, 0xff, 0xff, 0xff, 0xff, 0xff, 0xff, 0xff, 0xff, 0xff,
    0xff, 0xff, 0xff, 0xff, 0xff, 0xff, 0xff, 0xff, 0xff, 0xff, 0xff, 0xff, 0xff, 0xff, 0xff, 0xff,
    0xff, 0xff, 0xff, 0xff, 0xfb, 0xfb, 0xff, 0xff, 0xff, 0xff, 0xff, 0xff, 0x76, 0x71, 0xef, 0xff,
    0x00, 0x00, 0xe0, 0xff, 0x0d, 0x04, 0xe2, 0xff, 0x0c, 0x04, 0xe2, 0xff, 0x00, 0x00, 0xe0, 0xff,
    0x56, 0x50, 0xeb, 0xff, 0xff, 0xff, 0xff, 0xff, 0xfd, 0xfc, 0xff, 0xff, 0xff, 0xff, 0xff, 0xff,
    0xff, 0xff, 0xff, 0xff, 0xff, 0xff, 0xff, 0xff, 0xff, 0xff, 0xff, 0xff, 0xfc, 0xfc, 0xff, 0xff,
    0xff, 0xff, 0xff, 0xff, 0xc0, 0xbe, 0xf8, 0xff, 0x03, 0x00, 0xe1, 0xff, 0x0a, 0x02, 0xe2, 0xff,
    0x0d, 0x04, 0xe2, 0xff, 0x00, 0x00, 0xe0, 0xff, 0x72, 0x6d, 0xee, 0xff, 0xff, 0xff, 0xff, 0xff,
    0xfc, 0xfb, 0xff, 0xff, 0xff, 0xff, 0xff, 0xff, 0xff, 0xff, 0xff, 0xff, 0xff, 0xff, 0xff, 0xff,
    0xff, 0xff, 0xff, 0xff, 0xfe, 0xfe, 0xff, 0xff, 0xfe, 0xff, 0xff, 0xff, 0xeb, 0xea, 0xfd, 0xff,
    0x1a, 0x13, 0xe4, 0xff, 0x05, 0x01, 0xe1, 0xff, 0x0a, 0x01, 0xe2, 0xff, 0x09, 0x00, 0xe2, 0xff,
    0x09, 0x00, 0xe2, 0xff, 0x09, 0x00, 0xe2, 0xff, 0x09, 0x00, 0xe2, 0xff, 0x09, 0x00, 0xe2, 0xff,
    0x09, 0x00, 0xe2, 0xff, 0x09, 0x00, 0xe2, 0xff, 0x09, 0x00, 0xe2, 0xff, 0x09, 0x00, 0xe2, 0xff,
    0x09, 0x00, 0xe2, 0xff, 0x09, 0x00, 0xe2, 0xff, 0x09, 0x00, 0xe2, 0xff, 0x0a, 0x01, 0xe2, 0xff,
    0x05, 0x01, 0xe1, 0xff, 0x1c, 0x14, 0xe4, 0xff, 0xec, 0xec, 0xfd, 0xff, 0xfe, 0xfe, 0xff, 0xff,
    0xfe, 0xfe, 0xff, 0xff, 0xff, 0xff, 0xff, 0xff, 0xff, 0xff, 0xff, 0xff, 0xff, 0xff, 0xff, 0xff,
    0xff, 0xff, 0xff, 0xff, 0xfb, 0xfb, 0xff, 0xff, 0xff, 0xff, 0xff, 0xff, 0x98, 0x95, 0xf3, 0xff,
    0x00, 0x00, 0xe0, 0xff, 0x10, 0x07, 0xe3, 0xff, 0x00, 0x00, 0xe0, 0xff, 0x5a, 0x54, 0xec, 0xff,
    0xff, 0xff, 0xff, 0xff, 0xfb, 0xfb, 0xff, 0xff, 0xff, 0xff, 0xff, 0xff, 0xff, 0xff, 0xff, 0xff,
    0xff, 0xff, 0xff, 0xff, 0xff, 0xff, 0xff, 0xff, 0xff, 0xff, 0xff, 0xff, 0xff, 0xff, 0xff, 0xff,
    0xff, 0xff, 0xff, 0xff, 0xff, 0xff, 0xff, 0xff, 0xff, 0xff, 0xff, 0xff, 0xfe, 0xfe, 0xff, 0xff,
    0xfe, 0xfe, 0xff, 0xff, 0xfe, 0xfe, 0xff, 0xff, 0xfe, 0xfe, 0xff, 0xff, 0xfe, 0xfe, 0xff, 0xff,
    0xfe, 0xfe, 0xff, 0xff, 0xfe, 0xfe, 0xff, 0xff, 0xfe, 0xfe, 0xff, 0xff, 0xfe, 0xfe, 0xff, 0xff,
    0xfe, 0xfe, 0xff, 0xff, 0xfe, 0xfe, 0xff, 0xff, 0xfe, 0xfe, 0xff, 0xff, 0xfe, 0xfe, 0xff, 0xff,
    0xfe, 0xfe, 0xff, 0xff, 0xfe, 0xfe, 0xff, 0xff, 0xfe, 0xfe, 0xff, 0xff, 0xfe, 0xfe, 0xff, 0xff,
    0xfe, 0xfe, 0xff, 0xff, 0xfe, 0xfe, 0xff, 0xff, 0xfe, 0xfe, 0xff, 0xff, 0xfe, 0xfe, 0xff, 0xff,
    0xfe, 0xfe, 0xff, 0xff, 0xfe, 0xfe, 0xff, 0xff, 0xfe, 0xfe, 0xff, 0xff, 0xfd, 0xfd, 0xff, 0xff,
    0xfe, 0xfe, 0xff, 0xff, 0x42, 0x3b, 0xe9, 0xff, 0x01, 0x00, 0xe1, 0xff, 0x0c, 0x03, 0xe2, 0xff,
    0x09, 0x00, 0xe2, 0xff, 0x09, 0x00, 0xe2, 0xff, 0x09, 0x00, 0xe2, 0xff, 0x09, 0x00, 0xe2, 0xff,
    0x09, 0x00, 0xe2, 0xff, 0x09, 0x00, 0xe2, 0xff, 0x09, 0x00, 0xe2, 0xff, 0x09, 0x00, 0xe2, 0xff,
    0x09, 0x00, 0xe2, 0xff, 0x09, 0x00, 0xe2, 0xff, 0x09, 0x00, 0xe2, 0xff, 0x09, 0x00, 0xe2, 0xff,
    0x09, 0x00, 0xe2, 0xff, 0x09, 0x00, 0xe2, 0xff, 0x09, 0x00, 0xe2, 0xff, 0x09, 0x00, 0xe2, 0xff,
    0x09, 0x00, 0xe2, 0xff, 0x09, 0x00, 0xe2, 0xff, 0x09, 0x00, 0xe2, 0xff, 0x09, 0x00, 0xe1, 0xfd,
    0x09, 0x00, 0xe9, 0xfe, 0x09, 0x00, 0xe2, 0xde, 0x00, 0x00, 0xe9, 0x0c, 0x00, 0x00, 0x7f, 0x02,
    0x00, 0x00, 0x00, 0x00, 0x09, 0x00, 0xe3, 0x6e, 0x0a, 0x00, 0xf3, 0xff, 0x09, 0x00, 0xe0, 0xfc,
    0x09, 0x00, 0xe2, 0xff, 0x09, 0x00, 0xe2, 0xff, 0x09, 0x00, 0xe2, 0xff, 0x09, 0x00, 0xe2, 0xff,
    0x09, 0x00, 0xe2, 0xff, 0x09, 0x00, 0xe2, 0xff, 0x09, 0x00, 0xe2, 0xff, 0x09, 0x00, 0xe2, 0xff,
    0x09, 0x00, 0xe2, 0xff, 0x09, 0x00, 0xe2, 0xff, 0x09, 0x00, 0xe2, 0xff, 0x09, 0x00, 0xe2, 0xff,
    0x09, 0x00, 0xe2, 0xff, 0x09, 0x00, 0xe2, 0xff, 0x09, 0x00, 0xe2, 0xff, 0x09, 0x00, 0xe2, 0xff,
    0x09, 0x00, 0xe2, 0xff, 0x09, 0x00, 0xe2, 0xff, 0x09, 0x00, 0xe2, 0xff, 0x09, 0x00, 0xe2, 0xff,
    0x09, 0x00, 0xe2, 0xff, 0x09, 0x00, 0xe2, 0xff, 0x09, 0x00, 0xe2, 0xff, 0x09, 0x00, 0xe2, 0xff,
    0x09, 0x00, 0xe2, 0xff, 0x09, 0x00, 0xe2, 0xff, 0x09, 0x00, 0xe2, 0xff, 0x09, 0x00, 0xe2, 0xff,
    0x09, 0x00, 0xe2, 0xff, 0x09, 0x00, 0xe2, 0xff, 0x09, 0x00, 0xe2, 0xff, 0x09, 0x00, 0xe2, 0xff,
    0x09, 0x00, 0xe2, 0xff, 0x09, 0x00, 0xe2, 0xff, 0x0b, 0x02, 0xe2, 0xff, 0x03, 0x00, 0xe1, 0xff,
    0x2b, 0x23, 0xe6, 0xff, 0xf7, 0xf7, 0xfe, 0xff, 0xfe, 0xfe, 0xff, 0xff, 0xfe, 0xfe, 0xff, 0xff,
    0xff, 0xff, 0xff, 0xff, 0xff, 0xff, 0xff, 0xff, 0xff, 0xff, 0xff, 0xff, 0xff, 0xff, 0xff, 0xff,
    0xfc, 0xfc, 0xff, 0xff, 0xff, 0xff, 0xff, 0xff, 0x76, 0x71, 0xef, 0xff, 0x00, 0x00, 0xe0, 0xff,
    0x05, 0x01, 0xe1, 0xff, 0x36, 0x2f, 0xe8, 0xff, 0xfc, 0xfc, 0xff, 0xff, 0xfc, 0xfc, 0xff, 0xff,
    0xfe, 0xfe, 0xff, 0xff, 0xff, 0xff, 0xff, 0xff, 0xff, 0xff, 0xff, 0xff, 0xff, 0xff, 0xff, 0xff,
    0xff, 0xff, 0xff, 0xff, 0xff, 0xff, 0xff, 0xff, 0xfd, 0xfd, 0xff, 0xff, 0xfd, 0xfe, 0xff, 0xff,
    0xfe, 0xfe, 0xff, 0xff, 0xfe, 0xfd, 0xff, 0xff, 0xfe, 0xfe, 0xff, 0xff, 0xfe, 0xfe, 0xff, 0xff,
    0xfe, 0xfe, 0xff, 0xff, 0xfe, 0xfe, 0xff, 0xff, 0xfe, 0xfe, 0xff, 0xff, 0xfe, 0xfe, 0xff, 0xff,
    0xfe, 0xfe, 0xff, 0xff, 0xfe, 0xfe, 0xff, 0xff, 0xfe, 0xfe, 0xff, 0xff, 0xff, 0xff, 0xff, 0xff,
    0xff, 0xff, 0xff, 0xff, 0xff, 0xff, 0xff, 0xff, 0xff, 0xff, 0xff, 0xff, 0xff, 0xff, 0xff, 0xff,
    0xff, 0xff, 0xff, 0xff, 0xfd, 0xfd, 0xff, 0xff, 0xff, 0xff, 0xff, 0xff, 0xd2, 0xd0, 0xfa, 0xff,
    0x00, 0x00, 0xe0, 0xff, 0x86, 0x81, 0xf1, 0xff, 0xff, 0xff, 0xff, 0xff, 0xfb, 0xfb, 0xff, 0xff,
    0xff, 0xff, 0xff, 0xff, 0xff, 0xff, 0xff, 0xff, 0xff, 0xff, 0xff, 0xff, 0xff, 0xff, 0xff, 0xff,
    0xff, 0xff, 0xff, 0xff, 0xff, 0xff, 0xff, 0xff, 0xfc, 0xfc, 0xff, 0xff, 0xfd, 0xfd, 0xff, 0xff,
    0xfe, 0xfe, 0xff, 0xff, 0xfd, 0xfd, 0xff, 0xff, 0xfd, 0xfd, 0xff, 0xff, 0xfd, 0xfd, 0xff, 0xff,
    0xfd, 0xfd, 0xff, 0xff, 0xfd, 0xfd, 0xff, 0xff, 0xfd, 0xfd, 0xff, 0xff, 0xfd, 0xfd, 0xff, 0xff,
    0xfd, 0xfd, 0xff, 0xff, 0xfd, 0xfd, 0xff, 0xff, 0xfd, 0xfd, 0xff, 0xff, 0xfd, 0xfd, 0xff, 0xff,
    0xfd, 0xfd, 0xff, 0xff, 0xfd, 0xfd, 0xff, 0xff, 0xfd, 0xfd, 0xff, 0xff, 0xfd, 0xfd, 0xff, 0xff,
    0xfb, 0xfb, 0xff, 0xff, 0xfe, 0xfe, 0xff, 0xff, 0xe0, 0xdf, 0xfb, 0xff, 0x04, 0x01, 0xe1, 0xff,
    0x6f, 0x69, 0xee, 0xff, 0xff, 0xff, 0xff, 0xff, 0xfb, 0xfb, 0xff, 0xff, 0xff, 0xff, 0xff, 0xff,
    0xff, 0xff, 0xff, 0xff, 0xff, 0xff, 0xff, 0xff, 0xff, 0xff, 0xff, 0xff, 0xff, 0xff, 0xff, 0xff,
    0xff, 0xff, 0xff, 0xff, 0xfc, 0xfc, 0xff, 0xff, 0xfd, 0xfd, 0xff, 0xff, 0xfd, 0xfd, 0xff, 0xff,
    0xfd, 0xfd, 0xff, 0xff, 0xfd, 0xfd, 0xff, 0xff, 0xfd, 0xfd, 0xff, 0xff, 0xfd, 0xfd, 0xff, 0xff,
    0xfd, 0xfd, 0xff, 0xff, 0xfd, 0xfd, 0xff, 0xff, 0xfd, 0xfd, 0xff, 0xff, 0xfd, 0xfd, 0xff, 0xff,
    0xfd, 0xfd, 0xff, 0xff, 0xfd, 0xfd, 0xff, 0xff, 0xfd, 0xfd, 0xff, 0xff, 0xfd, 0xfd, 0xff, 0xff,
    0xfd, 0xfd, 0xff, 0xff, 0xfd, 0xfd, 0xff, 0xff, 0xfd, 0xfd, 0xff, 0xff, 0xff, 0xff, 0xff, 0xff,
    0xff, 0xff, 0xff, 0xff, 0xff, 0xff, 0xff, 0xff, 0xff, 0xff, 0xff, 0xff, 0xff, 0xff, 0xff, 0xff,
    0xff, 0xff, 0xff, 0xff, 0xff, 0xff, 0xff, 0xff, 0xff, 0xff, 0xff, 0xff, 0xfc, 0xfc, 0xff, 0xff,
    0xff, 0xff, 0xff, 0xff, 0x55, 0x4e, 0xeb, 0xff, 0x00, 0x00, 0xe0, 0xff, 0x0c, 0x04, 0xe2, 0xff,
    0x0b, 0x02, 0xe2, 0xff, 0x03, 0x00, 0xe1, 0xff, 0xbf, 0xbd, 0xf7, 0xff, 0xff, 0xff, 0xff, 0xff,
    0xfc, 0xfc, 0xff, 0xff, 0xff, 0xff, 0xff, 0xff, 0xff, 0xff, 0xff, 0xff, 0xff, 0xff, 0xff, 0xff,
    0xff, 0xff, 0xff, 0xff, 0xff, 0xff, 0xff, 0xff, 0xfe, 0xfe, 0xff, 0xff, 0xfd, 0xfd, 0xff, 0xff,
    0xfe, 0xfd, 0xff, 0xff, 0xfd, 0xfd, 0xff, 0xff, 0xfd, 0xfd, 0xff, 0xff, 0xfd, 0xfd, 0xff, 0xff,
    0xfd, 0xfd, 0xff, 0xff, 0xfd, 0xfd, 0xff, 0xff, 0xfd, 0xfd, 0xff, 0xff, 0xfd, 0xfd, 0xff, 0xff,
    0xfd, 0xfd, 0xff, 0xff, 0xfd, 0xfd, 0xff, 0xff, 0xfd, 0xfd, 0xff, 0xff, 0xfd, 0xfd, 0xff, 0xff,
    0xfd, 0xfd, 0xff, 0xff, 0xfe, 0xfd, 0xff, 0xff, 0xfd, 0xfd, 0xff, 0xff, 0xfc, 0xfc, 0xff, 0xff,
    0xfe, 0xfe, 0xff, 0xff, 0xff, 0xff, 0xff, 0xff, 0xff, 0xff, 0xff, 0xff, 0xff, 0xff, 0xff, 0xff,
    0xff, 0xff, 0xff, 0xff, 0xff, 0xff, 0xff, 0xff, 0xff, 0xff, 0xff, 0xff, 0xff, 0xff, 0xff, 0xff,
    0xfe, 0xfe, 0xff, 0xff, 0xfe, 0xfe, 0xff, 0xff, 0xf7, 0xf7, 0xfe, 0xff, 0x2b, 0x23, 0xe6, 0xff,
    0x02, 0x00, 0xe1, 0xff, 0x0b, 0x02, 0xe2, 0xff, 0x0a, 0x02, 0xe2, 0xff, 0x03, 0x00, 0xe1, 0xff,
    0xc1, 0xbf, 0xf7, 0xff, 0xff, 0xff, 0xff, 0xff, 0xfc, 0xfc, 0xff, 0xff, 0xff, 0xff, 0xff, 0xff,
    0xff, 0xff, 0xff, 0xff, 0xff, 0xff, 0xff, 0xff, 0xff, 0xff, 0xff, 0xff, 0xfc, 0xfc, 0xff, 0xff,
    0xff, 0xff, 0xff, 0xff, 0x55, 0x4f, 0xeb, 0xff, 0x00, 0x00, 0xe0, 0xff, 0x0d, 0x04, 0xe2, 0xff,
    0x08, 0x01, 0xe2, 0xff, 0x0b, 0x05, 0xe2, 0xff, 0xd7, 0xd5, 0xfa, 0xff, 0xff, 0xff, 0xff, 0xff,
    0xfd, 0xfd, 0xff, 0xff, 0xff, 0xff, 0xff, 0xff, 0xff, 0xff, 0xff, 0xff, 0xff, 0xff, 0xff, 0xff,
    0xff, 0xff, 0xff, 0xff, 0xfb, 0xfb, 0xff, 0xff, 0xff, 0xff, 0xff, 0xff, 0x90, 0x8d, 0xf2, 0xff,
    0x00, 0x00, 0xe0, 0xff, 0x0d, 0x04, 0xe2, 0xff, 0x09, 0x00, 0xe2, 0xff, 0x09, 0x00, 0xe2, 0xff,
    0x09, 0x00, 0xe2, 0xff, 0x09, 0x00, 0xe2, 0xff, 0x09, 0x00, 0xe2, 0xff, 0x09, 0x00, 0xe2, 0xff,
    0x09, 0x00, 0xe2, 0xff, 0x09, 0x00, 0xe2, 0xff, 0x09, 0x00, 0xe2, 0xff, 0x09, 0x00, 0xe2, 0xff,
    0x09, 0x00, 0xe2, 0xff, 0x09, 0x00, 0xe2, 0xff, 0x09, 0x00, 0xe2, 0xff, 0x0d, 0x04, 0xe2, 0xff,
    0x00, 0x00, 0xe0, 0xff, 0x76, 0x71, 0xef, 0xff, 0xff, 0xff, 0xff, 0xff, 0xfc, 0xfb, 0xff, 0xff,
    0xff, 0xff, 0xff, 0xff, 0xff, 0xff, 0xff, 0xff, 0xff, 0xff, 0xff, 0xff, 0xff, 0xff, 0xff, 0xff,
    0xff, 0xff, 0xff, 0xff, 0xfe, 0xfe, 0xff, 0xff, 0xfc, 0xfc, 0xff, 0xff, 0x36, 0x2f, 0xe7, 0xff,
    0x02, 0x00, 0xe1, 0xff, 0x0c, 0x03, 0xe2, 0xff, 0x06, 0x01, 0xe2, 0xff, 0xc8, 0xc7, 0xf9, 0xff,
    0xfe, 0xfe, 0xff, 0xff, 0xfc, 0xfc, 0xff, 0xff, 0xff, 0xff, 0xff, 0xff, 0xff, 0xff, 0xff, 0xff,
    0xff, 0xff, 0xff, 0xff, 0xff, 0xff, 0xff, 0xff, 0xff, 0xff, 0xff, 0xff, 0xfe, 0xfe, 0xff, 0xff,
    0xfc, 0xfc, 0xff, 0xff, 0xfd, 0xfd, 0xff, 0xff, 0xff, 0xff, 0xff, 0xff, 0xff, 0xff, 0xff, 0xff,
    0xff, 0xff, 0xff, 0xff, 0xff, 0xff, 0xff, 0xff, 0xff, 0xff, 0xff, 0xff, 0xff, 0xff, 0xff, 0xff,
    0xff, 0xff, 0xff, 0xff, 0xff, 0xff, 0xff, 0xff, 0xff, 0xff, 0xff, 0xff, 0xff, 0xff, 0xff, 0xff,
    0xff, 0xff, 0xff, 0xff, 0xff, 0xff, 0xff, 0xff, 0xff, 0xff, 0xff, 0xff, 0xff, 0xff, 0xff, 0xff,
    0xff, 0xff, 0xff, 0xff, 0xff, 0xff, 0xff, 0xff, 0xff, 0xff, 0xff, 0xff, 0xff, 0xff, 0xff, 0xff,
    0xff, 0xff, 0xff, 0xff, 0xff, 0xff, 0xff, 0xff, 0xff, 0xff, 0xff, 0xff, 0xff, 0xff, 0xff, 0xff,
    0xff, 0xff, 0xff, 0xff, 0xff, 0xff, 0xff, 0xff, 0xfc, 0xfc, 0xff, 0xff, 0xff, 0xff, 0xff, 0xff,
    0xc2, 0xc0, 0xf8, 0xff, 0x04, 0x00, 0xe1, 0xff, 0x0a, 0x02, 0xe2, 0xff, 0x09, 0x00, 0xe2, 0xff,
    0x09, 0x00, 0xe2, 0xff, 0x09, 0x00, 0xe2, 0xff, 0x09, 0x00, 0xe2, 0xff, 0x09, 0x00, 0xe2, 0xff,
    0x09, 0x00, 0xe2, 0xff, 0x09, 0x00, 0xe2, 0xff, 0x09, 0x00, 0xe2, 0xff, 0x09, 0x00, 0xe2, 0xff,
    0x09, 0x00, 0xe2, 0xff, 0x09, 0x00, 0xe2, 0xff, 0x09, 0x00, 0xe2, 0xff, 0x09, 0x00, 0xe2, 0xff,
    0x09, 0x00, 0xe2, 0xff, 0x09, 0x00, 0xe2, 0xff, 0x09, 0x00, 0xe2, 0xff, 0x09, 0x00, 0xe2, 0xff,
    0x09, 0x00, 0xe2, 0xff, 0x09, 0x00, 0xe2, 0xff, 0x09, 0x00, 0xe2, 0xff, 0x09, 0x00, 0xe2, 0xff,
    0x09, 0x00, 0xe0, 0xfc, 0x0a, 0x00, 0xf3, 0xff, 0x09, 0x00, 0xe3, 0x6e, 0x00, 0x00, 0x00, 0x00,
    0x00, 0x00, 0xdf, 0x08, 0x09, 0x00, 0xe1, 0xd6, 0x09, 0x00, 0xeb, 0xfe, 0x09, 0x00, 0xe1, 0xfd,
    0x09, 0x00, 0xe2, 0xff, 0x09, 0x00, 0xe2, 0xff, 0x09, 0x00, 0xe2, 0xff, 0x09, 0x00, 0xe2, 0xff,
    0x09, 0x00, 0xe2, 0xff, 0x09, 0x00, 0xe2, 0xff, 0x09, 0x00, 0xe2, 0xff, 0x09, 0x00, 0xe2, 0xff,
    0x09, 0x00, 0xe2, 0xff, 0x09, 0x00, 0xe2, 0xff, 0x09, 0x00, 0xe2, 0xff, 0x09, 0x00, 0xe2, 0xff,
    0x09, 0x00, 0xe2, 0xff, 0x09, 0x00, 0xe2, 0xff, 0x09, 0x00, 0xe2, 0xff, 0x09, 0x00, 0xe2, 0xff,
    0x09, 0x00, 0xe2, 0xff, 0x09, 0x00, 0xe2, 0xff, 0x09, 0x00, 0xe2, 0xff, 0x09, 0x00, 0xe2, 0xff,
    0x09, 0x00, 0xe2, 0xff, 0x09, 0x00, 0xe2, 0xff, 0x09, 0x00, 0xe2, 0xff, 0x09, 0x00, 0xe2, 0xff,
    0x09, 0x00, 0xe2, 0xff, 0x09, 0x00, 0xe2, 0xff, 0x09, 0x00, 0xe2, 0xff, 0x09, 0x00, 0xe2, 0xff,
    0x09, 0x00, 0xe2, 0xff, 0x09, 0x00, 0xe2, 0xff, 0x09, 0x00, 0xe2, 0xff, 0x09, 0x00, 0xe2, 0xff,
    0x09, 0x00, 0xe2, 0xff, 0x09, 0x00, 0xe2, 0xff, 0x0d, 0x03, 0xe2, 0xff, 0x00, 0x00, 0xe0, 0xff,
    0x8c, 0x88, 0xf1, 0xff, 0xff, 0xff, 0xff, 0xff, 0xfb, 0xfb, 0xff, 0xff, 0xff, 0xff, 0xff, 0xff,
    0xff, 0xff, 0xff, 0xff, 0xff, 0xff, 0xff, 0xff, 0xff, 0xff, 0xff, 0xff, 0xfe, 0xfe, 0xff, 0xff,
    0xfe, 0xfe, 0xff, 0xff, 0xeb, 0xea, 0xfd, 0xff, 0x1a, 0x13, 0xe4, 0xff, 0x08, 0x01, 0xe2, 0xff,
    0x00, 0x00, 0xe0, 0xff, 0xa7, 0xa4, 0xf4, 0xff, 0xff, 0xff, 0xff, 0xff, 0xfb, 0xfb, 0xff, 0xff,
    0xff, 0xff, 0xff, 0xff, 0xff, 0xff, 0xff, 0xff, 0xff, 0xff, 0xff, 0xff, 0xff, 0xff, 0xff, 0xff,
    0xff, 0xff, 0xff, 0xff, 0xfe, 0xfe, 0xff, 0xff, 0xff, 0xff, 0xff, 0xff, 0xff, 0xff, 0xff, 0xff,
    0xff, 0xff, 0xff, 0xff, 0xff, 0xff, 0xff, 0xff, 0xff, 0xff, 0xff, 0xff, 0xff, 0xff, 0xff, 0xff,
    0xff, 0xff, 0xff, 0xff, 0xff, 0xff, 0xff, 0xff, 0xff, 0xff, 0xff, 0xff, 0xff, 0xff, 0xff, 0xff,
    0xff, 0xff, 0xff, 0xff, 0xff, 0xff, 0xff, 0xff, 0xff, 0xff, 0xff, 0xff, 0xff, 0xff, 0xff, 0xff,
    0xff, 0xff, 0xff, 0xff, 0xff, 0xff, 0xff, 0xff, 0xff, 0xff, 0xff, 0xff, 0xff, 0xff, 0xff, 0xff,
    0xff, 0xff, 0xff, 0xff, 0xfc, 0xfc, 0xff, 0xff, 0xff, 0xff, 0xff, 0xff, 0x61, 0x5b, 0xec, 0xff,
    0x0e, 0x09, 0xe2, 0xff, 0xef, 0xee, 0xfd, 0xff, 0xfe, 0xfe, 0xff, 0xff, 0xfe, 0xfe, 0xff, 0xff,
    0xff, 0xff, 0xff, 0xff, 0xff, 0xff, 0xff, 0xff, 0xff, 0xff, 0xff, 0xff, 0xff, 0xff, 0xff, 0xff,
    0xff, 0xff, 0xff, 0xff, 0xfe, 0xfe, 0xff, 0xff, 0xff, 0xff, 0xff, 0xff, 0xff, 0xff, 0xff, 0xff,
    0xff, 0xff, 0xff, 0xff, 0xff, 0xff, 0xff, 0xff, 0xff, 0xff, 0xff, 0xff, 0xff, 0xff, 0xff, 0xff,
    0xff, 0xff, 0xff, 0xff, 0xff, 0xff, 0xff, 0xff, 0xff, 0xff, 0xff, 0xff, 0xff, 0xff, 0xff, 0xff,
    0xff, 0xff, 0xff, 0xff, 0xff, 0xff, 0xff, 0xff, 0xff, 0xff, 0xff, 0xff, 0xff, 0xff, 0xff, 0xff,
    0xff, 0xff, 0xff, 0xff, 0xff, 0xff, 0xff, 0xff, 0xff, 0xff, 0xff, 0xff, 0xff, 0xff, 0xff, 0xff,
    0xff, 0xff, 0xff, 0xff, 0xff, 0xff, 0xff, 0xff, 0x71, 0x6c, 0xee, 0xff, 0x02, 0x00, 0xe0, 0xff,
    0xda, 0xd8, 0xfb, 0xff, 0xfe, 0xfe, 0xff, 0xff, 0xfd, 0xfd, 0xff, 0xff, 0xff, 0xff, 0xff, 0xff,
    0xff, 0xff, 0xff, 0xff, 0xff, 0xff, 0xff, 0xff, 0xff, 0xff, 0xff, 0xff, 0xff, 0xff, 0xff, 0xff,
    0xfe, 0xfe, 0xff, 0xff, 0xff, 0xff, 0xff, 0xff, 0xff, 0xff, 0xff, 0xff, 0xff, 0xff, 0xff, 0xff,
    0xff, 0xff, 0xff, 0xff, 0xff, 0xff, 0xff, 0xff, 0xff, 0xff, 0xff, 0xff, 0xff, 0xff, 0xff, 0xff,
    0xff, 0xff, 0xff, 0xff, 0xff, 0xff, 0xff, 0xff, 0xff, 0xff, 0xff, 0xff, 0xff, 0xff, 0xff, 0xff,
    0xff, 0xff, 0xff, 0xff, 0xff, 0xff, 0xff, 0xff, 0xff, 0xff, 0xff, 0xff, 0xff, 0xff, 0xff, 0xff,
    0xff, 0xff, 0xff, 0xff, 0xff, 0xff, 0xff, 0xff, 0xff, 0xff, 0xff, 0xff, 0xff, 0xff, 0xff, 0xff,
    0xff, 0xff, 0xff, 0xff, 0xff, 0xff, 0xff, 0xff, 0xff, 0xff, 0xff, 0xff, 0xff, 0xff, 0xff, 0xff,
    0xff, 0xff, 0xff, 0xff, 0xff, 0xff, 0xff, 0xff, 0xfd, 0xfd, 0xff, 0xff, 0xfe, 0xfe, 0xff, 0xff,
    0xd3, 0xd2, 0xfa, 0xff, 0x09, 0x04, 0xe2, 0xff, 0x08, 0x01, 0xe2, 0xff, 0x0c, 0x03, 0xe2, 0xff,
    0x01, 0x01, 0xe1, 0xff, 0x3d, 0x36, 0xe8, 0xff, 0xfd, 0xfd, 0xff, 0xff, 0xfe, 0xfd, 0xff, 0xff,
    0xff, 0xff, 0xff, 0xff, 0xff, 0xff, 0xff, 0xff, 0xff, 0xff, 0xff, 0xff, 0xff, 0xff, 0xff, 0xff,
    0xff, 0xff, 0xff, 0xff, 0xff, 0xff, 0xff, 0xff, 0xff, 0xff, 0xff, 0xff, 0xff, 0xff, 0xff, 0xff,
    0xff, 0xff, 0xff, 0xff, 0xff, 0xff, 0xff, 0xff, 0xff, 0xff, 0xff, 0xff, 0xff, 0xff, 0xff, 0xff,
    0xff, 0xff, 0xff, 0xff, 0xff, 0xff, 0xff, 0xff, 0xff, 0xff, 0xff, 0xff, 0xff, 0xff, 0xff, 0xff,
    0xff, 0xff, 0xff, 0xff, 0xff, 0xff, 0xff, 0xff, 0xff, 0xff, 0xff, 0xff, 0xff, 0xff, 0xff, 0xff,
    0xff, 0xff, 0xff, 0xff, 0xff, 0xff, 0xff, 0xff, 0xff, 0xff, 0xff, 0xff, 0xff, 0xff, 0xff, 0xff,
    0xff, 0xff, 0xff, 0xff, 0xff, 0xff, 0xff, 0xff, 0xff, 0xff, 0xff, 0xff, 0xff, 0xff, 0xff, 0xff,
    0xff, 0xff, 0xff, 0xff, 0xff, 0xff, 0xff, 0xff, 0xff, 0xff, 0xff, 0xff, 0xff, 0xff, 0xff, 0xff,
    0xfb, 0xfb, 0xff, 0xff, 0xff, 0xff, 0xff, 0xff, 0xac, 0xa9, 0xf5, 0xff, 0x00, 0x00, 0xe0, 0xff,
    0x0c, 0x03, 0xe2, 0xff, 0x0c, 0x03, 0xe2, 0xff, 0x01, 0x00, 0xe1, 0xff, 0x40, 0x39, 0xe8, 0xff,
    0xfe, 0xfe, 0xff, 0xff, 0xfd, 0xfd, 0xff, 0xff, 0xff, 0xff, 0xff, 0xff, 0xff, 0xff, 0xff, 0xff,
    0xff, 0xff, 0xff, 0xff, 0xff, 0xff, 0xff, 0xff, 0xfd, 0xfd, 0xff, 0xff, 0xfe, 0xfe, 0xff, 0xff,
    0xd6, 0xd5, 0xfa, 0xff, 0x0b, 0x05, 0xe2, 0xff, 0x08, 0x01, 0xe2, 0xff, 0x0d, 0x04, 0xe2, 0xff,
    0x00, 0x00, 0xe0, 0xff, 0x54, 0x4e, 0xeb, 0xff, 0xff, 0xff, 0xff, 0xff, 0xfd, 0xfd, 0xff, 0xff,
    0xff, 0xff, 0xff, 0xff, 0xff, 0xff, 0xff, 0xff, 0xff, 0xff, 0xff, 0xff, 0xff, 0xff, 0xff, 0xff,
    0xfe, 0xfe, 0xff, 0xff, 0xfe, 0xfe, 0xff, 0xff, 0xf8, 0xf8, 0xfe, 0xff, 0x2d, 0x26, 0xe6, 0xff,
    0x02, 0x00, 0xe1, 0xff, 0x0b, 0x02, 0xe2, 0xff, 0x09, 0x00, 0xe2, 0xff, 0x09, 0x00, 0xe2, 0xff,
    0x09, 0x00, 0xe2, 0xff, 0x09, 0x00, 0xe2, 0xff, 0x09, 0x00, 0xe2, 0xff, 0x09, 0x00, 0xe2, 0xff,
    0x09, 0x00, 0xe2, 0xff, 0x09, 0x00, 0xe2, 0xff, 0x09, 0x00, 0xe2, 0xff, 0x09, 0x00, 0xe2, 0xff,
    0x09, 0x00, 0xe2, 0xff, 0x09, 0x00, 0xe2, 0xff, 0x0a, 0x01, 0xe2, 0xff, 0x08, 0x01, 0xe2, 0xff,
    0x0c, 0x07, 0xe2, 0xff, 0xda, 0xd9, 0xfa, 0xff, 0xff, 0xff, 0xff, 0xff, 0xfd, 0xfd, 0xff, 0xff,
    0xff, 0xff, 0xff, 0xff, 0xff, 0xff, 0xff, 0xff, 0xff, 0xff, 0xff, 0xff, 0xff, 0xff, 0xff, 0xff,
    0xfc, 0xfc, 0xff, 0xff, 0xff, 0xff, 0xff, 0xff, 0xbc, 0xba, 0xf7, 0xff, 0x02, 0x00, 0xe1, 0xff,
    0x0e, 0x05, 0xe3, 0xff, 0x00, 0x00, 0xe1, 0xff, 0x49, 0x42, 0xea, 0xff, 0xff, 0xff, 0xff, 0xff,
    0xfd, 0xfd, 0xff, 0xff, 0xff, 0xff, 0xff, 0xff, 0xff, 0xff, 0xff, 0xff, 0xff, 0xff, 0xff, 0xff,
    0xff, 0xff, 0xff, 0xff, 0xff, 0xff, 0xff, 0xff, 0xff, 0xff, 0xff, 0xff, 0xff, 0xff, 0xff, 0xff,
    0xff, 0xff, 0xff, 0xff, 0xff, 0xff, 0xff, 0xff, 0xff, 0xff, 0xff, 0xff, 0xfe, 0xfe, 0xff, 0xff,
    0xfe, 0xfe, 0xff, 0xff, 0xfe, 0xfe, 0xff, 0xff, 0xfe, 0xfe, 0xff, 0xff, 0xfe, 0xfe, 0xff, 0xff,
    0xfe, 0xfe, 0xff, 0xff, 0xfe, 0xfe, 0xff, 0xff, 0xfe, 0xfe, 0xff, 0xff, 0xfe, 0xfe, 0xff, 0xff,
    0xfe, 0xfe, 0xff, 0xff, 0xfe, 0xfe, 0xff, 0xff, 0xfe, 0xfe, 0xff, 0xff, 0xfe, 0xfe, 0xff, 0xff,
    0xfe, 0xfe, 0xff, 0xff, 0xfe, 0xfe, 0xff, 0xff, 0xfe, 0xfe, 0xff, 0xff, 0xfe, 0xfe, 0xff, 0xff,
    0xfe, 0xfe, 0xff, 0xff, 0xfe, 0xfe, 0xff, 0xff, 0xfe, 0xfe, 0xff, 0xff, 0xfe, 0xfe, 0xff, 0xff,
    0xfe, 0xfe, 0xff, 0xff, 0xfe, 0xfe, 0xff, 0xff, 0xfc, 0xfc, 0xff, 0xff, 0xfd, 0xfd, 0xff, 0xff,
    0x53, 0x4d, 0xeb, 0xff, 0x00, 0x00, 0xe0, 0xff, 0x0c, 0x03, 0xe2, 0xff, 0x09, 0x00, 0xe2, 0xff,
    0x09, 0x00, 0xe2, 0xff, 0x09, 0x00, 0xe2, 0xff, 0x09, 0x00, 0xe2, 0xff, 0x09, 0x00, 0xe2, 0xff,
    0x09, 0x00, 0xe2, 0xff, 0x09, 0x00, 0xe2, 0xff, 0x09, 0x00, 0xe2, 0xff, 0x09, 0x00, 0xe2, 0xff,
    0x09, 0x00, 0xe2, 0xff, 0x09, 0x00, 0xe2, 0xff, 0x09, 0x00, 0xe2, 0xff, 0x09, 0x00, 0xe2, 0xff,
    0x09, 0x00, 0xe2, 0xff, 0x09, 0x00, 0xe2, 0xff, 0x09, 0x00, 0xe2, 0xff, 0x09, 0x00, 0xe2, 0xff,
    0x09, 0x00, 0xe2, 0xff, 0x09, 0x00, 0xe2, 0xff, 0x09, 0x00, 0xe2, 0xff, 0x09, 0x00, 0xe2, 0xff,
    0x09, 0x00, 0xe1, 0xfd, 0x09, 0x00, 0xeb, 0xfe, 0x09, 0x00, 0xe2, 0xd5, 0x00, 0x00, 0xff, 0x07,
    0x0a, 0x00, 0xe1, 0x46, 0x09, 0x00, 0xe6, 0xff, 0x09, 0x00, 0xe1, 0xfe, 0x09, 0x00, 0xe2, 0xff,
    0x09, 0x00, 0xe2, 0xff, 0x09, 0x00, 0xe2, 0xff, 0x09, 0x00, 0xe2, 0xff, 0x09, 0x00, 0xe2, 0xff,
    0x09, 0x00, 0xe2, 0xff, 0x09, 0x00, 0xe2, 0xff, 0x09, 0x00, 0xe2, 0xff, 0x09, 0x00, 0xe2, 0xff,
    0x09, 0x00, 0xe2, 0xff, 0x09, 0x00, 0xe2, 0xff, 0x09, 0x00, 0xe2, 0xff, 0x09, 0x00, 0xe2, 0xff,
    0x09, 0x00, 0xe2, 0xff, 0x09, 0x00, 0xe2, 0xff, 0x09, 0x00, 0xe2, 0xff, 0x09, 0x00, 0xe2, 0xff,
    0x09, 0x00, 0xe2, 0xff, 0x09, 0x00, 0xe2, 0xff, 0x09, 0x00, 0xe2, 0xff, 0x09, 0x00, 0xe2, 0xff,
    0x09, 0x00, 0xe2, 0xff, 0x09, 0x00, 0xe2, 0xff, 0x09, 0x00, 0xe2, 0xff, 0x09, 0x00, 0xe2, 0xff,
    0x09, 0x00, 0xe2, 0xff, 0x09, 0x00, 0xe2, 0xff, 0x09, 0x00, 0xe2, 0xff, 0x09, 0x00, 0xe2, 0xff,
    0x09, 0x00, 0xe2, 0xff, 0x09, 0x00, 0xe2, 0xff, 0x09, 0x00, 0xe2, 0xff, 0x09, 0x00, 0xe2, 0xff,
    0x09, 0x00, 0xe2, 0xff, 0x0a, 0x01, 0xe2, 0xff, 0x06, 0x01, 0xe2, 0xff, 0x16, 0x0f, 0xe4, 0xff,
    0xe7, 0xe6, 0xfc, 0xff, 0xff, 0xff, 0xff, 0xff, 0xfe, 0xfd, 0xff, 0xff, 0xff, 0xff, 0xff, 0xff,
    0xff, 0xff, 0xff, 0xff, 0xff, 0xff, 0xff, 0xff, 0xff, 0xff, 0xff, 0xff, 0xfb, 0xfb, 0xff, 0xff,
    0xff, 0xff, 0xff, 0xff, 0x8e, 0x8b, 0xf2, 0xff, 0x00, 0x00, 0xe0, 0xff, 0x06, 0x01, 0xe1, 0xff,
    0x2c, 0x24, 0xe6, 0xff, 0xf7, 0xf7, 0xfe, 0xff, 0xfe, 0xfe, 0xff, 0xff, 0xfe, 0xfe, 0xff, 0xff,
    0xff, 0xff, 0xff, 0xff, 0xff, 0xff, 0xff, 0xff, 0xff, 0xff, 0xff, 0xff, 0xff, 0xff, 0xff, 0xff,
    0xfd, 0xfd, 0xff, 0xff, 0xff, 0xff, 0xff, 0xff, 0xc7, 0xc4, 0xf8, 0xff, 0x46, 0x43, 0xe9, 0xff,
    0x41, 0x3b, 0xe9, 0xff, 0x46, 0x40, 0xe9, 0xff, 0x43, 0x3e, 0xe9, 0xff, 0x43, 0x3d, 0xe9, 0xff,
    0x42, 0x3c, 0xe9, 0xff, 0x41, 0x3b, 0xe9, 0xff, 0x40, 0x3a, 0xe8, 0xff, 0x3f, 0x39, 0xe9, 0xff,
    0x3e, 0x38, 0xe8, 0xff, 0x3d, 0x37, 0xe8, 0xff, 0x3c, 0x36, 0xe8, 0xff, 0x3b, 0x35, 0xe8, 0xff,
    0x3a, 0x34, 0xe8, 0xff, 0x39, 0x33, 0xe8, 0xff, 0x38, 0x32, 0xe8, 0xff, 0x37, 0x31, 0xe8, 0xff,
    0x36, 0x2f, 0xe7, 0xff, 0x35, 0x2f, 0xe7, 0xff, 0x38, 0x31, 0xe7, 0xff, 0x01, 0x00, 0xe0, 0xff,
    0x72, 0x6d, 0xef, 0xff, 0xff, 0xff, 0xff, 0xff, 0xfc, 0xfb, 0xff, 0xff, 0xff, 0xff, 0xff, 0xff,
    0xff, 0xff, 0xff, 0xff, 0xff, 0xff, 0xff, 0xff, 0xff, 0xff, 0xff, 0xff, 0xff, 0xff, 0xff, 0xff,
    0xfd, 0xfd, 0xff, 0xff, 0xff, 0xff, 0xff, 0xff, 0xa1, 0x9d, 0xf4, 0xff, 0x42, 0x40, 0xe9, 0xff,
    0x45, 0x3f, 0xe9, 0xff, 0x48, 0x41, 0xe9, 0xff, 0x47, 0x41, 0xe9, 0xff, 0x47, 0x41, 0xe9, 0xff,
    0x47, 0x41, 0xe9, 0xff, 0x47, 0x41, 0xe9, 0xff, 0x47, 0x41, 0xe9, 0xff, 0x47, 0x41, 0xe9, 0xff,
    0x47, 0x41, 0xe9, 0xff, 0x47, 0x41, 0xe9, 0xff, 0x47, 0x41, 0xe9, 0xff, 0x47, 0x41, 0xe9, 0xff,
    0x47, 0x41, 0xe9, 0xff, 0x47, 0x41, 0xe9, 0xff, 0x47, 0x41, 0xe9, 0xff, 0x47, 0x41, 0xe9, 0xff,
    0x47, 0x40, 0xe9, 0xff, 0x4a, 0x43, 0xe9, 0xff, 0x07, 0x05, 0xe1, 0xff, 0x52, 0x4c, 0xeb, 0xff,
    0xff, 0xff, 0xff, 0xff, 0xfd, 0xfd, 0xff, 0xff, 0xff, 0xff, 0xff, 0xff, 0xff, 0xff, 0xff, 0xff,
    0xff, 0xff, 0xff, 0xff, 0xff, 0xff, 0xff, 0xff, 0xff, 0xff, 0xff, 0xff, 0xfd, 0xfd, 0xff, 0xff,
    0xff, 0xff, 0xff, 0xff, 0x98, 0x94, 0xf3, 0xff, 0x42, 0x40, 0xe9, 0xff, 0x4b, 0x45, 0xea, 0xff,
    0x4e, 0x48, 0xea, 0xff, 0x4d, 0x47, 0xea, 0xff, 0x4d, 0x47, 0xea, 0xff, 0x4d, 0x47, 0xea, 0xff,
    0x4d, 0x47, 0xea, 0xff, 0x4d, 0x47, 0xea, 0xff, 0x4d, 0x47, 0xea, 0xff, 0x4d, 0x47, 0xea, 0xff,
    0x4d, 0x47, 0xea, 0xff, 0x4d, 0x47, 0xea, 0xff, 0x4d, 0x47, 0xea, 0xff, 0x4d, 0x47, 0xea, 0xff,
    0x4f, 0x49, 0xea, 0xff, 0x47, 0x46, 0xe9, 0xff, 0xa9, 0xa6, 0xf5, 0xff, 0xff, 0xff, 0xff, 0xff,
    0xfd, 0xfd, 0xff, 0xff, 0xff, 0xff, 0xff, 0xff, 0xff, 0xff, 0xff, 0xff, 0xff, 0xff, 0xff, 0xff,
    0xff, 0xff, 0xff, 0xff, 0xff, 0xff, 0xff, 0xff, 0xfc, 0xfc, 0xff, 0xff, 0xff, 0xff, 0xff, 0xff,
    0x69, 0x63, 0xed, 0xff, 0x00, 0x00, 0xe0, 0xff, 0x0d, 0x04, 0xe2, 0xff, 0x0c, 0x03, 0xe2, 0xff,
    0x00, 0x00, 0xe0, 0xff, 0xa6, 0xa3, 0xf4, 0xff, 0xff, 0xff, 0xff, 0xff, 0xfb, 0xfb, 0xff, 0xff,
    0xff, 0xff, 0xff, 0xff, 0xff, 0xff, 0xff, 0xff, 0xff, 0xff, 0xff, 0xff, 0xff, 0xff, 0xff, 0xff,
    0xfd, 0xfd, 0xff, 0xff, 0xfe, 0xfe, 0xff, 0xff, 0xd9, 0xd8, 0xfa, 0xff, 0x46, 0x42, 0xe9, 0xff,
    0x48, 0x41, 0xe9, 0xff, 0x47, 0x41, 0xe9, 0xff, 0x47, 0x41, 0xe9, 0xff, 0x47, 0x41, 0xe9, 0xff,
    0x47, 0x41, 0xe9, 0xff, 0x47, 0x41, 0xe9, 0xff, 0x47, 0x41, 0xe9, 0xff, 0x47, 0x41, 0xe9, 0xff,
    0x47, 0x41, 0xe9, 0xff, 0x47, 0x41, 0xe9, 0xff, 0x47, 0x41, 0xe9, 0xff, 0x47, 0x41, 0xe9, 0xff,
    0x47, 0x41, 0xe9, 0xff, 0x48, 0x41, 0xe9, 0xff, 0x46, 0x42, 0xe9, 0xff, 0x6d, 0x6b, 0xee, 0xff,
    0xe9, 0xe8, 0xfd, 0xff, 0xff, 0xff, 0xff, 0xff, 0xfe, 0xfe, 0xff, 0xff, 0xff, 0xff, 0xff, 0xff,
    0xff, 0xff, 0xff, 0xff, 0xff, 0xff, 0xff, 0xff, 0xff, 0xff, 0xff, 0xff, 0xff, 0xff, 0xff, 0xff,
    0xfd, 0xfd, 0xff, 0xff, 0xfe, 0xfe, 0xff, 0xff, 0x42, 0x3b, 0xe9, 0xff, 0x01, 0x00, 0xe1, 0xff,
    0x0c, 0x03, 0xe2, 0xff, 0x0c, 0x03, 0xe2, 0xff, 0x00, 0x00, 0xe0, 0xff, 0xaa, 0xa7, 0xf5, 0xff,
    0xff, 0xff, 0xff, 0xff, 0xfc, 0xfb, 0xff, 0xff, 0xff, 0xff, 0xff, 0xff, 0xff, 0xff, 0xff, 0xff,
    0xff, 0xff, 0xff, 0xff, 0xff, 0xff, 0xff, 0xff, 0xfc, 0xfc, 0xff, 0xff, 0xff, 0xff, 0xff, 0xff,
    0x70, 0x6a, 0xee, 0xff, 0x00, 0x00, 0xe0, 0xff, 0x0d, 0x04, 0xe2, 0xff, 0x0a, 0x02, 0xe2, 0xff,
    0x02, 0x00, 0xe1, 0xff, 0xbc, 0xbb, 0xf7, 0xff, 0xff, 0xff, 0xff, 0xff, 0xfc, 0xfc, 0xff, 0xff,
    0xff, 0xff, 0xff, 0xff, 0xff, 0xff, 0xff, 0xff, 0xff, 0xff, 0xff, 0xff, 0xff, 0xff, 0xff, 0xff,
    0xfb, 0xfb, 0xff, 0xff, 0xff, 0xff, 0xff, 0xff, 0xae, 0xac, 0xf6, 0xff, 0x00, 0x00, 0xe0, 0xff,
    0x0c, 0x03, 0xe2, 0xff, 0x09, 0x00, 0xe2, 0xff, 0x09, 0x00, 0xe2, 0xff, 0x09, 0x00, 0xe2, 0xff,
    0x09, 0x00, 0xe2, 0xff, 0x09, 0x00, 0xe2, 0xff, 0x09, 0x00, 0xe2, 0xff, 0x09, 0x00, 0xe2, 0xff,
    0x09, 0x00, 0xe2, 0xff, 0x09, 0x00, 0xe2, 0xff, 0x09, 0x00, 0xe2, 0xff, 0x09, 0x00, 0xe2, 0xff,
    0x09, 0x00, 0xe2, 0xff, 0x09, 0x00, 0xe2, 0xff, 0x0d, 0x04, 0xe2, 0xff, 0x00, 0x00, 0xe0, 0xff,
    0x58, 0x52, 0xeb, 0xff, 0xff, 0xff, 0xff, 0xff, 0xfc, 0xfc, 0xff, 0xff, 0xff, 0xff, 0xff, 0xff,
    0xff, 0xff, 0xff, 0xff, 0xff, 0xff, 0xff, 0xff, 0xff, 0xff, 0xff, 0xff, 0xff, 0xff, 0xff, 0xff,
    0xfc, 0xfc, 0xff, 0xff, 0xff, 0xff, 0xff, 0xff, 0x57, 0x51, 0xeb, 0xff, 0x00, 0x00, 0xe0, 0xff,
    0x0f, 0x05, 0xe3, 0xff, 0x02, 0x00, 0xe1, 0xff, 0xb9, 0xb7, 0xf7, 0xff, 0xff, 0xff, 0xff, 0xff,
    0xfc, 0xfc, 0xff, 0xff, 0xff, 0xff, 0xff, 0xff, 0xff, 0xff, 0xff, 0xff, 0xff, 0xff, 0xff, 0xff,
    0xff, 0xff, 0xff, 0xff, 0xfe, 0xfe, 0xff, 0xff, 0xff, 0xff, 0xff, 0xff, 0xfc, 0xfc, 0xff, 0xff,
    0x9d, 0x9a, 0xf4, 0xff, 0x53, 0x4f, 0xeb, 0xff, 0x3a, 0x33, 0xe8, 0xff, 0x34, 0x2d, 0xe7, 0xff,
    0x34, 0x2d, 0xe7, 0xff, 0x34, 0x2d, 0xe7, 0xff, 0x34, 0x2d, 0xe7, 0xff, 0x34, 0x2d, 0xe7, 0xff,
    0x34, 0x2d, 0xe7, 0xff, 0x34, 0x2d, 0xe7, 0xff, 0x34, 0x2d, 0xe7, 0xff, 0x34, 0x2d, 0xe7, 0xff,
    0x34, 0x2d, 0xe7, 0xff, 0x34, 0x2d, 0xe7, 0xff, 0x34, 0x2d, 0xe7, 0xff, 0x34, 0x2d, 0xe7, 0xff,
    0x34, 0x2d, 0xe7, 0xff, 0x34, 0x2d, 0xe7, 0xff, 0x34, 0x2d, 0xe7, 0xff, 0x34, 0x2d, 0xe7, 0xff,
    0x34, 0x2d, 0xe7, 0xff, 0x34, 0x2d, 0xe7, 0xff, 0x34, 0x2d, 0xe7, 0xff, 0x34, 0x2d, 0xe7, 0xff,
    0x34, 0x2d, 0xe7, 0xff, 0x34, 0x2d, 0xe7, 0xff, 0x35, 0x2e, 0xe7, 0xff, 0x32, 0x2b, 0xe7, 0xff,
    0x0b, 0x02, 0xe2, 0xff, 0x08, 0x00, 0xe2, 0xff, 0x09, 0x00, 0xe2, 0xff, 0x09, 0x00, 0xe2, 0xff,
    0x09, 0x00, 0xe2, 0xff, 0x09, 0x00, 0xe2, 0xff, 0x09, 0x00, 0xe2, 0xff, 0x09, 0x00, 0xe2, 0xff,
    0x09, 0x00, 0xe2, 0xff, 0x09, 0x00, 0xe2, 0xff, 0x09, 0x00, 0xe2, 0xff, 0x09, 0x00, 0xe2, 0xff,
    0x09, 0x00, 0xe2, 0xff, 0x09, 0x00, 0xe2, 0xff, 0x09, 0x00, 0xe2, 0xff, 0x09, 0x00, 0xe2, 0xff,
    0x09, 0x00, 0xe2, 0xff, 0x09, 0x00, 0xe2, 0xff, 0x09, 0x00, 0xe2, 0xff, 0x09, 0x00, 0xe2, 0xff,
    0x09, 0x00, 0xe2, 0xff, 0x09, 0x00, 0xe2, 0xff, 0x09, 0x00, 0xe2, 0xff, 0x09, 0x00, 0xe2, 0xff,
    0x09, 0x00, 0xe2, 0xff, 0x09, 0x00, 0xe1, 0xfe, 0x09, 0x00, 0xe6, 0xff, 0x0a, 0x00, 0xe1, 0x46,
    0x08, 0x00, 0xe2, 0x8f, 0x09, 0x00, 0xed, 0xff, 0x09, 0x00, 0xe2, 0xfc, 0x09, 0x00, 0xe2, 0xff,
    0x09, 0x00, 0xe2, 0xff, 0x09, 0x00, 0xe2, 0xff, 0x09, 0x00, 0xe2, 0xff, 0x09, 0x00, 0xe2, 0xff,
    0x09, 0x00, 0xe2, 0xff, 0x09, 0x00, 0xe2, 0xff, 0x09, 0x00, 0xe2, 0xff, 0x09, 0x00, 0xe2, 0xff,
    0x09, 0x00, 0xe2, 0xff, 0x09, 0x00, 0xe2, 0xff, 0x09, 0x00, 0xe2, 0xff, 0x09, 0x00, 0xe2, 0xff,
    0x09, 0x00, 0xe2, 0xff, 0x09, 0x00, 0xe2, 0xff, 0x09, 0x00, 0xe2, 0xff, 0x09, 0x00, 0xe2, 0xff,
    0x09, 0x00, 0xe2, 0xff, 0x09, 0x00, 0xe2, 0xff, 0x09, 0x00, 0xe2, 0xff, 0x09, 0x00, 0xe2, 0xff,
    0x09, 0x00, 0xe2, 0xff, 0x09, 0x00, 0xe2, 0xff, 0x09, 0x00, 0xe2, 0xff, 0x09, 0x00, 0xe2, 0xff,
    0x09, 0x00, 0xe2, 0xff, 0x09, 0x00, 0xe2, 0xff, 0x09, 0x00, 0xe2, 0xff, 0x09, 0x00, 0xe2, 0xff,
    0x09, 0x00, 0xe2, 0xff, 0x09, 0x00, 0xe2, 0xff, 0x09, 0x00, 0xe2, 0xff, 0x09, 0x00, 0xe2, 0xff,
    0x09, 0x00, 0xe2, 0xff, 0x0d, 0x04, 0xe2, 0xff, 0x00, 0x00, 0xe0, 0xff, 0x6b, 0x66, 0xee, 0xff,
    0xff, 0xff, 0xff, 0xff, 0xfc, 0xfc, 0xff, 0xff, 0xff, 0xff, 0xff, 0xff, 0xff, 0xff, 0xff, 0xff,
    0xff, 0xff, 0xff, 0xff, 0xff, 0xff, 0xff, 0xff, 0xfe, 0xfe, 0xff, 0xff, 0xfe, 0xfe, 0xff, 0xff,
    0xf6, 0xf6, 0xfe, 0xff, 0x2a, 0x22, 0xe6, 0xff, 0x06, 0x01, 0xe1, 0xff, 0x00, 0x00, 0xe0, 0xff,
    0x95, 0x91, 0xf3, 0xff, 0xff, 0xff, 0xff, 0xff, 0xfb, 0xfb, 0xff, 0xff, 0xff, 0xff, 0xff, 0xff,
    0xff, 0xff, 0xff, 0xff, 0xff, 0xff, 0xff, 0xff, 0xff, 0xff, 0xff, 0xff, 0xfd, 0xfd, 0xff, 0xff,
    0xfe, 0xfe, 0xff, 0xff, 0xd7, 0xd6, 0xfa, 0xff, 0x12, 0x0e, 0xe3, 0xff, 0x00, 0x00, 0xe0, 0xff,
    0x00, 0x00, 0xe1, 0xff, 0x00, 0x00, 0xe1, 0xff, 0x00, 0x00, 0xe1, 0xff, 0x00, 0x00, 0xe1, 0xff,
    0x00, 0x00, 0xe1, 0xff, 0x00, 0x00, 0xe1, 0xff, 0x00, 0x00, 0xe1, 0xff, 0x00, 0x00, 0xe1, 0xff,
    0x00, 0x00, 0xe1, 0xff, 0x00, 0x00, 0xe1, 0xff, 0x00, 0x00, 0xe1, 0xff, 0x00, 0x00, 0xe1, 0xff,
    0x00, 0x00, 0xe1, 0xff, 0x00, 0x00, 0xe1, 0xff, 0x00, 0x00, 0xe1, 0xff, 0x00, 0x00, 0xe1, 0xff,
    0x00, 0x00, 0xe1, 0xff, 0x00, 0x00, 0xe1, 0xff, 0x00, 0x00, 0xe1, 0xff, 0x0d, 0x08, 0xe2, 0xff,
    0xdb, 0xda, 0xfb, 0xff, 0xfe, 0xfe, 0xff, 0xff, 0xfd, 0xfd, 0xff, 0xff, 0xff, 0xff, 0xff, 0xff,
    0xff, 0xff, 0xff, 0xff, 0xff, 0xff, 0xff, 0xff, 0xff, 0xff, 0xff, 0xff, 0xfc, 0xfc, 0xff, 0xff,
    0xff, 0xff, 0xff, 0xff, 0xa8, 0xa6, 0xf5, 0xff, 0x00, 0x00, 0xe0, 0xff, 0x00, 0x00, 0xe0, 0xff,
    0x00, 0x00, 0xe1, 0xff, 0x00, 0x00, 0xe1, 0xff, 0x00, 0x00, 0xe1, 0xff, 0x00, 0x00, 0xe1, 0xff,
    0x00, 0x00, 0xe1, 0xff, 0x00, 0x00, 0xe1, 0xff, 0x00, 0x00, 0xe1, 0xff, 0x00, 0x00, 0xe1, 0xff,
    0x00, 0x00, 0xe1, 0xff, 0x00, 0x00, 0xe1, 0xff, 0x00, 0x00, 0xe1, 0xff, 0x00, 0x00, 0xe1, 0xff,
    0x00, 0x00, 0xe1, 0xff, 0x00, 0x00, 0xe1, 0xff, 0x00, 0x00, 0xe1, 0xff, 0x00, 0x00, 0xe1, 0xff,
    0x00, 0x00, 0xe1, 0xff, 0x00, 0x00, 0xe1, 0xff, 0x02, 0x00, 0xe1, 0xff, 0xc1, 0xc0, 0xf8, 0xff,
    0xff, 0xff, 0xff, 0xff, 0xfc, 0xfc, 0xff, 0xff, 0xff, 0xff, 0xff, 0xff, 0xff, 0xff, 0xff, 0xff,
    0xff, 0xff, 0xff, 0xff, 0xff, 0xff, 0xff, 0xff, 0xfc, 0xfc, 0xff, 0xff, 0xff, 0xff, 0xff, 0xff,
    0x91, 0x8d, 0xf2, 0xff, 0x00, 0x00, 0xdf, 0xff, 0x00, 0x00, 0xe0, 0xff, 0x00, 0x00, 0xe0, 0xff,
    0x00, 0x00, 0xe0, 0xff, 0x00, 0x00, 0xe0, 0xff, 0x00, 0x00, 0xe0, 0xff, 0x00, 0x00, 0xe0, 0xff,
    0x00, 0x00, 0xe0, 0xff, 0x00, 0x00, 0xe0, 0xff, 0x00, 0x00, 0xe0, 0xff, 0x00, 0x00, 0xe0, 0xff,
    0x00, 0x00, 0xe0, 0xff, 0x00, 0x00, 0xe0, 0xff, 0x00, 0x00, 0xe0, 0xff, 0x00, 0x00, 0xe0, 0xff,
    0x00, 0x00, 0xe0, 0xff, 0x00, 0x00, 0xde, 0xff, 0x67, 0x61, 0xed, 0xff, 0xff, 0xff, 0xff, 0xff,
    0xfb, 0xfb, 0xff, 0xff, 0xff, 0xff, 0xff, 0xff, 0xff, 0xff, 0xff, 0xff, 0xff, 0xff, 0xff, 0xff,
    0xff, 0xff, 0xff, 0xff, 0xfd, 0xfd, 0xff, 0xff, 0xfe, 0xfe, 0xff, 0xff, 0xe1, 0xe1, 0xfc, 0xff,
    0x12, 0x0c, 0xe3, 0xff, 0x07, 0x01, 0xe2, 0xff, 0x0c, 0x03, 0xe2, 0xff, 0x03, 0x01, 0xe1, 0xff,
    0x28, 0x20, 0xe6, 0xff, 0xf5, 0xf5, 0xfe, 0xff, 0xfe, 0xfe, 0xff, 0xff, 0xfe, 0xfe, 0xff, 0xff,
    0xff, 0xff, 0xff, 0xff, 0xff, 0xff, 0xff, 0xff, 0xff, 0xff, 0xff, 0xff, 0xff, 0xff, 0xff, 0xff,
    0xfc, 0xfc, 0xff, 0xff, 0xff, 0xff, 0xff, 0xff, 0x6b, 0x66, 0xee, 0xff, 0x00, 0x00, 0xdf, 0xff,
    0x00, 0x00, 0xe1, 0xff, 0x00, 0x00, 0xe1, 0xff, 0x00, 0x00, 0xe1, 0xff, 0x00, 0x00, 0xe1, 0xff,
    0x00, 0x00, 0xe1, 0xff, 0x00, 0x00, 0xe1, 0xff, 0x00, 0x00, 0xe1, 0xff, 0x00, 0x00, 0xe1, 0xff,
    0x00, 0x00, 0xe1, 0xff, 0x00, 0x00, 0xe1, 0xff, 0x00, 0x00, 0xe1, 0xff, 0x00, 0x00, 0xe1, 0xff,
    0x00, 0x00, 0xe1, 0xff, 0x00, 0x00, 0xe1, 0xff, 0x00, 0x00, 0xe1, 0xff, 0x00, 0x00, 0xdf, 0xff,
    0xbd, 0xbb, 0xf7, 0xff, 0xff, 0xff, 0xff, 0xff, 0xfc, 0xfc, 0xff, 0xff, 0xff, 0xff, 0xff, 0xff,
    0xff, 0xff, 0xff, 0xff, 0xff, 0xff, 0xff, 0xff, 0xff, 0xff, 0xff, 0xff, 0xfc, 0xfc, 0xff, 0xff,
    0xff, 0xff, 0xff, 0xff, 0xc4, 0xc2, 0xf8, 0xff, 0x04, 0x01, 0xe1, 0xff, 0x0a, 0x02, 0xe2, 0xff,
    0x0b, 0x02, 0xe2, 0xff, 0x03, 0x01, 0xe1, 0xff, 0x2c, 0x24, 0xe6, 0xff, 0xf7, 0xf7, 0xfe, 0xff,
    0xfe, 0xfe, 0xff, 0xff, 0xfe, 0xfe, 0xff, 0xff, 0xff, 0xff, 0xff, 0xff, 0xff, 0xff, 0xff, 0xff,
    0xff, 0xff, 0xff, 0xff, 0xfe, 0xfe, 0xff, 0xff, 0xfe, 0xfe, 0xff, 0xff, 0xe8, 0xe7, 0xfc, 0xff,
    0x17, 0x10, 0xe4, 0xff, 0x06, 0x01, 0xe2, 0xff, 0x0c, 0x04, 0xe2, 0xff, 0x02, 0x01, 0xe1, 0xff,
    0x39, 0x31, 0xe8, 0xff, 0xfc, 0xfc, 0xff, 0xff, 0xfe, 0xfe, 0xff, 0xff, 0xff, 0xff, 0xff, 0xff,
    0xff, 0xff, 0xff, 0xff, 0xff, 0xff, 0xff, 0xff, 0xff, 0xff, 0xff, 0xff, 0xff, 0xff, 0xff, 0xff,
    0xfd, 0xfd, 0xff, 0xff, 0xff, 0xff, 0xff, 0xff, 0x46, 0x3f, 0xe9, 0xff, 0x01, 0x00, 0xe1, 0xff,
    0x0c, 0x03, 0xe2, 0xff, 0x09, 0x00, 0xe2, 0xff, 0x09, 0x00, 0xe2, 0xff, 0x09, 0x00, 0xe2, 0xff,
    0x09, 0x00, 0xe2, 0xff, 0x09, 0x00, 0xe2, 0xff, 0x09, 0x00, 0xe2, 0xff, 0x09, 0x00, 0xe2, 0xff,
    0x09, 0x00, 0xe2, 0xff, 0x09, 0x00, 0xe2, 0xff, 0x09, 0x00, 0xe2, 0xff, 0x09, 0x00, 0xe2, 0xff,
    0x09, 0x00, 0xe2, 0xff, 0x09, 0x00, 0xe2, 0xff, 0x0a, 0x02, 0xe2, 0xff, 0x03, 0x00, 0xe1, 0xff,
    0xc1, 0xbf, 0xf8, 0xff, 0xff, 0xff, 0xff, 0xff, 0xfc, 0xfc, 0xff, 0xff, 0xff, 0xff, 0xff, 0xff,
    0xff, 0xff, 0xff, 0xff, 0xff, 0xff, 0xff, 0xff, 0xff, 0xff, 0xff, 0xff, 0xfd, 0xfd, 0xff, 0xff,
    0xff, 0xff, 0xff, 0xff, 0xdb, 0xd9, 0xfb, 0xff, 0x0d, 0x07, 0xe2, 0xff, 0x0a, 0x03, 0xe2, 0xff,
    0x02, 0x00, 0xe1, 0xff, 0x3f, 0x38, 0xe8, 0xff, 0xfd, 0xfd, 0xff, 0xff, 0xfd, 0xfd, 0xff, 0xff,
    0xff, 0xff, 0xff, 0xff, 0xff, 0xff, 0xff, 0xff, 0xff, 0xff, 0xff, 0xff, 0xff, 0xff, 0xff, 0xff,
    0xff, 0xff, 0xff, 0xff, 0xfd, 0xfd, 0xff, 0xff, 0xfd, 0xfd, 0xff, 0xff, 0x63, 0x5e, 0xed, 0xff,
    0x00, 0x00, 0xdf, 0xff, 0x00, 0x00, 0xe1, 0xff, 0x02, 0x00, 0xe1, 0xff, 0x03, 0x00, 0xe1, 0xff,
    0x03, 0x00, 0xe1, 0xff, 0x03, 0x00, 0xe1, 0xff, 0x03, 0x00, 0xe1, 0xff, 0x03, 0x00, 0xe1, 0xff,
    0x03, 0x00, 0xe1, 0xff, 0x03, 0x00, 0xe1, 0xff, 0x03, 0x00, 0xe1, 0xff, 0x03, 0x00, 0xe1, 0xff,
    0x03, 0x00, 0xe1, 0xff, 0x03, 0x00, 0xe1, 0xff, 0x03, 0x00, 0xe1, 0xff, 0x03, 0x00, 0xe1, 0xff,
    0x03, 0x00, 0xe1, 0xff, 0x03, 0x00, 0xe1, 0xff, 0x03, 0x00, 0xe1, 0xff, 0x03, 0x00, 0xe1, 0xff,
    0x03, 0x00, 0xe1, 0xff, 0x03, 0x00, 0xe1, 0xff, 0x03, 0x00, 0xe1, 0xff, 0x02, 0x00, 0xe1, 0xff,
    0x00, 0x00, 0xe1, 0xff, 0x00, 0x00, 0xe1, 0xff, 0x00, 0x00, 0xe1, 0xff, 0x00, 0x00, 0xe1, 0xff,
    0x09, 0x00, 0xe2, 0xff, 0x09, 0x00, 0xe2, 0xff, 0x09, 0x00, 0xe2, 0xff, 0x09, 0x00, 0xe2, 0xff,
    0x09, 0x00, 0xe2, 0xff, 0x09, 0x00, 0xe2, 0xff, 0x09, 0x00, 0xe2, 0xff, 0x09, 0x00, 0xe2, 0xff,
    0x09, 0x00, 0xe2, 0xff, 0x09, 0x00, 0xe2, 0xff, 0x09, 0x00, 0xe2, 0xff, 0x09, 0x00, 0xe2, 0xff,
    0x09, 0x00, 0xe2, 0xff, 0x09, 0x00, 0xe2, 0xff, 0x09, 0x00, 0xe2, 0xff, 0x09, 0x00, 0xe2, 0xff,
    0x09, 0x00, 0xe2, 0xff, 0x09, 0x00, 0xe2, 0xff, 0x09, 0x00, 0xe2, 0xff, 0x09, 0x00, 0xe2, 0xff,
    0x09, 0x00, 0xe2, 0xff, 0x09, 0x00, 0xe2, 0xff, 0x09, 0x00, 0xe2, 0xff, 0x09, 0x00, 0xe2, 0xff,
    0x09, 0x00, 0xe2, 0xff, 0x09, 0x00, 0xe2, 0xfc, 0x09, 0x00, 0xed, 0xff, 0x08, 0x00, 0xe0, 0x8f,
    0x09, 0x00, 0xe2, 0xc3, 0x09, 0x00, 0xea, 0xff, 0x09, 0x00, 0xe1, 0xfd, 0x09, 0x00, 0xe2, 0xff,
    0x09, 0x00, 0xe2, 0xff, 0x09, 0x00, 0xe2, 0xff, 0x09, 0x00, 0xe2, 0xff, 0x09, 0x00, 0xe2, 0xff,
    0x09, 0x00, 0xe2, 0xff, 0x09, 0x00, 0xe2, 0xff, 0x09, 0x00, 0xe2, 0xff, 0x09, 0x00, 0xe2, 0xff,
    0x09, 0x00, 0xe2, 0xff, 0x09, 0x00, 0xe2, 0xff, 0x09, 0x00, 0xe2, 0xff, 0x09, 0x00, 0xe2, 0xff,
    0x09, 0x00, 0xe2, 0xff, 0x09, 0x00, 0xe2, 0xff, 0x09, 0x00, 0xe2, 0xff, 0x09, 0x00, 0xe2, 0xff,
    0x09, 0x00, 0xe2, 0xff, 0x09, 0x00, 0xe2, 0xff, 0x09, 0x00, 0xe2, 0xff, 0x09, 0x00, 0xe2, 0xff,
    0x09, 0x00, 0xe2, 0xff, 0x09, 0x00, 0xe2, 0xff, 0x09, 0x00, 0xe2, 0xff, 0x09, 0x00, 0xe2, 0xff,
    0x09, 0x00, 0xe2, 0xff, 0x09, 0x00, 0xe2, 0xff, 0x09, 0x00, 0xe2, 0xff, 0x09, 0x00, 0xe2, 0xff,
    0x09, 0x00, 0xe2, 0xff, 0x09, 0x00, 0xe2, 0xff, 0x09, 0x00, 0xe2, 0xff, 0x09, 0x00, 0xe2, 0xff,
    0x09, 0x00, 0xe2, 0xff, 0x09, 0x01, 0xe2, 0xff, 0x08, 0x03, 0xe2, 0xff, 0xd0, 0xcf, 0xfa, 0xff,
    0xff, 0xfe, 0xff, 0xff, 0xfc, 0xfc, 0xff, 0xff, 0xff, 0xff, 0xff, 0xff, 0xff, 0xff, 0xff, 0xff,
    0xff, 0xff, 0xff, 0xff, 0xff, 0xff, 0xff, 0xff, 0xfb, 0xfb, 0xff, 0xff, 0xff, 0xff, 0xff, 0xff,
    0xa8, 0xa5, 0xf5, 0xff, 0x00, 0x00, 0xe0, 0xff, 0x07, 0x01, 0xe2, 0xff, 0x20, 0x19, 0xe5, 0xff,
    0xf0, 0xef, 0xfd, 0xff, 0xfe, 0xfe, 0xff, 0xff, 0xfe, 0xfe, 0xff, 0xff, 0xff, 0xff, 0xff, 0xff,
    0xff, 0xff, 0xff, 0xff, 0xff, 0xff, 0xff, 0xff, 0xff, 0xff, 0xff, 0xff, 0xfd, 0xfd, 0xff, 0xff,
    0xff, 0xff, 0xff, 0xff, 0x4d, 0x47, 0xea, 0xff, 0x00, 0x00, 0xe0, 0xff, 0x10, 0x06, 0xe2, 0xff,
    0x0b, 0x02, 0xe2, 0xff, 0x0c, 0x03, 0xe2, 0xff, 0x0c, 0x03, 0xe2, 0xff, 0x0c, 0x03, 0xe2, 0xff,
    0x0c, 0x03, 0xe2, 0xff, 0x0c, 0x03, 0xe2, 0xff, 0x0c, 0x03, 0xe2, 0xff, 0x0c, 0x03, 0xe2, 0xff,
    0x0c, 0x03, 0xe2, 0xff, 0x0b, 0x03, 0xe2, 0xff, 0x0b, 0x03, 0xe2, 0xff, 0x0b, 0x02, 0xe2, 0xff,
    0x0b, 0x02, 0xe2, 0xff, 0x0b, 0x02, 0xe2, 0xff, 0x0b, 0x02, 0xe2, 0xff, 0x0b, 0x02, 0xe2, 0xff,
    0x0b, 0x02, 0xe2, 0xff, 0x0f, 0x06, 0xe2, 0xff, 0x01, 0x02, 0xe0, 0xff, 0x5c, 0x57, 0xec, 0xff,
    0xff, 0xff, 0xff, 0xff, 0xfc, 0xfc, 0xff, 0xff, 0xff, 0xff, 0xff, 0xff, 0xff, 0xff, 0xff, 0xff,
    0xff, 0xff, 0xff, 0xff, 0xff, 0xff, 0xff, 0xff, 0xfe, 0xfe, 0xff, 0xff, 0xfe, 0xfe, 0xff, 0xff,
    0xf9, 0xf9, 0xfe, 0xff, 0x2e, 0x27, 0xe7, 0xff, 0x03, 0x02, 0xe1, 0xff, 0x0e, 0x05, 0xe2, 0xff,
    0x0c, 0x03, 0xe2, 0xff, 0x0c, 0x03, 0xe2, 0xff, 0x0c, 0x03, 0xe2, 0xff, 0x0c, 0x03, 0xe2, 0xff,
    0x0c, 0x03, 0xe2, 0xff, 0x0c, 0x03, 0xe2, 0xff, 0x0c, 0x03, 0xe2, 0xff, 0x0c, 0x03, 0xe2, 0xff,
    0x0c, 0x03, 0xe2, 0xff, 0x0c, 0x03, 0xe2, 0xff, 0x0c, 0x03, 0xe2, 0xff, 0x0c, 0x03, 0xe2, 0xff,
    0x0c, 0x03, 0xe2, 0xff, 0x0c, 0x03, 0xe2, 0xff, 0x0c, 0x03, 0xe2, 0xff, 0x0c, 0x03, 0xe2, 0xff,
    0x0f, 0x06, 0xe2, 0xff, 0x04, 0x03, 0xe1, 0xff, 0x3f, 0x39, 0xe8, 0xff, 0xfe, 0xfe, 0xff, 0xff,
    0xfd, 0xfd, 0xff, 0xff, 0xff, 0xff, 0xff, 0xff, 0xff, 0xff, 0xff, 0xff, 0xff, 0xff, 0xff, 0xff,
    0xff, 0xff, 0xff, 0xff, 0xfe, 0xfe, 0xff, 0xff, 0xff, 0xff, 0xff, 0xff, 0xea, 0xe9, 0xfc, 0xff,
    0x15, 0x0f, 0xe3, 0xff, 0x07, 0x02, 0xe2, 0xff, 0x0e, 0x04, 0xe2, 0xff, 0x0c, 0x03, 0xe2, 0xff,
    0x0c, 0x03, 0xe2, 0xff, 0x0c, 0x03, 0xe2, 0xff, 0x0c, 0x03, 0xe2, 0xff, 0x0c, 0x03, 0xe2, 0xff,
    0x0c, 0x03, 0xe2, 0xff, 0x0c, 0x03, 0xe2, 0xff, 0x0c, 0x03, 0xe2, 0xff, 0x0c, 0x03, 0xe2, 0xff,
    0x0c, 0x03, 0xe2, 0xff, 0x0c, 0x03, 0xe2, 0xff, 0x0c, 0x03, 0xe2, 0xff, 0x0c, 0x03, 0xe2, 0xff,
    0x0d, 0x05, 0xe2, 0xff, 0x07, 0x04, 0xe1, 0xff, 0xc4, 0xc2, 0xf8, 0xff, 0xff, 0xff, 0xff, 0xff,
    0xfc, 0xfc, 0xff, 0xff, 0xff, 0xff, 0xff, 0xff, 0xff, 0xff, 0xff, 0xff, 0xff, 0xff, 0xff, 0xff,
    0xff, 0xff, 0xff, 0xff, 0xfc, 0xfc, 0xff, 0xff, 0xff, 0xff, 0xff, 0xff, 0x7c, 0x78, 0xf0, 0xff,
    0x00, 0x00, 0xe0, 0xff, 0x0d, 0x04, 0xe2, 0xff, 0x0d, 0x03, 0xe2, 0xff, 0x00, 0x00, 0xe0, 0xff,
    0x8b, 0x87, 0xf1, 0xff, 0xff, 0xff, 0xff, 0xff, 0xfb, 0xfb, 0xff, 0xff, 0xff, 0xff, 0xff, 0xff,
    0xff, 0xff, 0xff, 0xff, 0xff, 0xff, 0xff, 0xff, 0xff, 0xff, 0xff, 0xff, 0xfd, 0xfd, 0xff, 0xff,
    0xfe, 0xfe, 0xff, 0xff, 0xe3, 0xe2, 0xfc, 0xff, 0x13, 0x0d, 0xe3, 0xff, 0x09, 0x03, 0xe2, 0xff,
    0x0d, 0x04, 0xe2, 0xff, 0x0c, 0x03, 0xe2, 0xff, 0x0c, 0x03, 0xe2, 0xff, 0x0c, 0x03, 0xe2, 0xff,
    0x0c, 0x03, 0xe2, 0xff, 0x0c, 0x03, 0xe2, 0xff, 0x0c, 0x03, 0xe2, 0xff, 0x0c, 0x03, 0xe2, 0xff,
    0x0c, 0x03, 0xe2, 0xff, 0x0c, 0x03, 0xe2, 0xff, 0x0c, 0x03, 0xe2, 0xff, 0x0c, 0x03, 0xe2, 0xff,
    0x0c, 0x03, 0xe2, 0xff, 0x0e, 0x05, 0xe2, 0xff, 0x05, 0x04, 0xe1, 0xff, 0x39, 0x32, 0xe8, 0xff,
    0xfa, 0xfa, 0xfe, 0xff, 0xfe, 0xfe, 0xff, 0xff, 0xfe, 0xfe, 0xff, 0xff, 0xff, 0xff, 0xff, 0xff,
    0xff, 0xff, 0xff, 0xff, 0xff, 0xff, 0xff, 0xff, 0xff, 0xff, 0xff, 0xff, 0xfc, 0xfc, 0xff, 0xff,
    0xff, 0xff, 0xff, 0xff, 0x5a, 0x54, 0xec, 0xff, 0x00, 0x00, 0xe0, 0xff, 0x0d, 0x03, 0xe2, 0xff,
    0x0d, 0x03, 0xe2, 0xff, 0x00, 0x00, 0xe0, 0xff, 0x91, 0x8e, 0xf2, 0xff, 0xff, 0xff, 0xff, 0xff,
    0xfb, 0xfb, 0xff, 0xff, 0xff, 0xff, 0xff, 0xff, 0xff, 0xff, 0xff, 0xff, 0xff, 0xff, 0xff, 0xff,
    0xff, 0xff, 0xff, 0xff, 0xfc, 0xfb, 0xff, 0xff, 0xff, 0xff, 0xff, 0xff, 0x8a, 0x86, 0xf1, 0xff,
    0x00, 0x00, 0xe0, 0xff, 0x0d, 0x03, 0xe2, 0xff, 0x0c, 0x03, 0xe2, 0xff, 0x00, 0x00, 0xe0, 0xff,
    0x9f, 0x9b, 0xf4, 0xff, 0xff, 0xff, 0xff, 0xff, 0xfb, 0xfb, 0xff, 0xff, 0xff, 0xff, 0xff, 0xff,
    0xff, 0xff, 0xff, 0xff, 0xff, 0xff, 0xff, 0xff, 0xff, 0xff, 0xff, 0xff, 0xfc, 0xfc, 0xff, 0xff,
    0xfe, 0xfe, 0xff, 0xff, 0xca, 0xc8, 0xf9, 0xff, 0x06, 0x02, 0xe2, 0xff, 0x0a, 0x02, 0xe2, 0xff,
    0x09, 0x00, 0xe2, 0xff, 0x09, 0x00, 0xe2, 0xff, 0x09, 0x00, 0xe2, 0xff, 0x09, 0x00, 0xe2, 0xff,
    0x09, 0x00, 0xe2, 0xff, 0x09, 0x00, 0xe2, 0xff, 0x09, 0x00, 0xe2, 0xff, 0x09, 0x00, 0xe2, 0xff,
    0x09, 0x00, 0xe2, 0xff, 0x09, 0x00, 0xe2, 0xff, 0x09, 0x00, 0xe2, 0xff, 0x09, 0x00, 0xe2, 0xff,
    0x09, 0x00, 0xe2, 0xff, 0x0c, 0x03, 0xe2, 0xff, 0x01, 0x01, 0xe1, 0xff, 0x3d, 0x36, 0xe8, 0xff,
    0xfd, 0xfd, 0xff, 0xff, 0xfe, 0xfd, 0xff, 0xff, 0xff, 0xff, 0xff, 0xff, 0xff, 0xff, 0xff, 0xff,
    0xff, 0xff, 0xff, 0xff, 0xff, 0xff, 0xff, 0xff, 0xff, 0xff, 0xff, 0xff, 0xfc, 0xfc, 0xff, 0xff,
    0xff, 0xff, 0xff, 0xff, 0x79, 0x75, 0xef, 0xff, 0x00, 0x00, 0xe0, 0xff, 0x0f, 0x06, 0xe3, 0xff,
    0x00, 0x00, 0xe1, 0xff, 0xb1, 0xae, 0xf6, 0xff, 0xff, 0xff, 0xff, 0xff, 0xfc, 0xfc, 0xff, 0xff,
    0xff, 0xff, 0xff, 0xff, 0xff, 0xff, 0xff, 0xff, 0xff, 0xff, 0xff, 0xff, 0xff, 0xff, 0xff, 0xff,
    0xfd, 0xfd, 0xff, 0xff, 0xff, 0xff, 0xff, 0xff, 0xd9, 0xd8, 0xfb, 0xff, 0x00, 0x00, 0xe0, 0xff,
    0x00, 0x00, 0xe1, 0xff, 0x00, 0x00, 0xe1, 0xff, 0x00, 0x00, 0xe1, 0xff, 0x00, 0x00, 0xe1, 0xff,
    0x00, 0x00, 0xe1, 0xff, 0x00, 0x00, 0xe1, 0xff, 0x00, 0x00, 0xe1, 0xff, 0x00, 0x00, 0xe1, 0xff,
    0x00, 0x00, 0xe1, 0xff, 0x00, 0x00, 0xe1, 0xff, 0x00, 0x00, 0xe1, 0xff, 0x00, 0x00, 0xe1, 0xff,
    0x00, 0x00, 0xe1, 0xff, 0x00, 0x00, 0xe1, 0xff, 0x00, 0x00, 0xe1, 0xff, 0x00, 0x00, 0xe1, 0xff,
    0x00, 0x00, 0xe1, 0xff, 0x00, 0x00, 0xe1, 0xff, 0x00, 0x00, 0xe1, 0xff, 0x00, 0x00, 0xe1, 0xff,
    0x00, 0x00, 0xe1, 0xff, 0x00, 0x00, 0xe1, 0xff, 0x00, 0x00, 0xe0, 0xff, 0x04, 0x00, 0xe1, 0xff,
    0x0d, 0x03, 0xe2, 0xff, 0x0b, 0x02, 0xe2, 0xff, 0x0b, 0x02, 0xe2, 0xff, 0x0b, 0x02, 0xe2, 0xff,
    0x09, 0x00, 0xe2, 0xff, 0x09, 0x00, 0xe2, 0xff, 0x09, 0x00, 0xe2, 0xff, 0x09, 0x00, 0xe2, 0xff,
    0x09, 0x00, 0xe2, 0xff, 0x09, 0x00, 0xe2, 0xff, 0x09, 0x00, 0xe2, 0xff, 0x09, 0x00, 0xe2, 0xff,
    0x09, 0x00, 0xe2, 0xff, 0x09, 0x00, 0xe2, 0xff, 0x09, 0x00, 0xe2, 0xff, 0x09, 0x00, 0xe2, 0xff,
    0x09, 0x00, 0xe2, 0xff, 0x09, 0x00, 0xe2, 0xff, 0x09, 0x00, 0xe2, 0xff, 0x09, 0x00, 0xe2, 0xff,
    0x09, 0x00, 0xe2, 0xff, 0x09, 0x00, 0xe2, 0xff, 0x09, 0x00, 0xe2, 0xff, 0x09, 0x00, 0xe2, 0xff,
    0x09, 0x00, 0xe2, 0xff, 0x09, 0x00, 0xe2, 0xff, 0x09, 0x00, 0xe2, 0xff, 0x09, 0x00, 0xe2, 0xff,
    0x09, 0x00, 0xe2, 0xff, 0x09, 0x00, 0xe1, 0xfd, 0x09, 0x00, 0xea, 0xff, 0x09, 0x00, 0xe2, 0xc2,
    0x09, 0x00, 0xe1, 0xe1, 0x09, 0x00, 0xe7, 0xff, 0x09, 0x00, 0xe1, 0xfe, 0x09, 0x00, 0xe2, 0xff,
    0x09, 0x00, 0xe2, 0xff, 0x09, 0x00, 0xe2, 0xff, 0x09, 0x00, 0xe2, 0xff, 0x09, 0x00, 0xe2, 0xff,
    0x09, 0x00, 0xe2, 0xff, 0x09, 0x00, 0xe2, 0xff, 0x09, 0x00, 0xe2, 0xff, 0x09, 0x00, 0xe2, 0xff,
    0x09, 0x00, 0xe2, 0xff, 0x09, 0x00, 0xe2, 0xff, 0x09, 0x00, 0xe2, 0xff, 0x09, 0x00, 0xe2, 0xff,
    0x09, 0x00, 0xe2, 0xff, 0x09, 0x00, 0xe2, 0xff, 0x09, 0x00, 0xe2, 0xff, 0x09, 0x00, 0xe2, 0xff,
    0x09, 0x00, 0xe2, 0xff, 0x09, 0x00, 0xe2, 0xff, 0x09, 0x00, 0xe2, 0xff, 0x09, 0x00, 0xe2, 0xff,
    0x09, 0x00, 0xe2, 0xff, 0x09, 0x00, 0xe2, 0xff, 0x09, 0x00, 0xe2, 0xff, 0x09, 0x00, 0xe2, 0xff,
    0x09, 0x00, 0xe2, 0xff, 0x09, 0x00, 0xe2, 0xff, 0x09, 0x00, 0xe2, 0xff, 0x09, 0x00, 0xe2, 0xff,
    0x09, 0x00, 0xe2, 0xff, 0x09, 0x00, 0xe2, 0xff, 0x09, 0x00, 0xe2, 0xff, 0x09, 0x00, 0xe2, 0xff,
    0x0c, 0x03, 0xe2, 0xff, 0x00, 0x00, 0xe0, 0xff, 0x4b, 0x45, 0xea, 0xff, 0xff, 0xff, 0xff, 0xff,
    0xfd, 0xfd, 0xff, 0xff, 0xff, 0xff, 0xff, 0xff, 0xff, 0xff, 0xff, 0xff, 0xff, 0xff, 0xff, 0xff,
    0xff, 0xff, 0xff, 0xff, 0xff, 0xff, 0xff, 0xff, 0xfd, 0xfd, 0xff, 0xff, 0xfd, 0xfd, 0xff, 0xff,
    0x3e, 0x37, 0xe8, 0xff, 0x03, 0x01, 0xe1, 0xff, 0x00, 0x00, 0xe0, 0xff, 0x83, 0x7f, 0xf0, 0xff,
    0xff, 0xff, 0xff, 0xff, 0xfc, 0xfc, 0xff, 0xff, 0xff, 0xff, 0xff, 0xff, 0xff, 0xff, 0xff, 0xff,
    0xff, 0xff, 0xff, 0xff, 0xff, 0xff, 0xff, 0xff, 0xfc, 0xfc, 0xff, 0xff, 0xff, 0xff, 0xff, 0xff,
    0xc6, 0xc4, 0xf8, 0xff, 0x04, 0x00, 0xe1, 0xff, 0x0b, 0x03, 0xe2, 0xff, 0x09, 0x00, 0xe2, 0xff,
    0x09, 0x00, 0xe2, 0xff, 0x09, 0x00, 0xe2, 0xff, 0x09, 0x00, 0xe2, 0xff, 0x09, 0x00, 0xe2, 0xff,
    0x09, 0x00, 0xe2, 0xff, 0x09, 0x00, 0xe2, 0xff, 0x09, 0x00, 0xe2, 0xff, 0x09, 0x00, 0xe2, 0xff,
    0x09, 0x00, 0xe2, 0xff, 0x09, 0x00, 0xe2, 0xff, 0x09, 0x00, 0xe2, 0xff, 0x09, 0x00, 0xe2, 0xff,
    0x09, 0x00, 0xe2, 0xff, 0x09, 0x00, 0xe2, 0xff, 0x09, 0x00, 0xe2, 0xff, 0x09, 0x00, 0xe2, 0xff,
    0x09, 0x00, 0xe2, 0xff, 0x0a, 0x02, 0xe2, 0xff, 0x05, 0x01, 0xe1, 0xff, 0xc7, 0xc5, 0xf8, 0xff,
    0xff, 0xff, 0xff, 0xff, 0xfc, 0xfc, 0xff, 0xff, 0xff, 0xff, 0xff, 0xff, 0xff, 0xff, 0xff, 0xff,
    0xff, 0xff, 0xff, 0xff, 0xff, 0xff, 0xff, 0xff, 0xfb, 0xfb, 0xff, 0xff, 0xff, 0xff, 0xff, 0xff,
    0xaf, 0xad, 0xf6, 0xff, 0x01, 0x00, 0xe1, 0xff, 0x0c, 0x03, 0xe2, 0xff, 0x09, 0x00, 0xe2, 0xff,
    0x09, 0x00, 0xe2, 0xff, 0x09, 0x00, 0xe2, 0xff, 0x09, 0x00, 0xe2, 0xff, 0x09, 0x00, 0xe2, 0xff,
    0x09, 0x00, 0xe2, 0xff, 0x09, 0x00, 0xe2, 0xff, 0x09, 0x00, 0xe2, 0xff, 0x09, 0x00, 0xe2, 0xff,
    0x09, 0x00, 0xe2, 0xff, 0x09, 0x00, 0xe2, 0xff, 0x09, 0x00, 0xe2, 0xff, 0x09, 0x00, 0xe2, 0xff,
    0x09, 0x00, 0xe2, 0xff, 0x09, 0x00, 0xe2, 0xff, 0x09, 0x00, 0xe2, 0xff, 0x09, 0x00, 0xe2, 0xff,
    0x0c, 0x03, 0xe2, 0xff, 0x00, 0x00, 0xe0, 0xff, 0xaa, 0xa7, 0xf5, 0xff, 0xff, 0xff, 0xff, 0xff,
    0xfc, 0xfb, 0xff, 0xff, 0xff, 0xff, 0xff, 0xff, 0xff, 0xff, 0xff, 0xff, 0xff, 0xff, 0xff, 0xff,
    0xff, 0xff, 0xff, 0xff, 0xfb, 0xfb, 0xff, 0xff, 0xff, 0xff, 0xff, 0xff, 0x95, 0x92, 0xf3, 0xff,
    0x00, 0x00, 0xe0, 0xff, 0x0d, 0x04, 0xe2, 0xff, 0x09, 0x00, 0xe2, 0xff, 0x09, 0x00, 0xe2, 0xff,
    0x09, 0x00, 0xe2, 0xff, 0x09, 0x00, 0xe2, 0xff, 0x09, 0x00, 0xe2, 0xff, 0x09, 0x00, 0xe2, 0xff,
    0x09, 0x00, 0xe2, 0xff, 0x09, 0x00, 0xe2, 0xff, 0x09, 0x00, 0xe2, 0xff, 0x09, 0x00, 0xe2, 0xff,
    0x09, 0x00, 0xe2, 0xff, 0x09, 0x00, 0xe2, 0xff, 0x09, 0x00, 0xe2, 0xff, 0x0c, 0x03, 0xe2, 0xff,
    0x01, 0x00, 0xe1, 0xff, 0x43, 0x3c, 0xe9, 0xff, 0xff, 0xff, 0xff, 0xff, 0xfd, 0xfd, 0xff, 0xff,
    0xff, 0xff, 0xff, 0xff, 0xff, 0xff, 0xff, 0xff, 0xff, 0xff, 0xff, 0xff, 0xff, 0xff, 0xff, 0xff,
    0xfe, 0xfe, 0xff, 0xff, 0xfe, 0xfe, 0xff, 0xff, 0xee, 0xed, 0xfd, 0xff, 0x1d, 0x16, 0xe5, 0xff,
    0x05, 0x01, 0xe1, 0xff, 0x0b, 0x03, 0xe2, 0xff, 0x06, 0x01, 0xe2, 0xff, 0x17, 0x10, 0xe4, 0xff,
    0xe8, 0xe7, 0xfc, 0xff, 0xfe, 0xfe, 0xff, 0xff, 0xfe, 0xfe, 0xff, 0xff, 0xff, 0xff, 0xff, 0xff,
    0xff, 0xff, 0xff, 0xff, 0xff, 0xff, 0xff, 0xff, 0xff, 0xff, 0xff, 0xff, 0xfc, 0xfc, 0xff, 0xff,
    0xff, 0xff, 0xff, 0xff, 0x7e, 0x79, 0xf0, 0xff, 0x00, 0x00, 0xe0, 0xff, 0x0d, 0x04, 0xe2, 0xff,
    0x09, 0x00, 0xe2, 0xff, 0x09, 0x00, 0xe2, 0xff, 0x09, 0x00, 0xe2, 0xff, 0x09, 0x00, 0xe2, 0xff,
    0x09, 0x00, 0xe2, 0xff, 0x09, 0x00, 0xe2, 0xff, 0x09, 0x00, 0xe2, 0xff, 0x09, 0x00, 0xe2, 0xff,
    0x09, 0x00, 0xe2, 0xff, 0x09, 0x00, 0xe2, 0xff, 0x09, 0x00, 0xe2, 0xff, 0x09, 0x00, 0xe2, 0xff,
    0x09, 0x00, 0xe2, 0xff, 0x0c, 0x03, 0xe2, 0xff, 0x00, 0x00, 0xe0, 0xff, 0x9f, 0x9c, 0xf4, 0xff,
    0xff, 0xff, 0xff, 0xff, 0xfb, 0xfb, 0xff, 0xff, 0xff, 0xff, 0xff, 0xff, 0xff, 0xff, 0xff, 0xff,
    0xff, 0xff, 0xff, 0xff, 0xff, 0xff, 0xff, 0xff, 0xfd, 0xfd, 0xff, 0xff, 0xfe, 0xfe, 0xff, 0xff,
    0xda, 0xd9, 0xfb, 0xff, 0x0d, 0x07, 0xe2, 0xff, 0x08, 0x01, 0xe2, 0xff, 0x0b, 0x02, 0xe2, 0xff,
    0x05, 0x01, 0xe1, 0xff, 0x1b, 0x15, 0xe4, 0xff, 0xec, 0xec, 0xfd, 0xff, 0xfe, 0xfe, 0xff, 0xff,
    0xfe, 0xfe, 0xff, 0xff, 0xff, 0xff, 0xff, 0xff, 0xff, 0xff, 0xff, 0xff, 0xff, 0xff, 0xff, 0xff,
    0xfe, 0xfe, 0xff, 0xff, 0xfe, 0xfe, 0xff, 0xff, 0xf5, 0xf5, 0xfe, 0xff, 0x27, 0x20, 0xe6, 0xff,
    0x04, 0x01, 0xe1, 0xff, 0x0c, 0x03, 0xe2, 0xff, 0x04, 0x00, 0xe1, 0xff, 0x22, 0x1a, 0xe5, 0xff,
    0xf2, 0xf2, 0xfe, 0xff, 0xfe, 0xfe, 0xff, 0xff, 0xfe, 0xfe, 0xff, 0xff, 0xff, 0xff, 0xff, 0xff,
    0xff, 0xff, 0xff, 0xff, 0xff, 0xff, 0xff, 0xff, 0xff, 0xff, 0xff, 0xff, 0xfc, 0xfc, 0xff, 0xff,
    0xff, 0xff, 0xff, 0xff, 0x62, 0x5c, 0xed, 0xff, 0x00, 0x00, 0xe0, 0xff, 0x0d, 0x04, 0xe2, 0xff,
    0x09, 0x00, 0xe2, 0xff, 0x09, 0x00, 0xe2, 0xff, 0x09, 0x00, 0xe2, 0xff, 0x09, 0x00, 0xe2, 0xff,
    0x09, 0x00, 0xe2, 0xff, 0x09, 0x00, 0xe2, 0xff, 0x09, 0x00, 0xe2, 0xff, 0x09, 0x00, 0xe2, 0xff,
    0x09, 0x00, 0xe2, 0xff, 0x09, 0x00, 0xe2, 0xff, 0x09, 0x00, 0xe2, 0xff, 0x09, 0x00, 0xe2, 0xff,
    0x09, 0x00, 0xe2, 0xff, 0x0c, 0x03, 0xe2, 0xff, 0x00, 0x00, 0xe0, 0xff, 0xa4, 0xa2, 0xf4, 0xff,
    0xff, 0xff, 0xff, 0xff, 0xfb, 0xfb, 0xff, 0xff, 0xff, 0xff, 0xff, 0xff, 0xff, 0xff, 0xff, 0xff,
    0xff, 0xff, 0xff, 0xff, 0xff, 0xff, 0xff, 0xff, 0xfe, 0xfe, 0xff, 0xff, 0xfe, 0xfe, 0xff, 0xff,
    0xf0, 0xf0, 0xfd, 0xff, 0x1f, 0x18, 0xe5, 0xff, 0x07, 0x02, 0xe2, 0xff, 0x02, 0x00, 0xe1, 0xff,
    0x39, 0x32, 0xe8, 0xff, 0xfc, 0xfc, 0xff, 0xff, 0xfe, 0xfe, 0xff, 0xff, 0xff, 0xff, 0xff, 0xff,
    0xff, 0xff, 0xff, 0xff, 0xff, 0xff, 0xff, 0xff, 0xff, 0xff, 0xff, 0xff, 0xff, 0xff, 0xff, 0xff,
    0xfe, 0xfe, 0xff, 0xff, 0xff, 0xff, 0xff, 0xff, 0xef, 0xef, 0xfd, 0xff, 0xa9, 0xa6, 0xf5, 0xff,
    0xa7, 0xa4, 0xf5, 0xff, 0xa7, 0xa5, 0xf5, 0xff, 0xa7, 0xa4, 0xf5, 0xff, 0xa7, 0xa4, 0xf5, 0xff,
    0xa7, 0xa4, 0xf5, 0xff, 0xa7, 0xa4, 0xf5, 0xff, 0xa7, 0xa4, 0xf5, 0xff, 0xa7, 0xa4, 0xf5, 0xff,
    0xa7, 0xa4, 0xf5, 0xff, 0xa7, 0xa4, 0xf5, 0xff, 0xa7, 0xa4, 0xf5, 0xff, 0xa7, 0xa4, 0xf5, 0xff,
    0xa7, 0xa4, 0xf5, 0xff, 0xa7, 0xa4, 0xf5, 0xff, 0xa7, 0xa4, 0xf5, 0xff, 0xa7, 0xa4, 0xf5, 0xff,
    0xa7, 0xa4, 0xf5, 0xff, 0xa7, 0xa4, 0xf5, 0xff, 0xa7, 0xa4, 0xf5, 0xff, 0xa7, 0xa4, 0xf5, 0xff,
    0xa7, 0xa4, 0xf5, 0xff, 0xa6, 0xa3, 0xf5, 0xff, 0x88, 0x83, 0xf1, 0xff, 0x2c, 0x26, 0xe6, 0xff,
    0x01, 0x00, 0xe1, 0xff, 0x0b, 0x01, 0xe2, 0xff, 0x09, 0x00, 0xe2, 0xff, 0x09, 0x00, 0xe2, 0xff,
    0x09, 0x00, 0xe2, 0xff, 0x09, 0x00, 0xe2, 0xff, 0x09, 0x00, 0xe2, 0xff, 0x09, 0x00, 0xe2, 0xff,
    0x09, 0x00, 0xe2, 0xff, 0x09, 0x00, 0xe2, 0xff, 0x09, 0x00, 0xe2, 0xff, 0x09, 0x00, 0xe2, 0xff,
    0x09, 0x00, 0xe2, 0xff, 0x09, 0x00, 0xe2, 0xff, 0x09, 0x00, 0xe2, 0xff, 0x09, 0x00, 0xe2, 0xff,
    0x09, 0x00, 0xe2, 0xff, 0x09, 0x00, 0xe2, 0xff, 0x09, 0x00, 0xe2, 0xff, 0x09, 0x00, 0xe2, 0xff,
    0x09, 0x00, 0xe2, 0xff, 0x09, 0x00, 0xe2, 0xff, 0x09, 0x00, 0xe2, 0xff, 0x09, 0x00, 0xe2, 0xff,
    0x09, 0x00, 0xe2, 0xff, 0x09, 0x00, 0xe2, 0xff, 0x09, 0x00, 0xe2, 0xff, 0x09, 0x00, 0xe2, 0xff,
    0x09, 0x00, 0xe2, 0xff, 0x09, 0x00, 0xe1, 0xfe, 0x09, 0x00, 0xe7, 0xff, 0x09, 0x00, 0xe1, 0xe1,
    0x08, 0x00, 0xe2, 0xe9, 0x09, 0x00, 0xe6, 0xff, 0x09, 0x00, 0xe1, 0xfe, 0x09, 0x00, 0xe2, 0xff,
    0x09, 0x00, 0xe2, 0xff, 0x09, 0x00, 0xe2, 0xff, 0x09, 0x00, 0xe2, 0xff, 0x09, 0x00, 0xe2, 0xff,
    0x09, 0x00, 0xe2, 0xff, 0x09, 0x00, 0xe2, 0xff, 0x09, 0x00, 0xe2, 0xff, 0x09, 0x00, 0xe2, 0xff,
    0x09, 0x00, 0xe2, 0xff, 0x09, 0x00, 0xe2, 0xff, 0x09, 0x00, 0xe2, 0xff, 0x09, 0x00, 0xe2, 0xff,
    0x09, 0x00, 0xe2, 0xff, 0x09, 0x00, 0xe2, 0xff, 0x09, 0x00, 0xe2, 0xff, 0x09, 0x00, 0xe2, 0xff,
    0x09, 0x00, 0xe2, 0xff, 0x09, 0x00, 0xe2, 0xff, 0x09, 0x00, 0xe2, 0xff, 0x09, 0x00, 0xe2, 0xff,
    0x09, 0x00, 0xe2, 0xff, 0x09, 0x00, 0xe2, 0xff, 0x09, 0x00, 0xe2, 0xff, 0x09, 0x00, 0xe2, 0xff,
    0x09, 0x00, 0xe2, 0xff, 0x09, 0x00, 0xe2, 0xff, 0x09, 0x00, 0xe2, 0xff, 0x09, 0x00, 0xe2, 0xff,
    0x09, 0x00, 0xe2, 0xff, 0x09, 0x00, 0xe2, 0xff, 0x09, 0x00, 0xe2, 0xff, 0x09, 0x00, 0xe2, 0xff,
    0x0c, 0x03, 0xe2, 0xff, 0x01, 0x00, 0xe1, 0xff, 0xb3, 0xb0, 0xf6, 0xff, 0xff, 0xff, 0xff, 0xff,
    0xfb, 0xfb, 0xff, 0xff, 0xff, 0xff, 0xff, 0xff, 0xff, 0xff, 0xff, 0xff, 0xff, 0xff, 0xff, 0xff,
    0xff, 0xff, 0xff, 0xff, 0xfc, 0xfc, 0xff, 0xff, 0xff, 0xff, 0xff, 0xff, 0xbf, 0xbd, 0xf7, 0xff,
    0x03, 0x00, 0xe1, 0xff, 0x07, 0x01, 0xe2, 0xff, 0x16, 0x0f, 0xe4, 0xff, 0xe6, 0xe5, 0xfc, 0xff,
    0xfe, 0xfe, 0xff, 0xff, 0xfe, 0xfd, 0xff, 0xff, 0xff, 0xff, 0xff, 0xff, 0xff, 0xff, 0xff, 0xff,
    0xff, 0xff, 0xff, 0xff, 0xff, 0xff, 0xff, 0xff, 0xfc, 0xfc, 0xff, 0xff, 0xff, 0xff, 0xff, 0xff,
    0x58, 0x52, 0xeb, 0xff, 0x00, 0x00, 0xe0, 0xff, 0x0d, 0x04, 0xe2, 0xff, 0x09, 0x00, 0xe2, 0xff,
    0x09, 0x00, 0xe2, 0xff, 0x09, 0x00, 0xe2, 0xff, 0x09, 0x00, 0xe2, 0xff, 0x09, 0x00, 0xe2, 0xff,
    0x09, 0x00, 0xe2, 0xff, 0x09, 0x00, 0xe2, 0xff, 0x09, 0x00, 0xe2, 0xff, 0x09, 0x00, 0xe2, 0xff,
    0x09, 0x00, 0xe2, 0xff, 0x09, 0x00, 0xe2, 0xff, 0x09, 0x00, 0xe2, 0xff, 0x09, 0x00, 0xe2, 0xff,
    0x09, 0x00, 0xe2, 0xff, 0x09, 0x00, 0xe2, 0xff, 0x09, 0x00, 0xe2, 0xff, 0x09, 0x00, 0xe2, 0xff,
    0x0c, 0x03, 0xe2, 0xff, 0x00, 0x00, 0xe1, 0xff, 0x45, 0x3e, 0xe9, 0xff, 0xff, 0xff, 0xff, 0xff,
    0xfd, 0xfd, 0xff, 0xff, 0xff, 0xff, 0xff, 0xff, 0xff, 0xff, 0xff, 0xff, 0xff, 0xff, 0xff, 0xff,
    0xff, 0xff, 0xff, 0xff, 0xff, 0xff, 0xff, 0xff, 0xfd, 0xfd, 0xff, 0xff, 0xff, 0xff, 0xff, 0xff,
    0x44, 0x3d, 0xe9, 0xff, 0x01, 0x00, 0xe1, 0xff, 0x0c, 0x03, 0xe2, 0xff, 0x09, 0x00, 0xe2, 0xff,
    0x09, 0x00, 0xe2, 0xff, 0x09, 0x00, 0xe2, 0xff, 0x09, 0x00, 0xe2, 0xff, 0x09, 0x00, 0xe2, 0xff,
    0x09, 0x00, 0xe2, 0xff, 0x09, 0x00, 0xe2, 0xff, 0x09, 0x00, 0xe2, 0xff, 0x09, 0x00, 0xe2, 0xff,
    0x09, 0x00, 0xe2, 0xff, 0x09, 0x00, 0xe2, 0xff, 0x09, 0x00, 0xe2, 0xff, 0x09, 0x00, 0xe2, 0xff,
    0x09, 0x00, 0xe2, 0xff, 0x09, 0x00, 0xe2, 0xff, 0x09, 0x00, 0xe2, 0xff, 0x0b, 0x02, 0xe2, 0xff,
    0x03, 0x01, 0xe1, 0xff, 0x2c, 0x24, 0xe6, 0xff, 0xf7, 0xf7, 0xfe, 0xff, 0xfe, 0xfe, 0xff, 0xff,
    0xfe, 0xfe, 0xff, 0xff, 0xff, 0xff, 0xff, 0xff, 0xff, 0xff, 0xff, 0xff, 0xff, 0xff, 0xff, 0xff,
    0xff, 0xff, 0xff, 0xff, 0xfe, 0xfe, 0xff, 0xff, 0xfc, 0xfc, 0xff, 0xff, 0x37, 0x2f, 0xe8, 0xff,
    0x02, 0x00, 0xe1, 0xff, 0x0b, 0x03, 0xe2, 0xff, 0x09, 0x00, 0xe2, 0xff, 0x09, 0x00, 0xe2, 0xff,
    0x09, 0x00, 0xe2, 0xff, 0x09, 0x00, 0xe2, 0xff, 0x09, 0x00, 0xe2, 0xff, 0x09, 0x00, 0xe2, 0xff,
    0x09, 0x00, 0xe2, 0xff, 0x09, 0x00, 0xe2, 0xff, 0x09, 0x00, 0xe2, 0xff, 0x09, 0x00, 0xe2, 0xff,
    0x09, 0x00, 0xe2, 0xff, 0x09, 0x00, 0xe2, 0xff, 0x09, 0x00, 0xe2, 0xff, 0x0c, 0x03, 0xe2, 0xff,
    0x00, 0x00, 0xe1, 0xff, 0xae, 0xac, 0xf5, 0xff, 0xff, 0xff, 0xff, 0xff, 0xfb, 0xfb, 0xff, 0xff,
    0xff, 0xff, 0xff, 0xff, 0xff, 0xff, 0xff, 0xff, 0xff, 0xff, 0xff, 0xff, 0xff, 0xff, 0xff, 0xff,
    0xfb, 0xfb, 0xff, 0xff, 0xff, 0xff, 0xff, 0xff, 0x91, 0x8e, 0xf2, 0xff, 0x00, 0x00, 0xe0, 0xff,
    0x0d, 0x03, 0xe2, 0xff, 0x0d, 0x04, 0xe2, 0xff, 0x00, 0x00, 0xe0, 0xff, 0x70, 0x6b, 0xee, 0xff,
    0xff, 0xff, 0xff, 0xff, 0xfc, 0xfc, 0xff, 0xff, 0xff, 0xff, 0xff, 0xff, 0xff, 0xff, 0xff, 0xff,
    0xff, 0xff, 0xff, 0xff, 0xff, 0xff, 0xff, 0xff, 0xfe, 0xfe, 0xff, 0xff, 0xfe, 0xfe, 0xff, 0xff,
    0xee, 0xee, 0xfd, 0xff, 0x1d, 0x16, 0xe4, 0xff, 0x05, 0x01, 0xe1, 0xff, 0x0a, 0x01, 0xe2, 0xff,
    0x09, 0x00, 0xe2, 0xff, 0x09, 0x00, 0xe2, 0xff, 0x09, 0x00, 0xe2, 0xff, 0x09, 0x00, 0xe2, 0xff,
    0x09, 0x00, 0xe2, 0xff, 0x09, 0x00, 0xe2, 0xff, 0x09, 0x00, 0xe2, 0xff, 0x09, 0x00, 0xe2, 0xff,
    0x09, 0x00, 0xe2, 0xff, 0x09, 0x00, 0xe2, 0xff, 0x09, 0x00, 0xe2, 0xff, 0x09, 0x00, 0xe2, 0xff,
    0x0b, 0x02, 0xe2, 0xff, 0x04, 0x01, 0xe1, 0xff, 0x25, 0x1e, 0xe5, 0xff, 0xf4, 0xf3, 0xfe, 0xff,
    0xfe, 0xfe, 0xff, 0xff, 0xfe, 0xfe, 0xff, 0xff, 0xff, 0xff, 0xff, 0xff, 0xff, 0xff, 0xff, 0xff,
    0xff, 0xff, 0xff, 0xff, 0xff, 0xff, 0xff, 0xff, 0xfc, 0xfc, 0xff, 0xff, 0xff, 0xff, 0xff, 0xff,
    0x74, 0x6f, 0xef, 0xff, 0x00, 0x00, 0xe0, 0xff, 0x0d, 0x04, 0xe2, 0xff, 0x0d, 0x04, 0xe2, 0xff,
    0x00, 0x00, 0xe0, 0xff, 0x78, 0x74, 0xef, 0xff, 0xff, 0xff, 0xff, 0xff, 0xfc, 0xfc, 0xff, 0xff,
    0xff, 0xff, 0xff, 0xff, 0xff, 0xff, 0xff, 0xff, 0xff, 0xff, 0xff, 0xff, 0xff, 0xff, 0xff, 0xff,
    0xfb, 0xfb, 0xff, 0xff, 0xff, 0xff, 0xff, 0xff, 0xa5, 0xa2, 0xf4, 0xff, 0x00, 0x00, 0xe0, 0xff,
    0x0c, 0x03, 0xe2, 0xff, 0x0d, 0x04, 0xe2, 0xff, 0x00, 0x00, 0xe0, 0xff, 0x80, 0x7c, 0xf0, 0xff,
    0xff, 0xff, 0xff, 0xff, 0xfc, 0xfc, 0xff, 0xff, 0xff, 0xff, 0xff, 0xff, 0xff, 0xff, 0xff, 0xff,
    0xff, 0xff, 0xff, 0xff, 0xff, 0xff, 0xff, 0xff, 0xfd, 0xfd, 0xff, 0xff, 0xff, 0xfe, 0xff, 0xff,
    0xe1, 0xe0, 0xfc, 0xff, 0x11, 0x0b, 0xe3, 0xff, 0x07, 0x01, 0xe2, 0xff, 0x0a, 0x01, 0xe2, 0xff,
    0x09, 0x00, 0xe2, 0xff, 0x09, 0x00, 0xe2, 0xff, 0x09, 0x00, 0xe2, 0xff, 0x09, 0x00, 0xe2, 0xff,
    0x09, 0x00, 0xe2, 0xff, 0x09, 0x00, 0xe2, 0xff, 0x09, 0x00, 0xe2, 0xff, 0x09, 0x00, 0xe2, 0xff,
    0x09, 0x00, 0xe2, 0xff, 0x09, 0x00, 0xe2, 0xff, 0x09, 0x00, 0xe2, 0xff, 0x09, 0x00, 0xe2, 0xff,
    0x0b, 0x02, 0xe2, 0xff, 0x04, 0x00, 0xe1, 0xff, 0x26, 0x1e, 0xe6, 0xff, 0xf4, 0xf4, 0xfe, 0xff,
    0xfe, 0xfe, 0xff, 0xff, 0xfe, 0xfe, 0xff, 0xff, 0xff, 0xff, 0xff, 0xff, 0xff, 0xff, 0xff, 0xff,
    0xff, 0xff, 0xff, 0xff, 0xff, 0xff, 0xff, 0xff, 0xfb, 0xfb, 0xff, 0xff, 0xff, 0xff, 0xff, 0xff,
    0x9d, 0x9a, 0xf3, 0xff, 0x00, 0x00, 0xe0, 0xff, 0x0f, 0x05, 0xe3, 0xff, 0x01, 0x00, 0xe1, 0xff,
    0xae, 0xac, 0xf5, 0xff, 0xff, 0xff, 0xff, 0xff, 0xfc, 0xfc, 0xff, 0xff, 0xff, 0xff, 0xff, 0xff,
    0xff, 0xff, 0xff, 0xff, 0xff, 0xff, 0xff, 0xff, 0xff, 0xff, 0xff, 0xff, 0xff, 0xff, 0xff, 0xff,
    0xff, 0xff, 0xff, 0xff, 0xff, 0xff, 0xff, 0xff, 0xff, 0xff, 0xff, 0xff, 0xff, 0xff, 0xff, 0xff,
    0xff, 0xff, 0xff, 0xff, 0xff, 0xff, 0xff, 0xff, 0xff, 0xff, 0xff, 0xff, 0xff, 0xff, 0xff, 0xff,
    0xff, 0xff, 0xff, 0xff, 0xff, 0xff, 0xff, 0xff, 0xff, 0xff, 0xff, 0xff, 0xff, 0xff, 0xff, 0xff,
    0xff, 0xff, 0xff, 0xff, 0xff, 0xff, 0xff, 0xff, 0xff, 0xff, 0xff, 0xff, 0xff, 0xff, 0xff, 0xff,
    0xff, 0xff, 0xff, 0xff, 0xff, 0xff, 0xff, 0xff, 0xff, 0xff, 0xff, 0xff, 0xff, 0xff, 0xff, 0xff,
    0xff, 0xff, 0xff, 0xff, 0xff, 0xff, 0xff, 0xff, 0xff, 0xff, 0xff, 0xff, 0xff, 0xff, 0xff, 0xff,
    0xff, 0xff, 0xff, 0xff, 0xff, 0xff, 0xff, 0xff, 0xff, 0xff, 0xff, 0xff, 0xee, 0xed, 0xfd, 0xff,
    0x30, 0x2b, 0xe7, 0xff, 0x04, 0x01, 0xe1, 0xff, 0x0b, 0x02, 0xe2, 0xff, 0x09, 0x00, 0xe2, 0xff,
    0x09, 0x00, 0xe2, 0xff, 0x09, 0x00, 0xe2, 0xff, 0x09, 0x00, 0xe2, 0xff, 0x09, 0x00, 0xe2, 0xff,
    0x09, 0x00, 0xe2, 0xff, 0x09, 0x00, 0xe2, 0xff, 0x09, 0x00, 0xe2, 0xff, 0x09, 0x00, 0xe2, 0xff,
    0x09, 0x00, 0xe2, 0xff, 0x09, 0x00, 0xe2, 0xff, 0x09, 0x00, 0xe2, 0xff, 0x09, 0x00, 0xe2, 0xff,
    0x09, 0x00, 0xe2, 0xff, 0x09, 0x00, 0xe2, 0xff, 0x09, 0x00, 0xe2, 0xff, 0x09, 0x00, 0xe2, 0xff,
    0x09, 0x00, 0xe2, 0xff, 0x09, 0x00, 0xe2, 0xff, 0x09, 0x00, 0xe2, 0xff, 0x09, 0x00, 0xe2, 0xff,
    0x09, 0x00, 0xe2, 0xff, 0x09, 0x00, 0xe2, 0xff, 0x09, 0x00, 0xe2, 0xff, 0x09, 0x00, 0xe2, 0xff,
    0x09, 0x00, 0xe2, 0xff, 0x09, 0x00, 0xe1, 0xfe, 0x09, 0x00, 0xe6, 0xff, 0x08, 0x00, 0xe2, 0xe9,
    0x09, 0x00, 0xe1, 0xe1, 0x09, 0x00, 0xe7, 0xff, 0x09, 0x00, 0xe1, 0xfe, 0x09, 0x00, 0xe2, 0xff,
    0x09, 0x00, 0xe2, 0xff, 0x09, 0x00, 0xe2, 0xff, 0x09, 0x00, 0xe2, 0xff, 0x09, 0x00, 0xe2, 0xff,
    0x09, 0x00, 0xe2, 0xff, 0x09, 0x00, 0xe2, 0xff, 0x09, 0x00, 0xe2, 0xff, 0x09, 0x00, 0xe2, 0xff,
    0x09, 0x00, 0xe2, 0xff, 0x09, 0x00, 0xe2, 0xff, 0x09, 0x00, 0xe2, 0xff, 0x09, 0x00, 0xe2, 0xff,
    0x09, 0x00, 0xe2, 0xff, 0x09, 0x00, 0xe2, 0xff, 0x09, 0x00, 0xe2, 0xff, 0x09, 0x00, 0xe2, 0xff,
    0x09, 0x00, 0xe2, 0xff, 0x09, 0x00, 0xe2, 0xff, 0x09, 0x00, 0xe2, 0xff, 0x09, 0x00, 0xe2, 0xff,
    0x09, 0x00, 0xe2, 0xff, 0x09, 0x00, 0xe2, 0xff, 0x09, 0x00, 0xe2, 0xff, 0x09, 0x00, 0xe2, 0xff,
    0x09, 0x00, 0xe2, 0xff, 0x09, 0x00, 0xe2, 0xff, 0x09, 0x00, 0xe2, 0xff, 0x09, 0x00, 0xe2, 0xff,
    0x09, 0x00, 0xe2, 0xff, 0x09, 0x00, 0xe2, 0xff, 0x09, 0x00, 0xe2, 0xff, 0x0b, 0x02, 0xe2, 0xff,
    0x02, 0x00, 0xe1, 0xff, 0x30, 0x29, 0xe7, 0xff, 0xf9, 0xf9, 0xfe, 0xff, 0xfe, 0xfe, 0xff, 0xff,
    0xfe, 0xfe, 0xff, 0xff, 0xff, 0xff, 0xff, 0xff, 0xff, 0xff, 0xff, 0xff, 0xff, 0xff, 0xff, 0xff,
    0xff, 0xff, 0xff, 0xff, 0xfd, 0xfc, 0xff, 0xff, 0xff, 0xff, 0xff, 0xff, 0x55, 0x4e, 0xeb, 0xff,
    0x01, 0x00, 0xe1, 0xff, 0x00, 0x00, 0xe0, 0xff, 0x71, 0x6c, 0xee, 0xff, 0xff, 0xff, 0xff, 0xff,
    0xfc, 0xfc, 0xff, 0xff, 0xff, 0xff, 0xff, 0xff, 0xff, 0xff, 0xff, 0xff, 0xff, 0xff, 0xff, 0xff,
    0xff, 0xff, 0xff, 0xff, 0xfd, 0xfd, 0xff, 0xff, 0xfe, 0xfe, 0xff, 0xff, 0xd5, 0xd4, 0xfa, 0xff,
    0x0b, 0x05, 0xe2, 0xff, 0x08, 0x01, 0xe2, 0xff, 0x0a, 0x01, 0xe2, 0xff, 0x09, 0x00, 0xe2, 0xff,
    0x09, 0x00, 0xe2, 0xff, 0x09, 0x00, 0xe2, 0xff, 0x09, 0x00, 0xe2, 0xff, 0x09, 0x00, 0xe2, 0xff,
    0x09, 0x00, 0xe2, 0xff, 0x09, 0x00, 0xe2, 0xff, 0x09, 0x00, 0xe2, 0xff, 0x09, 0x00, 0xe2, 0xff,
    0x09, 0x00, 0xe2, 0xff, 0x09, 0x00, 0xe2, 0xff, 0x09, 0x00, 0xe2, 0xff, 0x09, 0x00, 0xe2, 0xff,
    0x09, 0x00, 0xe2, 0xff, 0x09, 0x00, 0xe2, 0xff, 0x09, 0x00, 0xe2, 0xff, 0x09, 0x00, 0xe2, 0xff,
    0x0c, 0x03, 0xe2, 0xff, 0x00, 0x00, 0xe1, 0xff, 0xb0, 0xad, 0xf6, 0xff, 0xff, 0xff, 0xff, 0xff,
    0xfb, 0xfb, 0xff, 0xff, 0xff, 0xff, 0xff, 0xff, 0xff, 0xff, 0xff, 0xff, 0xff, 0xff, 0xff, 0xff,
    0xff, 0xff, 0xff, 0xff, 0xfc, 0xfc, 0xff, 0xff, 0xff, 0xff, 0xff, 0xff, 0xc5, 0xc3, 0xf8, 0xff,
    0x05, 0x01, 0xe1, 0xff, 0x0a, 0x02, 0xe2, 0xff, 0x09, 0x00, 0xe2, 0xff, 0x09, 0x00, 0xe2, 0xff,
    0x09, 0x00, 0xe2, 0xff, 0x09, 0x00, 0xe2, 0xff, 0x09, 0x00, 0xe2, 0xff, 0x09, 0x00, 0xe2, 0xff,
    0x09, 0x00, 0xe2, 0xff, 0x09, 0x00, 0xe2, 0xff, 0x09, 0x00, 0xe2, 0xff, 0x09, 0x00, 0xe2, 0xff,
    0x09, 0x00, 0xe2, 0xff, 0x09, 0x00, 0xe2, 0xff, 0x09, 0x00, 0xe2, 0xff, 0x09, 0x00, 0xe2, 0xff,
    0x09, 0x00, 0xe2, 0xff, 0x09, 0x00, 0xe2, 0xff, 0x09, 0x00, 0xe2, 0xff, 0x0d, 0x03, 0xe2, 0xff,
    0x00, 0x00, 0xe0, 0xff, 0x92, 0x8e, 0xf2, 0xff, 0xff, 0xff, 0xff, 0xff, 0xfb, 0xfb, 0xff, 0xff,
    0xff, 0xff, 0xff, 0xff, 0xff, 0xff, 0xff, 0xff, 0xff, 0xff, 0xff, 0xff, 0xff, 0xff, 0xff, 0xff,
    0xfc, 0xfc, 0xff, 0xff, 0xfe, 0xfe, 0xff, 0xff, 0xc0, 0xbe, 0xf8, 0xff, 0x03, 0x00, 0xe1, 0xff,
    0x0b, 0x02, 0xe2, 0xff, 0x09, 0x00, 0xe2, 0xff, 0x09, 0x00, 0xe2, 0xff, 0x09, 0x00, 0xe2, 0xff,
    0x09, 0x00, 0xe2, 0xff, 0x09, 0x00, 0xe2, 0xff, 0x09, 0x00, 0xe2, 0xff, 0x09, 0x00, 0xe2, 0xff,
    0x09, 0x00, 0xe2, 0xff, 0x09, 0x00, 0xe2, 0xff, 0x09, 0x00, 0xe2, 0xff, 0x09, 0x00, 0xe2, 0xff,
    0x09, 0x00, 0xe2, 0xff, 0x09, 0x00, 0xe2, 0xff, 0x0b, 0x02, 0xe2, 0xff, 0x02, 0x01, 0xe1, 0xff,
    0x2f, 0x28, 0xe6, 0xff, 0xf9, 0xf8, 0xfe, 0xff, 0xfe, 0xfe, 0xff, 0xff, 0xfe, 0xfe, 0xff, 0xff,
    0xff, 0xff, 0xff, 0xff, 0xff, 0xff, 0xff, 0xff, 0xff, 0xff, 0xff, 0xff, 0xfe, 0xfe, 0xff, 0xff,
    0xfe, 0xfe, 0xff, 0xff, 0xf6, 0xf6, 0xfe, 0xff, 0x2a, 0x23, 0xe6, 0xff, 0x03, 0x01, 0xe1, 0xff,
    0x0b, 0x03, 0xe2, 0xff, 0x08, 0x01, 0xe2, 0xff, 0x0b, 0x05, 0xe2, 0xff, 0xd6, 0xd5, 0xfa, 0xff,
    0xfe, 0xfe, 0xff, 0xff, 0xfd, 0xfd, 0xff, 0xff, 0xff, 0xff, 0xff, 0xff, 0xff, 0xff, 0xff, 0xff,
    0xff, 0xff, 0xff, 0xff, 0xff, 0xff, 0xff, 0xff, 0xfb, 0xfb, 0xff, 0xff, 0xff, 0xff, 0xff, 0xff,
    0x91, 0x8e, 0xf2, 0xff, 0x00, 0x00, 0xe0, 0xff, 0x0d, 0x03, 0xe2, 0xff, 0x09, 0x00, 0xe2, 0xff,
    0x09, 0x00, 0xe2, 0xff, 0x09, 0x00, 0xe2, 0xff, 0x09, 0x00, 0xe2, 0xff, 0x09, 0x00, 0xe2, 0xff,
    0x09, 0x00, 0xe2, 0xff, 0x09, 0x00, 0xe2, 0xff, 0x09, 0x00, 0xe2, 0xff, 0x09, 0x00, 0xe2, 0xff,
    0x09, 0x00, 0xe2, 0xff, 0x09, 0x00, 0xe2, 0xff, 0x09, 0x00, 0xe2, 0xff, 0x09, 0x00, 0xe2, 0xff,
    0x0d, 0x03, 0xe2, 0xff, 0x00, 0x00, 0xe0, 0xff, 0x89, 0x85, 0xf1, 0xff, 0xff, 0xff, 0xff, 0xff,
    0xfc, 0xfb, 0xff, 0xff, 0xff, 0xff, 0xff, 0xff, 0xff, 0xff, 0xff, 0xff, 0xff, 0xff, 0xff, 0xff,
    0xff, 0xff, 0xff, 0xff, 0xfe, 0xfe, 0xff, 0xff, 0xfe, 0xfe, 0xff, 0xff, 0xea, 0xe9, 0xfc, 0xff,
    0x19, 0x12, 0xe4, 0xff, 0x05, 0x01, 0xe2, 0xff, 0x0b, 0x02, 0xe2, 0xff, 0x07, 0x01, 0xe2, 0xff,
    0x0f, 0x09, 0xe3, 0xff, 0xdd, 0xdc, 0xfb, 0xff, 0xff, 0xfe, 0xff, 0xff, 0xfd, 0xfd, 0xff, 0xff,
    0xff, 0xff, 0xff, 0xff, 0xff, 0xff, 0xff, 0xff, 0xff, 0xff, 0xff, 0xff, 0xff, 0xff, 0xff, 0xff,
    0xfe, 0xfe, 0xff, 0xff, 0xfd, 0xfd, 0xff, 0xff, 0x3c, 0x35, 0xe8, 0xff, 0x02, 0x01, 0xe1, 0xff,
    0x0c, 0x04, 0xe2, 0xff, 0x07, 0x01, 0xe2, 0xff, 0x11, 0x0a, 0xe3, 0xff, 0xe0, 0xdf, 0xfb, 0xff,
    0xff, 0xfe, 0xff, 0xff, 0xfd, 0xfd, 0xff, 0xff, 0xff, 0xff, 0xff, 0xff, 0xff, 0xff, 0xff, 0xff,
    0xff, 0xff, 0xff, 0xff, 0xff, 0xff, 0xff, 0xff, 0xfc, 0xfc, 0xff, 0xff, 0xff, 0xff, 0xff, 0xff,
    0x7f, 0x7b, 0xf0, 0xff, 0x00, 0x00, 0xe0, 0xff, 0x0d, 0x04, 0xe2, 0xff, 0x09, 0x00, 0xe2, 0xff,
    0x09, 0x00, 0xe2, 0xff, 0x09, 0x00, 0xe2, 0xff, 0x09, 0x00, 0xe2, 0xff, 0x09, 0x00, 0xe2, 0xff,
    0x09, 0x00, 0xe2, 0xff, 0x09, 0x00, 0xe2, 0xff, 0x09, 0x00, 0xe2, 0xff, 0x09, 0x00, 0xe2, 0xff,
    0x09, 0x00, 0xe2, 0xff, 0x09, 0x00, 0xe2, 0xff, 0x09, 0x00, 0xe2, 0xff, 0x09, 0x00, 0xe2, 0xff,
    0x0d, 0x03, 0xe2, 0xff, 0x00, 0x00, 0xe0, 0xff, 0x86, 0x82, 0xf1, 0xff, 0xff, 0xff, 0xff, 0xff,
    0xfc, 0xfb, 0xff, 0xff, 0xff, 0xff, 0xff, 0xff, 0xff, 0xff, 0xff, 0xff, 0xff, 0xff, 0xff, 0xff,
    0xff, 0xff, 0xff, 0xff, 0xff, 0xff, 0xff, 0xff, 0xfe, 0xfe, 0xff, 0xff, 0xfc, 0xfc, 0xff, 0xff,
    0x39, 0x32, 0xe7, 0xff, 0x03, 0x00, 0xe1, 0xff, 0x03, 0x00, 0xe1, 0xff, 0x2c, 0x25, 0xe6, 0xff,
    0xfa, 0xfa, 0xff, 0xff, 0xfe, 0xfe, 0xff, 0xff, 0xfe, 0xfe, 0xff, 0xff, 0xff, 0xff, 0xff, 0xff,
    0xff, 0xff, 0xff, 0xff, 0xff, 0xff, 0xff, 0xff, 0xff, 0xff, 0xff, 0xff, 0xff, 0xff, 0xff, 0xff,
    0xff, 0xff, 0xff, 0xff, 0xff, 0xff, 0xff, 0xff, 0xfe, 0xfe, 0xff, 0xff, 0xfc, 0xfb, 0xff, 0xff,
    0xfc, 0xfb, 0xff, 0xff, 0xfc, 0xfb, 0xff, 0xff, 0xfc, 0xfb, 0xff, 0xff, 0xfc, 0xfb, 0xff, 0xff,
    0xfc, 0xfb, 0xff, 0xff, 0xfc, 0xfb, 0xff, 0xff, 0xfc, 0xfb, 0xff, 0xff, 0xfc, 0xfb, 0xff, 0xff,
    0xfc, 0xfb, 0xff, 0xff, 0xfc, 0xfb, 0xff, 0xff, 0xfc, 0xfb, 0xff, 0xff, 0xfc, 0xfb, 0xff, 0xff,
    0xfc, 0xfb, 0xff, 0xff, 0xfc, 0xfb, 0xff, 0xff, 0xfc, 0xfb, 0xff, 0xff, 0xfc, 0xfb, 0xff, 0xff,
    0xfc, 0xfb, 0xff, 0xff, 0xfc, 0xfb, 0xff, 0xff, 0xfc, 0xfb, 0xff, 0xff, 0xfc, 0xfb, 0xff, 0xff,
    0xfc, 0xfb, 0xff, 0xff, 0xfc, 0xfc, 0xff, 0xff, 0xf7, 0xf7, 0xff, 0xff, 0xff, 0xff, 0xff, 0xff,
    0x94, 0x90, 0xf3, 0xff, 0x00, 0x00, 0xe0, 0xff, 0x0d, 0x04, 0xe2, 0xff, 0x09, 0x00, 0xe2, 0xff,
    0x09, 0x00, 0xe2, 0xff, 0x09, 0x00, 0xe2, 0xff, 0x09, 0x00, 0xe2, 0xff, 0x09, 0x00, 0xe2, 0xff,
    0x09, 0x00, 0xe2, 0xff, 0x09, 0x00, 0xe2, 0xff, 0x09, 0x00, 0xe2, 0xff, 0x09, 0x00, 0xe2, 0xff,
    0x09, 0x00, 0xe2, 0xff, 0x09, 0x00, 0xe2, 0xff, 0x09, 0x00, 0xe2, 0xff, 0x09, 0x00, 0xe2, 0xff,
    0x09, 0x00, 0xe2, 0xff, 0x09, 0x00, 0xe2, 0xff, 0x09, 0x00, 0xe2, 0xff, 0x09, 0x00, 0xe2, 0xff,
    0x09, 0x00, 0xe2, 0xff, 0x09, 0x00, 0xe2, 0xff, 0x09, 0x00, 0xe2, 0xff, 0x09, 0x00, 0xe2, 0xff,
    0x09, 0x00, 0xe2, 0xff, 0x09, 0x00, 0xe2, 0xff, 0x09, 0x00, 0xe2, 0xff, 0x09, 0x00, 0xe2, 0xff,
    0x09, 0x00, 0xe2, 0xff, 0x09, 0x00, 0xe1, 0xfe, 0x09, 0x00, 0xe7, 0xff, 0x09, 0x00, 0xe1, 0xe1,
    0x09, 0x00, 0xe0, 0xc3, 0x09, 0x00, 0xea, 0xff, 0x09, 0x00, 0xe1, 0xfd, 0x09, 0x00, 0xe2, 0xff,
    0x09, 0x00, 0xe2, 0xff, 0x09, 0x00, 0xe2, 0xff, 0x09, 0x00, 0xe2, 0xff, 0x09, 0x00, 0xe2, 0xff,
    0x09, 0x00, 0xe2, 0xff, 0x09, 0x00, 0xe2, 0xff, 0x09, 0x00, 0xe2, 0xff, 0x09, 0x00, 0xe2, 0xff,
    0x09, 0x00, 0xe2, 0xff, 0x09, 0x00, 0xe2, 0xff, 0x09, 0x00, 0xe2, 0xff, 0x09, 0x00, 0xe2, 0xff,
    0x09, 0x00, 0xe2, 0xff, 0x09, 0x00, 0xe2, 0xff, 0x09, 0x00, 0xe2, 0xff, 0x09, 0x00, 0xe2, 0xff,
    0x09, 0x00, 0xe2, 0xff, 0x09, 0x00, 0xe2, 0xff, 0x09, 0x00, 0xe2, 0xff, 0x09, 0x00, 0xe2, 0xff,
    0x09, 0x00, 0xe2, 0xff, 0x09, 0x00, 0xe2, 0xff, 0x09, 0x00, 0xe2, 0xff, 0x09, 0x00, 0xe2, 0xff,
    0x09, 0x00, 0xe2, 0xff, 0x09, 0x00, 0xe2, 0xff, 0x09, 0x00, 0xe2, 0xff, 0x09, 0x00, 0xe2, 0xff,
    0x09, 0x00, 0xe2, 0xff, 0x09, 0x00, 0xe2, 0xff, 0x09, 0x00, 0xe2, 0xff, 0x0d, 0x03, 0xe2, 0xff,
    0x00, 0x00, 0xe0, 0xff, 0x93, 0x8f, 0xf2, 0xff, 0xff, 0xff, 0xff, 0xff, 0xfb, 0xfb, 0xff, 0xff,
    0xff, 0xff, 0xff, 0xff, 0xff, 0xff, 0xff, 0xff, 0xff, 0xff, 0xff, 0xff, 0xff, 0xff, 0xff, 0xff,
    0xfd, 0xfd, 0xff, 0xff, 0xfe, 0xfe, 0xff, 0xff, 0xd5, 0xd4, 0xfa, 0xff, 0x0b, 0x05, 0xe2, 0xff,
    0x07, 0x01, 0xe2, 0xff, 0x0e, 0x08, 0xe2, 0xff, 0xdb, 0xd9, 0xfb, 0xff, 0xfe, 0xfe, 0xff, 0xff,
    0xfd, 0xfd, 0xff, 0xff, 0xff, 0xff, 0xff, 0xff, 0xff, 0xff, 0xff, 0xff, 0xff, 0xff, 0xff, 0xff,
    0xff, 0xff, 0xff, 0xff, 0xfc, 0xfc, 0xff, 0xff, 0xff, 0xff, 0xff, 0xff, 0x6a, 0x65, 0xed, 0xff,
    0x00, 0x00, 0xe0, 0xff, 0x0d, 0x04, 0xe2, 0xff, 0x09, 0x00, 0xe2, 0xff, 0x09, 0x00, 0xe2, 0xff,
    0x09, 0x00, 0xe2, 0xff, 0x09, 0x00, 0xe2, 0xff, 0x09, 0x00, 0xe2, 0xff, 0x09, 0x00, 0xe2, 0xff,
    0x09, 0x00, 0xe2, 0xff, 0x09, 0x00, 0xe2, 0xff, 0x09, 0x00, 0xe2, 0xff, 0x09, 0x00, 0xe2, 0xff,
    0x09, 0x00, 0xe2, 0xff, 0x09, 0x00, 0xe2, 0xff, 0x09, 0x00, 0xe2, 0xff, 0x09, 0x00, 0xe2, 0xff,
    0x09, 0x00, 0xe2, 0xff, 0x09, 0x00, 0xe2, 0xff, 0x09, 0x00, 0xe2, 0xff, 0x0b, 0x02, 0xe2, 0xff,
    0x02, 0x01, 0xe1, 0xff, 0x31, 0x29, 0xe7, 0xff, 0xf9, 0xf9, 0xfe, 0xff, 0xfe, 0xfe, 0xff, 0xff,
    0xfe, 0xfe, 0xff, 0xff, 0xff, 0xff, 0xff, 0xff, 0xff, 0xff, 0xff, 0xff, 0xff, 0xff, 0xff, 0xff,
    0xff, 0xff, 0xff, 0xff, 0xfc, 0xfc, 0xff, 0xff, 0xff, 0xff, 0xff, 0xff, 0x5a, 0x53, 0xec, 0xff,
    0x00, 0x00, 0xe0, 0xff, 0x0d, 0x04, 0xe2, 0xff, 0x09, 0x00, 0xe2, 0xff, 0x09, 0x00, 0xe2, 0xff,
    0x09, 0x00, 0xe2, 0xff, 0x09, 0x00, 0xe2, 0xff, 0x09, 0x00, 0xe2, 0xff, 0x09, 0x00, 0xe2, 0xff,
    0x09, 0x00, 0xe2, 0xff, 0x09, 0x00, 0xe2, 0xff, 0x09, 0x00, 0xe2, 0xff, 0x09, 0x00, 0xe2, 0xff,
    0x09, 0x00, 0xe2, 0xff, 0x09, 0x00, 0xe2, 0xff, 0x09, 0x00, 0xe2, 0xff, 0x09, 0x00, 0xe2, 0xff,
    0x09, 0x00, 0xe2, 0xff, 0x09, 0x00, 0xe2, 0xff, 0x0a, 0x01, 0xe2, 0xff, 0x05, 0x01, 0xe1, 0xff,
    0x1b, 0x14, 0xe4, 0xff, 0xed, 0xec, 0xfd, 0xff, 0xfe, 0xfe, 0xff, 0xff, 0xfe, 0xfe, 0xff, 0xff,
    0xff, 0xff, 0xff, 0xff, 0xff, 0xff, 0xff, 0xff, 0xff, 0xff, 0xff, 0xff, 0xff, 0xff, 0xff, 0xff,
    0xfc, 0xfc, 0xff, 0xff, 0xff, 0xff, 0xff, 0xff, 0x5e, 0x58, 0xec, 0xff, 0x00, 0x00, 0xe0, 0xff,
    0x0d, 0x04, 0xe2, 0xff, 0x09, 0x00, 0xe2, 0xff, 0x09, 0x00, 0xe2, 0xff, 0x09, 0x00, 0xe2, 0xff,
    0x09, 0x00, 0xe2, 0xff, 0x09, 0x00, 0xe2, 0xff, 0x09, 0x00, 0xe2, 0xff, 0x09, 0x00, 0xe2, 0xff,
    0x09, 0x00, 0xe2, 0xff, 0x09, 0x00, 0xe2, 0xff, 0x09, 0x00, 0xe2, 0xff, 0x09, 0x00, 0xe2, 0xff,
    0x09, 0x00, 0xe2, 0xff, 0x09, 0x00, 0xe2, 0xff, 0x0d, 0x03, 0xe2, 0xff, 0x00, 0x00, 0xe0, 0xff,
    0x96, 0x93, 0xf3, 0xff, 0xff, 0xff, 0xff, 0xff, 0xfb, 0xfb, 0xff, 0xff, 0xff, 0xff, 0xff, 0xff,
    0xff, 0xff, 0xff, 0xff, 0xff, 0xff, 0xff, 0xff, 0xff, 0xff, 0xff, 0xff, 0xfc, 0xfb, 0xff, 0xff,
    0xff, 0xff, 0xff, 0xff, 0xa7, 0xa4, 0xf5, 0xff, 0x00, 0x00, 0xe0, 0xff, 0x0c, 0x03, 0xe2, 0xff,
    0x0c, 0x03, 0xe2, 0xff, 0x00, 0x00, 0xe0, 0xff, 0x55, 0x4e, 0xeb, 0xff, 0xff, 0xff, 0xff, 0xff,
    0xfd, 0xfc, 0xff, 0xff, 0xff, 0xff, 0xff, 0xff, 0xff, 0xff, 0xff, 0xff, 0xff, 0xff, 0xff, 0xff,
    0xff, 0xff, 0xff, 0xff, 0xfe, 0xfe, 0xff, 0xff, 0xfe, 0xfe, 0xff, 0xff, 0xf6, 0xf5, 0xfe, 0xff,
    0x29, 0x22, 0xe6, 0xff, 0x03, 0x01, 0xe1, 0xff, 0x0b, 0x02, 0xe2, 0xff, 0x09, 0x00, 0xe2, 0xff,
    0x09, 0x00, 0xe2, 0xff, 0x09, 0x00, 0xe2, 0xff, 0x09, 0x00, 0xe2, 0xff, 0x09, 0x00, 0xe2, 0xff,
    0x09, 0x00, 0xe2, 0xff, 0x09, 0x00, 0xe2, 0xff, 0x09, 0x00, 0xe2, 0xff, 0x09, 0x00, 0xe2, 0xff,
    0x09, 0x00, 0xe2, 0xff, 0x09, 0x00, 0xe2, 0xff, 0x09, 0x00, 0xe2, 0xff, 0x0a, 0x01, 0xe2, 0xff,
    0x06, 0x01, 0xe2, 0xff, 0x18, 0x11, 0xe4, 0xff, 0xe9, 0xe8, 0xfc, 0xff, 0xfe, 0xfe, 0xff, 0xff,
    0xfe, 0xfe, 0xff, 0xff, 0xff, 0xff, 0xff, 0xff, 0xff, 0xff, 0xff, 0xff, 0xff, 0xff, 0xff, 0xff,
    0xff, 0xff, 0xff, 0xff, 0xfc, 0xfb, 0xff, 0xff, 0xff, 0xff, 0xff, 0xff, 0x8c, 0x88, 0xf1, 0xff,
    0x00, 0x00, 0xe0, 0xff, 0x0d, 0x03, 0xe2, 0xff, 0x0d, 0x04, 0xe2, 0xff, 0x00, 0x00, 0xe0, 0xff,
    0x5f, 0x59, 0xec, 0xff, 0xff, 0xff, 0xff, 0xff, 0xfc, 0xfc, 0xff, 0xff, 0xff, 0xff, 0xff, 0xff,
    0xff, 0xff, 0xff, 0xff, 0xff, 0xff, 0xff, 0xff, 0xff, 0xff, 0xff, 0xff, 0xfc, 0xfc, 0xff, 0xff,
    0xff, 0xff, 0xff, 0xff, 0xbe, 0xbc, 0xf7, 0xff, 0x02, 0x00, 0xe1, 0xff, 0x0b, 0x02, 0xe2, 0xff,
    0x0d, 0x04, 0xe2, 0xff, 0x00, 0x00, 0xe0, 0xff, 0x61, 0x5b, 0xed, 0xff, 0xff, 0xff, 0xff, 0xff,
    0xfc, 0xfc, 0xff, 0xff, 0xff, 0xff, 0xff, 0xff, 0xff, 0xff, 0xff, 0xff, 0xff, 0xff, 0xff, 0xff,
    0xff, 0xff, 0xff, 0xff, 0xfe, 0xfe, 0xff, 0xff, 0xfe, 0xfe, 0xff, 0xff, 0xf2, 0xf1, 0xfe, 0xff,
    0x21, 0x1a, 0xe5, 0xff, 0x04, 0x00, 0xe1, 0xff, 0x0a, 0x02, 0xe2, 0xff, 0x09, 0x00, 0xe2, 0xff,
    0x09, 0x00, 0xe2, 0xff, 0x09, 0x00, 0xe2, 0xff, 0x09, 0x00, 0xe2, 0xff, 0x09, 0x00, 0xe2, 0xff,
    0x09, 0x00, 0xe2, 0xff, 0x09, 0x00, 0xe2, 0xff, 0x09, 0x00, 0xe2, 0xff, 0x09, 0x00, 0xe2, 0xff,
    0x09, 0x00, 0xe2, 0xff, 0x09, 0x00, 0xe2, 0xff, 0x09, 0x00, 0xe2, 0xff, 0x0a, 0x01, 0xe2, 0xff,
    0x06, 0x01, 0xe2, 0xff, 0x14, 0x0d, 0xe3, 0xff, 0xe5, 0xe4, 0xfc, 0xff, 0xff, 0xff, 0xff, 0xff,
    0xfd, 0xfd, 0xff, 0xff, 0xff, 0xff, 0xff, 0xff, 0xff, 0xff, 0xff, 0xff, 0xff, 0xff, 0xff, 0xff,
    0xff, 0xff, 0xff, 0xff, 0xfc, 0xfc, 0xff, 0xff, 0xff, 0xff, 0xff, 0xff, 0xbe, 0xbc, 0xf7, 0xff,
    0x03, 0x00, 0xe1, 0xff, 0x0e, 0x05, 0xe3, 0xff, 0x00, 0x00, 0xe0, 0xff, 0x59, 0x54, 0xec, 0xff,
    0xff, 0xff, 0xff, 0xff, 0xfc, 0xfc, 0xff, 0xff, 0xff, 0xff, 0xff, 0xff, 0xff, 0xff, 0xff, 0xff,
    0xff, 0xff, 0xff, 0xff, 0xff, 0xff, 0xff, 0xff, 0xff, 0xff, 0xff, 0xff, 0xff, 0xff, 0xff, 0xff,
    0xff, 0xff, 0xff, 0xff, 0xff, 0xff, 0xff, 0xff, 0xff, 0xff, 0xff, 0xff, 0xff, 0xff, 0xff, 0xff,
    0xff, 0xff, 0xff, 0xff, 0xff, 0xff, 0xff, 0xff, 0xff, 0xff, 0xff, 0xff, 0xff, 0xff, 0xff, 0xff,
    0xff, 0xff, 0xff, 0xff, 0xff, 0xff, 0xff, 0xff, 0xff, 0xff, 0xff, 0xff, 0xff, 0xff, 0xff, 0xff,
    0xff, 0xff, 0xff, 0xff, 0xff, 0xff, 0xff, 0xff, 0xff, 0xff, 0xff, 0xff, 0xff, 0xff, 0xff, 0xff,
    0xff, 0xff, 0xff, 0xff, 0xff, 0xff, 0xff, 0xff, 0xff, 0xff, 0xff, 0xff, 0xff, 0xff, 0xff, 0xff,
    0xff, 0xff, 0xff, 0xff, 0xff, 0xff, 0xff, 0xff, 0xff, 0xff, 0xff, 0xff, 0xff, 0xff, 0xff, 0xff,
    0xff, 0xff, 0xff, 0xff, 0xff, 0xff, 0xff, 0xff, 0xfc, 0xfb, 0xff, 0xff, 0xfe, 0xfe, 0xff, 0xff,
    0xad, 0xaa, 0xf5, 0xff, 0x00, 0x00, 0xe0, 0xff, 0x0c, 0x03, 0xe2, 0xff, 0x09, 0x00, 0xe2, 0xff,
    0x09, 0x00, 0xe2, 0xff, 0x09, 0x00, 0xe2, 0xff, 0x09, 0x00, 0xe2, 0xff, 0x09, 0x00, 0xe2, 0xff,
    0x09, 0x00, 0xe2, 0xff, 0x09, 0x00, 0xe2, 0xff, 0x09, 0x00, 0xe2, 0xff, 0x09, 0x00, 0xe2, 0xff,
    0x09, 0x00, 0xe2, 0xff, 0x09, 0x00, 0xe2, 0xff, 0x09, 0x00, 0xe2, 0xff, 0x09, 0x00, 0xe2, 0xff,
    0x09, 0x00, 0xe2, 0xff, 0x09, 0x00, 0xe2, 0xff, 0x09, 0x00, 0xe2, 0xff, 0x09, 0x00, 0xe2, 0xff,
    0x09, 0x00, 0xe2, 0xff, 0x09, 0x00, 0xe2, 0xff, 0x09, 0x00, 0xe2, 0xff, 0x09, 0x00, 0xe2, 0xff,
    0x09, 0x00, 0xe2, 0xff, 0x09, 0x00, 0xe2, 0xff, 0x09, 0x00, 0xe2, 0xff, 0x09, 0x00, 0xe2, 0xff,
    0x09, 0x00, 0xe2, 0xff, 0x09, 0x00, 0xe1, 0xfd, 0x09, 0x00, 0xea, 0xff, 0x09, 0x00, 0xe2, 0xc2,
    0x08, 0x00, 0xe2, 0x8f, 0x09, 0x00, 0xed, 0xff, 0x09, 0x00, 0xe2, 0xfc, 0x09, 0x00, 0xe2, 0xff,
    0x09, 0x00, 0xe2, 0xff, 0x09, 0x00, 0xe2, 0xff, 0x09, 0x00, 0xe2, 0xff, 0x09, 0x00, 0xe2, 0xff,
    0x09, 0x00, 0xe2, 0xff, 0x09, 0x00, 0xe2, 0xff, 0x09, 0x00, 0xe2, 0xff, 0x09, 0x00, 0xe2, 0xff,
    0x09, 0x00, 0xe2, 0xff, 0x09, 0x00, 0xe2, 0xff, 0x09, 0x00, 0xe2, 0xff, 0x09, 0x00, 0xe2, 0xff,
    0x09, 0x00, 0xe2, 0xff, 0x09, 0x00, 0xe2, 0xff, 0x09, 0x00, 0xe2, 0xff, 0x09, 0x00, 0xe2, 0xff,
    0x09, 0x00, 0xe2, 0xff, 0x09, 0x00, 0xe2, 0xff, 0x09, 0x00, 0xe2, 0xff, 0x09, 0x00, 0xe2, 0xff,
    0x09, 0x00, 0xe2, 0xff, 0x09, 0x00, 0xe2, 0xff, 0x09, 0x00, 0xe2, 0xff, 0x09, 0x00, 0xe2, 0xff,
    0x09, 0x00, 0xe2, 0xff, 0x09, 0x00, 0xe2, 0xff, 0x09, 0x00, 0xe2, 0xff, 0x09, 0x00, 0xe2, 0xff,
    0x09, 0x00, 0xe2, 0xff, 0x09, 0x00, 0xe2, 0xff, 0x0a, 0x01, 0xe2, 0xff, 0x05, 0x00, 0xe1, 0xff,
    0x1a, 0x13, 0xe4, 0xff, 0xeb, 0xea, 0xfd, 0xff, 0xff, 0xff, 0xff, 0xff, 0xfe, 0xfe, 0xff, 0xff,
    0xff, 0xff, 0xff, 0xff, 0xff, 0xff, 0xff, 0xff, 0xff, 0xff, 0xff, 0xff, 0xff, 0xff, 0xff, 0xff,
    0xfc, 0xfc, 0xff, 0xff, 0xff, 0xff, 0xff, 0xff, 0x6d, 0x68, 0xee, 0xff, 0x00, 0x00, 0xe0, 0xff,
    0x00, 0x00, 0xe1, 0xff, 0x60, 0x5a, 0xec, 0xff, 0xff, 0xff, 0xff, 0xff, 0xfc, 0xfc, 0xff, 0xff,
    0xff, 0xff, 0xff, 0xff, 0xff, 0xff, 0xff, 0xff, 0xff, 0xff, 0xff, 0xff, 0xff, 0xff, 0xff, 0xff,
    0xfd, 0xfd, 0xff, 0xff, 0xfe, 0xfe, 0xff, 0xff, 0xe3, 0xe2, 0xfc, 0xff, 0x13, 0x0c, 0xe3, 0xff,
    0x07, 0x01, 0xe2, 0xff, 0x0a, 0x01, 0xe2, 0xff, 0x09, 0x00, 0xe2, 0xff, 0x09, 0x00, 0xe2, 0xff,
    0x09, 0x00, 0xe2, 0xff, 0x09, 0x00, 0xe2, 0xff, 0x09, 0x00, 0xe2, 0xff, 0x09, 0x00, 0xe2, 0xff,
    0x09, 0x00, 0xe2, 0xff, 0x09, 0x00, 0xe2, 0xff, 0x09, 0x00, 0xe2, 0xff, 0x09, 0x00, 0xe2, 0xff,
    0x09, 0x00, 0xe2, 0xff, 0x09, 0x00, 0xe2, 0xff, 0x09, 0x00, 0xe2, 0xff, 0x09, 0x00, 0xe2, 0xff,
    0x09, 0x00, 0xe2, 0xff, 0x09, 0x00, 0xe2, 0xff, 0x09, 0x00, 0xe2, 0xff, 0x0d, 0x03, 0xe2, 0xff,
    0x00, 0x00, 0xe0, 0xff, 0x97, 0x94, 0xf3, 0xff, 0xff, 0xff, 0xff, 0xff, 0xfb, 0xfb, 0xff, 0xff,
    0xff, 0xff, 0xff, 0xff, 0xff, 0xff, 0xff, 0xff, 0xff, 0xff, 0xff, 0xff, 0xff, 0xff, 0xff, 0xff,
    0xfd, 0xfd, 0xff, 0xff, 0xfe, 0xfe, 0xff, 0xff, 0xd9, 0xd8, 0xfa, 0xff, 0x0c, 0x07, 0xe2, 0xff,
    0x08, 0x01, 0xe2, 0xff, 0x0a, 0x01, 0xe2, 0xff, 0x09, 0x00, 0xe2, 0xff, 0x09, 0x00, 0xe2, 0xff,
    0x09, 0x00, 0xe2, 0xff, 0x09, 0x00, 0xe2, 0xff, 0x09, 0x00, 0xe2, 0xff, 0x09, 0x00, 0xe2, 0xff,
    0x09, 0x00, 0xe2, 0xff, 0x09, 0x00, 0xe2, 0xff, 0x09, 0x00, 0xe2, 0xff, 0x09, 0x00, 0xe2, 0xff,
    0x09, 0x00, 0xe2, 0xff, 0x09, 0x00, 0xe2, 0xff, 0x09, 0x00, 0xe2, 0xff, 0x09, 0x00, 0xe2, 0xff,
    0x09, 0x00, 0xe2, 0xff, 0x09, 0x00, 0xe2, 0xff, 0x0d, 0x04, 0xe2, 0xff, 0x00, 0x00, 0xe0, 0xff,
    0x78, 0x73, 0xef, 0xff, 0xff, 0xff, 0xff, 0xff, 0xfc, 0xfc, 0xff, 0xff, 0xff, 0xff, 0xff, 0xff,
    0xff, 0xff, 0xff, 0xff, 0xff, 0xff, 0xff, 0xff, 0xff, 0xff, 0xff, 0xff, 0xfd, 0xfd, 0xff, 0xff,
    0xff, 0xff, 0xff, 0xff, 0xe3, 0xe2, 0xfc, 0xff, 0x12, 0x0c, 0xe3, 0xff, 0x06, 0x00, 0xe2, 0xff,
    0x0a, 0x01, 0xe2, 0xff, 0x09, 0x00, 0xe2, 0xff, 0x09, 0x00, 0xe2, 0xff, 0x09, 0x00, 0xe2, 0xff,
    0x09, 0x00, 0xe2, 0xff, 0x09, 0x00, 0xe2, 0xff, 0x09, 0x00, 0xe2, 0xff, 0x09, 0x00, 0xe2, 0xff,
    0x09, 0x00, 0xe2, 0xff, 0x09, 0x00, 0xe2, 0xff, 0x09, 0x00, 0xe2, 0xff, 0x09, 0x00, 0xe2, 0xff,
    0x09, 0x00, 0xe2, 0xff, 0x0a, 0x01, 0xe2, 0xff, 0x05, 0x01, 0xe1, 0xff, 0x1f, 0x18, 0xe5, 0xff,
    0xf0, 0xef, 0xfd, 0xff, 0xfe, 0xfe, 0xff, 0xff, 0xfe, 0xfe, 0xff, 0xff, 0xff, 0xff, 0xff, 0xff,
    0xff, 0xff, 0xff, 0xff, 0xff, 0xff, 0xff, 0xff, 0xff, 0xff, 0xff, 0xff, 0xfe, 0xfe, 0xff, 0xff,
    0xfd, 0xfc, 0xff, 0xff, 0x3b, 0x34, 0xe8, 0xff, 0x01, 0x01, 0xe1, 0xff, 0x0c, 0x03, 0xe2, 0xff,
    0x0a, 0x02, 0xe2, 0xff, 0x03, 0x00, 0xe1, 0xff, 0xbf, 0xbd, 0xf7, 0xff, 0xff, 0xff, 0xff, 0xff,
    0xfc, 0xfc, 0xff, 0xff, 0xff, 0xff, 0xff, 0xff, 0xff, 0xff, 0xff, 0xff, 0xff, 0xff, 0xff, 0xff,
    0xff, 0xff, 0xff, 0xff, 0xfb, 0xfb, 0xff, 0xff, 0xff, 0xff, 0xff, 0xff, 0xa4, 0xa0, 0xf4, 0xff,
    0x00, 0x00, 0xe0, 0xff, 0x0c, 0x03, 0xe2, 0xff, 0x09, 0x00, 0xe2, 0xff, 0x09, 0x00, 0xe2, 0xff,
    0x09, 0x00, 0xe2, 0xff, 0x09, 0x00, 0xe2, 0xff, 0x09, 0x00, 0xe2, 0xff, 0x09, 0x00, 0xe2, 0xff,
    0x09, 0x00, 0xe2, 0xff, 0x09, 0x00, 0xe2, 0xff, 0x09, 0x00, 0xe2, 0xff, 0x09, 0x00, 0xe2, 0xff,
    0x09, 0x00, 0xe2, 0xff, 0x09, 0x00, 0xe2, 0xff, 0x09, 0x00, 0xe2, 0xff, 0x0d, 0x04, 0xe2, 0xff,
    0x00, 0x00, 0xe0, 0xff, 0x73, 0x6e, 0xef, 0xff, 0xff, 0xff, 0xff, 0xff, 0xfc, 0xfc, 0xff, 0xff,
    0xff, 0xff, 0xff, 0xff, 0xff, 0xff, 0xff, 0xff, 0xff, 0xff, 0xff, 0xff, 0xff, 0xff, 0xff, 0xff,
    0xfe, 0xfe, 0xff, 0xff, 0xfe, 0xfe, 0xff, 0xff, 0xf5, 0xf5, 0xfe, 0xff, 0x28, 0x20, 0xe6, 0xff,
    0x04, 0x01, 0xe1, 0xff, 0x0b, 0x02, 0xe2, 0xff, 0x0a, 0x02, 0xe2, 0xff, 0x06, 0x02, 0xe2, 0xff,
    0xc9, 0xc8, 0xf9, 0xff, 0xff, 0xfe, 0xff, 0xff, 0xfc, 0xfc, 0xff, 0xff, 0xff, 0xff, 0xff, 0xff,
    0xff, 0xff, 0xff, 0xff, 0xff, 0xff, 0xff, 0xff, 0xff, 0xff, 0xff, 0xff, 0xfd, 0xfd, 0xff, 0xff,
    0xff, 0xff, 0xff, 0xff, 0x54, 0x4d, 0xeb, 0xff, 0x00, 0x00, 0xe0, 0xff, 0x0d, 0x04, 0xe2, 0xff,
    0x0a, 0x02, 0xe2, 0xff, 0x06, 0x01, 0xe2, 0xff, 0xc8, 0xc7, 0xf9, 0xff, 0xff, 0xfe, 0xff, 0xff,
    0xfc, 0xfc, 0xff, 0xff, 0xff, 0xff, 0xff, 0xff, 0xff, 0xff, 0xff, 0xff, 0xff, 0xff, 0xff, 0xff,
    0xff, 0xff, 0xff, 0xff, 0xfb, 0xfb, 0xff, 0xff, 0xff, 0xff, 0xff, 0xff, 0x9e, 0x9b, 0xf3, 0xff,
    0x00, 0x00, 0xe0, 0xff, 0x0c, 0x03, 0xe2, 0xff, 0x09, 0x00, 0xe2, 0xff, 0x09, 0x00, 0xe2, 0xff,
    0x09, 0x00, 0xe2, 0xff, 0x09, 0x00, 0xe2, 0xff, 0x09, 0x00, 0xe2, 0xff, 0x09, 0x00, 0xe2, 0xff,
    0x09, 0x00, 0xe2, 0xff, 0x09, 0x00, 0xe2, 0xff, 0x09, 0x00, 0xe2, 0xff, 0x09, 0x00, 0xe2, 0xff,
    0x09, 0x00, 0xe2, 0xff, 0x09, 0x00, 0xe2, 0xff, 0x09, 0x00, 0xe2, 0xff, 0x0d, 0x04, 0xe2, 0xff,
    0x00, 0x00, 0xe0, 0xff, 0x68, 0x63, 0xed, 0xff, 0xff, 0xff, 0xff, 0xff, 0xfc, 0xfc, 0xff, 0xff,
    0xff, 0xff, 0xff, 0xff, 0xff, 0xff, 0xff, 0xff, 0xff, 0xff, 0xff, 0xff, 0xff, 0xff, 0xff, 0xff,
    0xff, 0xff, 0xff, 0xff, 0xfc, 0xfc, 0xff, 0xff, 0xff, 0xff, 0xff, 0xff, 0x58, 0x52, 0xeb, 0xff,
    0x00, 0x00, 0xe0, 0xff, 0x10, 0x07, 0xe3, 0xff, 0x00, 0x00, 0xe0, 0xff, 0x5f, 0x59, 0xec, 0xff,
    0xff, 0xff, 0xff, 0xff, 0xfb, 0xfb, 0xff, 0xff, 0xff, 0xff, 0xff, 0xff, 0xff, 0xff, 0xff, 0xff,
    0xff, 0xff, 0xff, 0xff, 0xff, 0xff, 0xff, 0xff, 0xff, 0xff, 0xff, 0xff, 0xff, 0xff, 0xff, 0xff,
    0xff, 0xff, 0xff, 0xff, 0xff, 0xff, 0xff, 0xff, 0xff, 0xff, 0xff, 0xff, 0xff, 0xff, 0xff, 0xff,
    0xff, 0xff, 0xff, 0xff, 0xff, 0xff, 0xff, 0xff, 0xff, 0xff, 0xff, 0xff, 0xff, 0xff, 0xff, 0xff,
    0xff, 0xff, 0xff, 0xff, 0xff, 0xff, 0xff, 0xff, 0xff, 0xff, 0xff, 0xff, 0xff, 0xff, 0xff, 0xff,
    0xff, 0xff, 0xff, 0xff, 0xff, 0xff, 0xff, 0xff, 0xff, 0xff, 0xff, 0xff, 0xff, 0xff, 0xff, 0xff,
    0xff, 0xff, 0xff, 0xff, 0xff, 0xff, 0xff, 0xff, 0xff, 0xff, 0xff, 0xff, 0xff, 0xff, 0xff, 0xff,
    0xff, 0xff, 0xff, 0xff, 0xff, 0xff, 0xff, 0xff, 0xff, 0xff, 0xff, 0xff, 0xff, 0xff, 0xff, 0xff,
    0xff, 0xff, 0xff, 0xff, 0xff, 0xff, 0xff, 0xff, 0xfb, 0xfb, 0xff, 0xff, 0xff, 0xff, 0xff, 0xff,
    0x95, 0x92, 0xf3, 0xff, 0x00, 0x00, 0xe0, 0xff, 0x0d, 0x04, 0xe2, 0xff, 0x09, 0x00, 0xe2, 0xff,
    0x09, 0x00, 0xe2, 0xff, 0x09, 0x00, 0xe2, 0xff, 0x09, 0x00, 0xe2, 0xff, 0x09, 0x00, 0xe2, 0xff,
    0x09, 0x00, 0xe2, 0xff, 0x09, 0x00, 0xe2, 0xff, 0x09, 0x00, 0xe2, 0xff, 0x09, 0x00, 0xe2, 0xff,
    0x09, 0x00, 0xe2, 0xff, 0x09, 0x00, 0xe2, 0xff, 0x09, 0x00, 0xe2, 0xff, 0x09, 0x00, 0xe2, 0xff,
    0x09, 0x00, 0xe2, 0xff, 0x09, 0x00, 0xe2, 0xff, 0x09, 0x00, 0xe2, 0xff, 0x09, 0x00, 0xe2, 0xff,
    0x09, 0x00, 0xe2, 0xff, 0x09, 0x00, 0xe2, 0xff, 0x09, 0x00, 0xe2, 0xff, 0x09, 0x00, 0xe2, 0xff,
    0x09, 0x00, 0xe2, 0xff, 0x09, 0x00, 0xe2, 0xff, 0x09, 0x00, 0xe2, 0xff, 0x09, 0x00, 0xe2, 0xff,
    0x09, 0x00, 0xe2, 0xff, 0x09, 0x00, 0xe2, 0xfc, 0x09, 0x00, 0xed, 0xff, 0x08, 0x00, 0xe0, 0x8f,
    0x0a, 0x00, 0xe1, 0x46, 0x09, 0x00, 0xe6, 0xff, 0x09, 0x00, 0xe1, 0xfe, 0x09, 0x00, 0xe2, 0xff,
    0x09, 0x00, 0xe2, 0xff, 0x09, 0x00, 0xe2, 0xff, 0x09, 0x00, 0xe2, 0xff, 0x09, 0x00, 0xe2, 0xff,
    0x09, 0x00, 0xe2, 0xff, 0x09, 0x00, 0xe2, 0xff, 0x09, 0x00, 0xe2, 0xff, 0x09, 0x00, 0xe2, 0xff,
    0x09, 0x00, 0xe2, 0xff, 0x09, 0x00, 0xe2, 0xff, 0x09, 0x00, 0xe2, 0xff, 0x09, 0x00, 0xe2, 0xff,
    0x09, 0x00, 0xe2, 0xff, 0x09, 0x00, 0xe2, 0xff, 0x09, 0x00, 0xe2, 0xff, 0x09, 0x00, 0xe2, 0xff,
    0x09, 0x00, 0xe2, 0xff, 0x09, 0x00, 0xe2, 0xff, 0x09, 0x00, 0xe2, 0xff, 0x09, 0x00, 0xe2, 0xff,
    0x09, 0x00, 0xe2, 0xff, 0x09, 0x00, 0xe2, 0xff, 0x09, 0x00, 0xe2, 0xff, 0x09, 0x00, 0xe2, 0xff,
    0x09, 0x00, 0xe2, 0xff, 0x09, 0x00, 0xe2, 0xff, 0x09, 0x00, 0xe2, 0xff, 0x09, 0x00, 0xe2, 0xff,
    0x09, 0x00, 0xe2, 0xff, 0x09, 0x00, 0xe2, 0xff, 0x0d, 0x04, 0xe2, 0xff, 0x00, 0x00, 0xe0, 0xff,
    0x72, 0x6c, 0xef, 0xff, 0xff, 0xff, 0xff, 0xff, 0xfc, 0xfc, 0xff, 0xff, 0xff, 0xff, 0xff, 0xff,
    0xff, 0xff, 0xff, 0xff, 0xff, 0xff, 0xff, 0xff, 0xff, 0xff, 0xff, 0xff, 0xfe, 0xfd, 0xff, 0xff,
    0xff, 0xff, 0xff, 0xff, 0xe6, 0xe6, 0xfc, 0xff, 0x16, 0x0f, 0xe4, 0xff, 0x06, 0x01, 0xe2, 0xff,
    0x07, 0x03, 0xe2, 0xff, 0xcd, 0xcb, 0xf9, 0xff, 0xff, 0xff, 0xff, 0xff, 0xfc, 0xfc, 0xff, 0xff,
    0xff, 0xff, 0xff, 0xff, 0xff, 0xff, 0xff, 0xff, 0xff, 0xff, 0xff, 0xff, 0xff, 0xff, 0xff, 0xff,
    0xfc, 0xfc, 0xff, 0xff, 0xff, 0xff, 0xff, 0xff, 0x80, 0x7c, 0xf0, 0xff, 0x00, 0x00, 0xe0, 0xff,
    0x0d, 0x04, 0xe2, 0xff, 0x09, 0x00, 0xe2, 0xff, 0x09, 0x00, 0xe2, 0xff, 0x09, 0x00, 0xe2, 0xff,
    0x09, 0x00, 0xe2, 0xff, 0x09, 0x00, 0xe2, 0xff, 0x09, 0x00, 0xe2, 0xff, 0x09, 0x00, 0xe2, 0xff,
    0x09, 0x00, 0xe2, 0xff, 0x09, 0x00, 0xe2, 0xff, 0x09, 0x00, 0xe2, 0xff, 0x09, 0x00, 0xe2, 0xff,
    0x09, 0x00, 0xe2, 0xff, 0x09, 0x00, 0xe2, 0xff, 0x09, 0x00, 0xe2, 0xff, 0x09, 0x00, 0xe2, 0xff,
    0x09, 0x00, 0xe2, 0xff, 0x09, 0x00, 0xe2, 0xff, 0x0a, 0x01, 0xe2, 0xff, 0x04, 0x01, 0xe1, 0xff,
    0x1f, 0x18, 0xe5, 0xff, 0xef, 0xef, 0xfd, 0xff, 0xfe, 0xfe, 0xff, 0xff, 0xfe, 0xfe, 0xff, 0xff,
    0xff, 0xff, 0xff, 0xff, 0xff, 0xff, 0xff, 0xff, 0xff, 0xff, 0xff, 0xff, 0xff, 0xff, 0xff, 0xff,
    0xfc, 0xfc, 0xff, 0xff, 0xff, 0xff, 0xff, 0xff, 0x71, 0x6d, 0xee, 0xff, 0x00, 0x00, 0xe0, 0xff,
    0x0d, 0x04, 0xe2, 0xff, 0x09, 0x00, 0xe2, 0xff, 0x09, 0x00, 0xe2, 0xff, 0x09, 0x00, 0xe2, 0xff,
    0x09, 0x00, 0xe2, 0xff, 0x09, 0x00, 0xe2, 0xff, 0x09, 0x00, 0xe2, 0xff, 0x09, 0x00, 0xe2, 0xff,
    0x09, 0x00, 0xe2, 0xff, 0x09, 0x00, 0xe2, 0xff, 0x09, 0x00, 0xe2, 0xff, 0x09, 0x00, 0xe2, 0xff,
    0x09, 0x00, 0xe2, 0xff, 0x09, 0x00, 0xe2, 0xff, 0x09, 0x00, 0xe2, 0xff, 0x09, 0x00, 0xe2, 0xff,
    0x09, 0x00, 0xe2, 0xff, 0x0a, 0x01, 0xe2, 0xff, 0x07, 0x01, 0xe2, 0xff, 0x0f, 0x09, 0xe3, 0xff,
    0xdd, 0xdc, 0xfb, 0xff, 0xfe, 0xfe, 0xff, 0xff, 0xfd, 0xfd, 0xff, 0xff, 0xff, 0xff, 0xff, 0xff,
    0xff, 0xff, 0xff, 0xff, 0xff, 0xff, 0xff, 0xff, 0xff, 0xff, 0xff, 0xff, 0xfb, 0xfb, 0xff, 0xff,
    0xff, 0xff, 0xff, 0xff, 0x89, 0x86, 0xf1, 0xff, 0x00, 0x00, 0xe0, 0xff, 0x0d, 0x03, 0xe2, 0xff,
    0x09, 0x00, 0xe2, 0xff, 0x09, 0x00, 0xe2, 0xff, 0x09, 0x00, 0xe2, 0xff, 0x09, 0x00, 0xe2, 0xff,
    0x09, 0x00, 0xe2, 0xff, 0x09, 0x00, 0xe2, 0xff, 0x09, 0x00, 0xe2, 0xff, 0x09, 0x00, 0xe2, 0xff,
    0x09, 0x00, 0xe2, 0xff, 0x09, 0x00, 0xe2, 0xff, 0x09, 0x00, 0xe2, 0xff, 0x09, 0x00, 0xe2, 0xff,
    0x09, 0x00, 0xe2, 0xff, 0x0d, 0x03, 0xe2, 0xff, 0x00, 0x00, 0xe0, 0xff, 0x80, 0x7c, 0xf0, 0xff,
    0xff, 0xff, 0xff, 0xff, 0xfc, 0xfc, 0xff, 0xff, 0xff, 0xff, 0xff, 0xff, 0xff, 0xff, 0xff, 0xff,
    0xff, 0xff, 0xff, 0xff, 0xff, 0xff, 0xff, 0xff, 0xfc, 0xfc, 0xff, 0xff, 0xff, 0xff, 0xff, 0xff,
    0xbb, 0xb9, 0xf7, 0xff, 0x02, 0x00, 0xe1, 0xff, 0x0b, 0x02, 0xe2, 0xff, 0x0c, 0x03, 0xe2, 0xff,
    0x01, 0x01, 0xe1, 0xff, 0x3d, 0x36, 0xe8, 0xff, 0xfd, 0xfd, 0xff, 0xff, 0xfd, 0xfd, 0xff, 0xff,
    0xff, 0xff, 0xff, 0xff, 0xff, 0xff, 0xff, 0xff, 0xff, 0xff, 0xff, 0xff, 0xff, 0xff, 0xff, 0xff,
    0xff, 0xff, 0xff, 0xff, 0xfe, 0xfe, 0xff, 0xff, 0xfc, 0xfb, 0xff, 0xff, 0x37, 0x30, 0xe8, 0xff,
    0x02, 0x01, 0xe1, 0xff, 0x0b, 0x03, 0xe2, 0xff, 0x09, 0x00, 0xe2, 0xff, 0x09, 0x00, 0xe2, 0xff,
    0x09, 0x00, 0xe2, 0xff, 0x09, 0x00, 0xe2, 0xff, 0x09, 0x00, 0xe2, 0xff, 0x09, 0x00, 0xe2, 0xff,
    0x09, 0x00, 0xe2, 0xff, 0x09, 0x00, 0xe2, 0xff, 0x09, 0x00, 0xe2, 0xff, 0x09, 0x00, 0xe2, 0xff,
    0x09, 0x00, 0xe2, 0xff, 0x09, 0x00, 0xe2, 0xff, 0x0a, 0x01, 0xe2, 0xff, 0x08, 0x01, 0xe2, 0xff,
    0x0d, 0x08, 0xe2, 0xff, 0xdb, 0xd9, 0xfb, 0xff, 0xfe, 0xfe, 0xff, 0xff, 0xfd, 0xfd, 0xff, 0xff,
    0xff, 0xff, 0xff, 0xff, 0xff, 0xff, 0xff, 0xff, 0xff, 0xff, 0xff, 0xff, 0xff, 0xff, 0xff, 0xff,
    0xfb, 0xfb, 0xff, 0xff, 0xff, 0xff, 0xff, 0xff, 0xa3, 0xa0, 0xf4, 0xff, 0x00, 0x00, 0xe0, 0xff,
    0x0c, 0x03, 0xe2, 0xff, 0x0c, 0x03, 0xe2, 0xff, 0x00, 0x00, 0xe0, 0xff, 0x48, 0x41, 0xea, 0xff,
    0xff, 0xff, 0xff, 0xff, 0xfd, 0xfd, 0xff, 0xff, 0xff, 0xff, 0xff, 0xff, 0xff, 0xff, 0xff, 0xff,
    0xff, 0xff, 0xff, 0xff, 0xff, 0xff, 0xff, 0xff, 0xfd, 0xfd, 0xff, 0xff, 0xfe, 0xff, 0xff, 0xff,
    0xd5, 0xd3, 0xfa, 0xff, 0x0a, 0x05, 0xe2, 0xff, 0x08, 0x01, 0xe2, 0xff, 0x0c, 0x03, 0xe2, 0xff,
    0x01, 0x00, 0xe1, 0xff, 0x44, 0x3d, 0xe9, 0xff, 0xff, 0xff, 0xff, 0xff, 0xfd, 0xfd, 0xff, 0xff,
    0xff, 0xff, 0xff, 0xff, 0xff, 0xff, 0xff, 0xff, 0xff, 0xff, 0xff, 0xff, 0xff, 0xff, 0xff, 0xff,
    0xff, 0xff, 0xff, 0xff, 0xfe, 0xfe, 0xff, 0xff, 0xfc, 0xfc, 0xff, 0xff, 0x38, 0x30, 0xe8, 0xff,
    0x02, 0x01, 0xe1, 0xff, 0x0c, 0x03, 0xe2, 0xff, 0x09, 0x00, 0xe2, 0xff, 0x09, 0x00, 0xe2, 0xff,
    0x09, 0x00, 0xe2, 0xff, 0x09, 0x00, 0xe2, 0xff, 0x09, 0x00, 0xe2, 0xff, 0x09, 0x00, 0xe2, 0xff,
    0x09, 0x00, 0xe2, 0xff, 0x09, 0x00, 0xe2, 0xff, 0x09, 0x00, 0xe2, 0xff, 0x09, 0x00, 0xe2, 0xff,
    0x09, 0x00, 0xe2, 0xff, 0x09, 0x00, 0xe2, 0xff, 0x09, 0x00, 0xe2, 0xff, 0x09, 0x01, 0xe2, 0xff,
    0x08, 0x03, 0xe2, 0xff, 0xcf, 0xcd, 0xfa, 0xff, 0xff, 0xfe, 0xff, 0xff, 0xfc, 0xfc, 0xff, 0xff,
    0xff, 0xff, 0xff, 0xff, 0xff, 0xff, 0xff, 0xff, 0xff, 0xff, 0xff, 0xff, 0xff, 0xff, 0xff, 0xff,
    0xfd, 0xfd, 0xff, 0xff, 0xff, 0xff, 0xff, 0xff, 0xdb, 0xda, 0xfb, 0xff, 0x0d, 0x07, 0xe2, 0xff,
    0x08, 0x01, 0xe2, 0xff, 0x0c, 0x03, 0xe2, 0xff, 0x03, 0x00, 0xe1, 0xff, 0x2c, 0x25, 0xe6, 0xff,
    0xfd, 0xfd, 0xff, 0xff, 0xff, 0xff, 0xff, 0xff, 0xfc, 0xfc, 0xff, 0xff, 0xfc, 0xfc, 0xff, 0xff,
    0xfc, 0xfc, 0xff, 0xff, 0xfc, 0xfc, 0xff, 0xff, 0xfc, 0xfc, 0xff, 0xff, 0xfc, 0xfc, 0xff, 0xff,
    0xfc, 0xfc, 0xff, 0xff, 0xfc, 0xfc, 0xff, 0xff, 0xfc, 0xfc, 0xff, 0xff, 0xfc, 0xfc, 0xff, 0xff,
    0xfc, 0xfc, 0xff, 0xff, 0xfc, 0xfc, 0xff, 0xff, 0xfc, 0xfc, 0xff, 0xff, 0xfc, 0xfc, 0xff, 0xff,
    0xfc, 0xfc, 0xff, 0xff, 0xfc, 0xfc, 0xff, 0xff, 0xfc, 0xfc, 0xff, 0xff, 0xfc, 0xfc, 0xff, 0xff,
    0xfc, 0xfc, 0xff, 0xff, 0xfc, 0xfc, 0xff, 0xff, 0xfc, 0xfc, 0xff, 0xff, 0xfc, 0xfc, 0xff, 0xff,
    0xfc, 0xfc, 0xff, 0xff, 0xfe, 0xfe, 0xff, 0xff, 0xff, 0xff, 0xff, 0xff, 0xff, 0xff, 0xff, 0xff,
    0xff, 0xff, 0xff, 0xff, 0xff, 0xff, 0xff, 0xff, 0xff, 0xff, 0xff, 0xff, 0xff, 0xff, 0xff, 0xff,
    0xff, 0xff, 0xff, 0xff, 0xff, 0xff, 0xff, 0xff, 0xfd, 0xfd, 0xff, 0xff, 0xff, 0xff, 0xff, 0xff,
    0x4e, 0x48, 0xea, 0xff, 0x00, 0x00, 0xe0, 0xff, 0x0c, 0x03, 0xe2, 0xff, 0x09, 0x00, 0xe2, 0xff,
    0x09, 0x00, 0xe2, 0xff, 0x09, 0x00, 0xe2, 0xff, 0x09, 0x00, 0xe2, 0xff, 0x09, 0x00, 0xe2, 0xff,
    0x09, 0x00, 0xe2, 0xff, 0x09, 0x00, 0xe2, 0xff, 0x09, 0x00, 0xe2, 0xff, 0x09, 0x00, 0xe2, 0xff,
    0x09, 0x00, 0xe2, 0xff, 0x09, 0x00, 0xe2, 0xff, 0x09, 0x00, 0xe2, 0xff, 0x09, 0x00, 0xe2, 0xff,
    0x09, 0x00, 0xe2, 0xff, 0x09, 0x00, 0xe2, 0xff, 0x09, 0x00, 0xe2, 0xff, 0x09, 0x00, 0xe2, 0xff,
    0x09, 0x00, 0xe2, 0xff, 0x09, 0x00, 0xe2, 0xff, 0x09, 0x00, 0xe2, 0xff, 0x09, 0x00, 0xe2, 0xff,
    0x09, 0x00, 0xe2, 0xff, 0x09, 0x00, 0xe2, 0xff, 0x09, 0x00, 0xe2, 0xff, 0x09, 0x00, 0xe2, 0xff,
    0x09, 0x00, 0xe2, 0xff, 0x09, 0x00, 0xe1, 0xfe, 0x09, 0x00, 0xe6, 0xff, 0x0a, 0x00, 0xe1, 0x46,
    0x00, 0x00, 0xdf, 0x08, 0x09, 0x00, 0xe1, 0xd6, 0x09, 0x00, 0xeb, 0xfe, 0x09, 0x00, 0xe1, 0xfd,
    0x09, 0x00, 0xe2, 0xff, 0x09, 0x00, 0xe2, 0xff, 0x09, 0x00, 0xe2, 0xff, 0x09, 0x00, 0xe2, 0xff,
    0x09, 0x00, 0xe2, 0xff, 0x09, 0x00, 0xe2, 0xff, 0x09, 0x00, 0xe2, 0xff, 0x09, 0x00, 0xe2, 0xff,
    0x09, 0x00, 0xe2, 0xff, 0x09, 0x00, 0xe2, 0xff, 0x09, 0x00, 0xe2, 0xff, 0x09, 0x00, 0xe2, 0xff,
    0x09, 0x00, 0xe2, 0xff, 0x09, 0x00, 0xe2, 0xff, 0x09, 0x00, 0xe2, 0xff, 0x09, 0x00, 0xe2, 0xff,
    0x09, 0x00, 0xe2, 0xff, 0x09, 0x00, 0xe2, 0xff, 0x09, 0x00, 0xe2, 0xff, 0x09, 0x00, 0xe2, 0xff,
    0x09, 0x00, 0xe2, 0xff, 0x09, 0x00, 0xe2, 0xff, 0x09, 0x00, 0xe2, 0xff, 0x09, 0x00, 0xe2, 0xff,
    0x09, 0x00, 0xe2, 0xff, 0x09, 0x00, 0xe2, 0xff, 0x09, 0x00, 0xe2, 0xff, 0x09, 0x00, 0xe2, 0xff,
    0x09, 0x00, 0xe2, 0xff, 0x0a, 0x01, 0xe2, 0xff, 0x08, 0x01, 0xe2, 0xff, 0x0a, 0x05, 0xe2, 0xff,
    0xd5, 0xd4, 0xfa, 0xff, 0xff, 0xff, 0xff, 0xff, 0xfd, 0xfd, 0xff, 0xff, 0xff, 0xff, 0xff, 0xff,
    0xff, 0xff, 0xff, 0xff, 0xff, 0xff, 0xff, 0xff, 0xff, 0xff, 0xff, 0xff, 0xfc, 0xfc, 0xff, 0xff,
    0xff, 0xff, 0xff, 0xff, 0x87, 0x83, 0xf1, 0xff, 0x00, 0x00, 0xe0, 0xff, 0x01, 0x00, 0xe1, 0xff,
    0x4f, 0x48, 0xeb, 0xff, 0xff, 0xff, 0xff, 0xff, 0xfd, 0xfd, 0xff, 0xff, 0xff, 0xff, 0xff, 0xff,
    0xff, 0xff, 0xff, 0xff, 0xff, 0xff, 0xff, 0xff, 0xff, 0xff, 0xff, 0xff, 0xfe, 0xfe, 0xff, 0xff,
    0xfe, 0xfe, 0xff, 0xff, 0xf0, 0xf0, 0xfd, 0xff, 0x20, 0x18, 0xe5, 0xff, 0x05, 0x01, 0xe1, 0xff,
    0x0a, 0x01, 0xe2, 0xff, 0x09, 0x00, 0xe2, 0xff, 0x09, 0x00, 0xe2, 0xff, 0x09, 0x00, 0xe2, 0xff,
    0x09, 0x00, 0xe2, 0xff, 0x09, 0x00, 0xe2, 0xff, 0x09, 0x00, 0xe2, 0xff, 0x09, 0x00, 0xe2, 0xff,
    0x09, 0x00, 0xe2, 0xff, 0x09, 0x00, 0xe2, 0xff, 0x09, 0x00, 0xe2, 0xff, 0x09, 0x00, 0xe2, 0xff,
    0x09, 0x00, 0xe2, 0xff, 0x09, 0x00, 0xe2, 0xff, 0x09, 0x00, 0xe2, 0xff, 0x09, 0x00, 0xe2, 0xff,
    0x09, 0x00, 0xe2, 0xff, 0x09, 0x00, 0xe2, 0xff, 0x0d, 0x04, 0xe2, 0xff, 0x00, 0x00, 0xe0, 0xff,
    0x7e, 0x79, 0xf0, 0xff, 0xff, 0xff, 0xff, 0xff, 0xfc, 0xfc, 0xff, 0xff, 0xff, 0xff, 0xff, 0xff,
    0xff, 0xff, 0xff, 0xff, 0xff, 0xff, 0xff, 0xff, 0xff, 0xff, 0xff, 0xff, 0xfe, 0xfe, 0xff, 0xff,
    0xfe, 0xfe, 0xff, 0xff, 0xe8, 0xe7, 0xfc, 0xff, 0x17, 0x10, 0xe4, 0xff, 0x06, 0x01, 0xe2, 0xff,
    0x0a, 0x01, 0xe2, 0xff, 0x09, 0x00, 0xe2, 0xff, 0x09, 0x00, 0xe2, 0xff, 0x09, 0x00, 0xe2, 0xff,
    0x09, 0x00, 0xe2, 0xff, 0x09, 0x00, 0xe2, 0xff, 0x09, 0x00, 0xe2, 0xff, 0x09, 0x00, 0xe2, 0xff,
    0x09, 0x00, 0xe2, 0xff, 0x09, 0x00, 0xe2, 0xff, 0x09, 0x00, 0xe2, 0xff, 0x09, 0x00, 0xe2, 0xff,
    0x09, 0x00, 0xe2, 0xff, 0x09, 0x00, 0xe2, 0xff, 0x09, 0x00, 0xe2, 0xff, 0x09, 0x00, 0xe2, 0xff,
    0x09, 0x00, 0xe2, 0xff, 0x0d, 0x04, 0xe2, 0xff, 0x00, 0x00, 0xe0, 0xff, 0x60, 0x5a, 0xed, 0xff,
    0xff, 0xff, 0xff, 0xff, 0xfc, 0xfc, 0xff, 0xff, 0xff, 0xff, 0xff, 0xff, 0xff, 0xff, 0xff, 0xff,
    0xff, 0xff, 0xff, 0xff, 0xff, 0xff, 0xff, 0xff, 0xfe, 0xfe, 0xff, 0xff, 0xfe, 0xfe, 0xff, 0xff,
    0xf8, 0xf8, 0xfe, 0xff, 0x2e, 0x26, 0xe6, 0xff, 0x02, 0x00, 0xe1, 0xff, 0x0b, 0x02, 0xe2, 0xff,
    0x09, 0x00, 0xe2, 0xff, 0x09, 0x00, 0xe2, 0xff, 0x09, 0x00, 0xe2, 0xff, 0x09, 0x00, 0xe2, 0xff,
    0x09, 0x00, 0xe2, 0xff, 0x09, 0x00, 0xe2, 0xff, 0x09, 0x00, 0xe2, 0xff, 0x09, 0x00, 0xe2, 0xff,
    0x09, 0x00, 0xe2, 0xff, 0x09, 0x00, 0xe2, 0xff, 0x09, 0x00, 0xe2, 0xff, 0x09, 0x00, 0xe2, 0xff,
    0x0a, 0x01, 0xe2, 0xff, 0x07, 0x01, 0xe2, 0xff, 0x13, 0x0c, 0xe3, 0xff, 0xe3, 0xe2, 0xfc, 0xff,
    0xfe, 0xfe, 0xff, 0xff, 0xfd, 0xfd, 0xff, 0xff, 0xff, 0xff, 0xff, 0xff, 0xff, 0xff, 0xff, 0xff,
    0xff, 0xff, 0xff, 0xff, 0xff, 0xff, 0xff, 0xff, 0xfd, 0xfd, 0xff, 0xff, 0xff, 0xff, 0xff, 0xff,
    0x4d, 0x47, 0xea, 0xff, 0x00, 0x00, 0xe0, 0xff, 0x0c, 0x03, 0xe2, 0xff, 0x0c, 0x03, 0xe2, 0xff,
    0x00, 0x00, 0xe0, 0xff, 0xa6, 0xa3, 0xf4, 0xff, 0xff, 0xff, 0xff, 0xff, 0xfb, 0xfb, 0xff, 0xff,
    0xff, 0xff, 0xff, 0xff, 0xff, 0xff, 0xff, 0xff, 0xff, 0xff, 0xff, 0xff, 0xff, 0xff, 0xff, 0xff,
    0xfc, 0xfc, 0xff, 0xff, 0xff, 0xff, 0xff, 0xff, 0xb6, 0xb3, 0xf7, 0xff, 0x01, 0x00, 0xe1, 0xff,
    0x0b, 0x02, 0xe2, 0xff, 0x09, 0x00, 0xe2, 0xff, 0x09, 0x00, 0xe2, 0xff, 0x09, 0x00, 0xe2, 0xff,
    0x09, 0x00, 0xe2, 0xff, 0x09, 0x00, 0xe2, 0xff, 0x09, 0x00, 0xe2, 0xff, 0x09, 0x00, 0xe2, 0xff,
    0x09, 0x00, 0xe2, 0xff, 0x09, 0x00, 0xe2, 0xff, 0x09, 0x00, 0xe2, 0xff, 0x09, 0x00, 0xe2, 0xff,
    0x09, 0x00, 0xe2, 0xff, 0x09, 0x00, 0xe2, 0xff, 0x0d, 0x04, 0xe2, 0xff, 0x00, 0x00, 0xe0, 0xff,
    0x5d, 0x57, 0xec, 0xff, 0xff, 0xff, 0xff, 0xff, 0xfc, 0xfc, 0xff, 0xff, 0xff, 0xff, 0xff, 0xff,
    0xff, 0xff, 0xff, 0xff, 0xff, 0xff, 0xff, 0xff, 0xff, 0xff, 0xff, 0xff, 0xff, 0xff, 0xff, 0xff,
    0xfe, 0xfe, 0xff, 0xff, 0xfc, 0xfc, 0xff, 0xff, 0x39, 0x32, 0xe8, 0xff, 0x02, 0x01, 0xe1, 0xff,
    0x0c, 0x03, 0xe2, 0xff, 0x0b, 0x02, 0xe2, 0xff, 0x01, 0x00, 0xe1, 0xff, 0xb3, 0xb1, 0xf6, 0xff,
    0xff, 0xff, 0xff, 0xff, 0xfc, 0xfc, 0xff, 0xff, 0xff, 0xff, 0xff, 0xff, 0xff, 0xff, 0xff, 0xff,
    0xff, 0xff, 0xff, 0xff, 0xff, 0xff, 0xff, 0xff, 0xfc, 0xfc, 0xff, 0xff, 0xff, 0xff, 0xff, 0xff,
    0x6e, 0x68, 0xee, 0xff, 0x00, 0x00, 0xe0, 0xff, 0x0d, 0x04, 0xe2, 0xff, 0x0c, 0x03, 0xe2, 0xff,
    0x00, 0x00, 0xe0, 0xff, 0xac, 0xaa, 0xf5, 0xff, 0xff, 0xff, 0xff, 0xff, 0xfb, 0xfb, 0xff, 0xff,
    0xff, 0xff, 0xff, 0xff, 0xff, 0xff, 0xff, 0xff, 0xff, 0xff, 0xff, 0xff, 0xff, 0xff, 0xff, 0xff,
    0xfc, 0xfc, 0xff, 0xff, 0xff, 0xff, 0xff, 0xff, 0xbb, 0xb9, 0xf7, 0xff, 0x02, 0x00, 0xe1, 0xff,
    0x0b, 0x02, 0xe2, 0xff, 0x09, 0x00, 0xe2, 0xff, 0x09, 0x00, 0xe2, 0xff, 0x09, 0x00, 0xe2, 0xff,
    0x09, 0x00, 0xe2, 0xff, 0x09, 0x00, 0xe2, 0xff, 0x09, 0x00, 0xe2, 0xff, 0x09, 0x00, 0xe2, 0xff,
    0x09, 0x00, 0xe2, 0xff, 0x09, 0x00, 0xe2, 0xff, 0x09, 0x00, 0xe2, 0xff, 0x09, 0x00, 0xe2, 0xff,
    0x09, 0x00, 0xe2, 0xff, 0x09, 0x00, 0xe2, 0xff, 0x0c, 0x03, 0xe2, 0xff, 0x00, 0x00, 0xe0, 0xff,
    0x4b, 0x44, 0xea, 0xff, 0xff, 0xff, 0xff, 0xff, 0xfd, 0xfd, 0xff, 0xff, 0xff, 0xff, 0xff, 0xff,
    0xff, 0xff, 0xff, 0xff, 0xff, 0xff, 0xff, 0xff, 0xff, 0xff, 0xff, 0xff, 0xff, 0xff, 0xff, 0xff,
    0xfc, 0xfc, 0xff, 0xff, 0xff, 0xff, 0xff, 0xff, 0x79, 0x75, 0xef, 0xff, 0x00, 0x00, 0xe0, 0xff,
    0x0d, 0x04, 0xe2, 0xff, 0x09, 0x00, 0xe2, 0xff, 0x0b, 0x02, 0xe2, 0xff, 0x01, 0x00, 0xe1, 0xff,
    0x69, 0x65, 0xed, 0xff, 0xeb, 0xeb, 0xfd, 0xff, 0xff, 0xff, 0xff, 0xff, 0xff, 0xff, 0xff, 0xff,
    0xff, 0xff, 0xff, 0xff, 0xff, 0xff, 0xff, 0xff, 0xff, 0xff, 0xff, 0xff, 0xff, 0xff, 0xff, 0xff,
    0xff, 0xff, 0xff, 0xff, 0xff, 0xff, 0xff, 0xff, 0xff, 0xff, 0xff, 0xff, 0xff, 0xff, 0xff, 0xff,
    0xff, 0xff, 0xff, 0xff, 0xff, 0xff, 0xff, 0xff, 0xff, 0xff, 0xff, 0xff, 0xff, 0xff, 0xff, 0xff,
    0xff, 0xff, 0xff, 0xff, 0xff, 0xff, 0xff, 0xff, 0xff, 0xff, 0xff, 0xff, 0xff, 0xff, 0xff, 0xff,
    0xff, 0xff, 0xff, 0xff, 0xff, 0xff, 0xff, 0xff, 0xff, 0xff, 0xff, 0xff, 0xff, 0xff, 0xff, 0xff,
    0xff, 0xff, 0xff, 0xff, 0xff, 0xff, 0xff, 0xff, 0xff, 0xff, 0xff, 0xff, 0xff, 0xff, 0xff, 0xff,
    0xff, 0xff, 0xff, 0xff, 0xff, 0xff, 0xff, 0xff, 0xff, 0xff, 0xff, 0xff, 0xff, 0xff, 0xff, 0xff,
    0xff, 0xff, 0xff, 0xff, 0xfd, 0xfd, 0xff, 0xff, 0xff, 0xff, 0xff, 0xff, 0xda, 0xd8, 0xfa, 0xff,
    0x0c, 0x06, 0xe2, 0xff, 0x07, 0x01, 0xe2, 0xff, 0x0a, 0x01, 0xe2, 0xff, 0x09, 0x00, 0xe2, 0xff,
    0x09, 0x00, 0xe2, 0xff, 0x09, 0x00, 0xe2, 0xff, 0x09, 0x00, 0xe2, 0xff, 0x09, 0x00, 0xe2, 0xff,
    0x09, 0x00, 0xe2, 0xff, 0x09, 0x00, 0xe2, 0xff, 0x09, 0x00, 0xe2, 0xff, 0x09, 0x00, 0xe2, 0xff,
    0x09, 0x00, 0xe2, 0xff, 0x09, 0x00, 0xe2, 0xff, 0x09, 0x00, 0xe2, 0xff, 0x09, 0x00, 0xe2, 0xff,
    0x09, 0x00, 0xe2, 0xff, 0x09, 0x00, 0xe2, 0xff, 0x09, 0x00, 0xe2, 0xff, 0x09, 0x00, 0xe2, 0xff,
    0x09, 0x00, 0xe2, 0xff, 0x09, 0x00, 0xe2, 0xff, 0x09, 0x00, 0xe2, 0xff, 0x09, 0x00, 0xe2, 0xff,
    0x09, 0x00, 0xe2, 0xff, 0x09, 0x00, 0xe2, 0xff, 0x09, 0x00, 0xe2, 0xff, 0x09, 0x00, 0xe2, 0xff,
    0x09, 0x00, 0xe1, 0xfd, 0x09, 0x00, 0xeb, 0xfe, 0x09, 0x00, 0xe2, 0xd5, 0x00, 0x00, 0xff, 0x07,
    0x00, 0x00, 0x00, 0x00, 0x09, 0x00, 0xe3, 0x6e, 0x0a, 0x00, 0xf3, 0xff, 0x09, 0x00, 0xe0, 0xfc,
    0x09, 0x00, 0xe2, 0xff, 0x09, 0x00, 0xe2, 0xff, 0x09, 0x00, 0xe2, 0xff, 0x09, 0x00, 0xe2, 0xff,
    0x09, 0x00, 0xe2, 0xff, 0x09, 0x00, 0xe2, 0xff, 0x09, 0x00, 0xe2, 0xff, 0x09, 0x00, 0xe2, 0xff,
    0x09, 0x00, 0xe2, 0xff, 0x09, 0x00, 0xe2, 0xff, 0x09, 0x00, 0xe2, 0xff, 0x09, 0x00, 0xe2, 0xff,
    0x09, 0x00, 0xe2, 0xff, 0x09, 0x00, 0xe2, 0xff, 0x09, 0x00, 0xe2, 0xff, 0x09, 0x00, 0xe2, 0xff,
    0x09, 0x00, 0xe2, 0xff, 0x09, 0x00, 0xe2, 0xff, 0x09, 0x00, 0xe2, 0xff, 0x09, 0x00, 0xe2, 0xff,
    0x09, 0x00, 0xe2, 0xff, 0x09, 0x00, 0xe2, 0xff, 0x09, 0x00, 0xe2, 0xff, 0x09, 0x00, 0xe2, 0xff,
    0x09, 0x00, 0xe2, 0xff, 0x09, 0x00, 0xe2, 0xff, 0x09, 0x00, 0xe2, 0xff, 0x09, 0x00, 0xe2, 0xff,
    0x09, 0x00, 0xe2, 0xff, 0x0c, 0x03, 0xe2, 0xff, 0x00, 0x00, 0xe0, 0xff, 0x52, 0x4b, 0xeb, 0xff,
    0xff, 0xff, 0xff, 0xff, 0xfd, 0xfd, 0xff, 0xff, 0xff, 0xff, 0xff, 0xff, 0xff, 0xff, 0xff, 0xff,
    0xff, 0xff, 0xff, 0xff, 0xff, 0xff, 0xff, 0xff, 0xfe, 0xfe, 0xff, 0xff, 0xfe, 0xfe, 0xff, 0xff,
    0xf4, 0xf3, 0xfe, 0xff, 0x25, 0x1e, 0xe5, 0xff, 0x04, 0x01, 0xe2, 0xff, 0x03, 0x00, 0xe1, 0xff,
    0xbe, 0xbb, 0xf7, 0xff, 0xff, 0xff, 0xff, 0xff, 0xfc, 0xfc, 0xff, 0xff, 0xff, 0xff, 0xff, 0xff,
    0xff, 0xff, 0xff, 0xff, 0xff, 0xff, 0xff, 0xff, 0xff, 0xff, 0xff, 0xff, 0xfb, 0xfb, 0xff, 0xff,
    0xff, 0xff, 0xff, 0xff, 0x97, 0x94, 0xf3, 0xff, 0x00, 0x00, 0xe0, 0xff, 0x0d, 0x03, 0xe2, 0xff,
    0x09, 0x00, 0xe2, 0xff, 0x09, 0x00, 0xe2, 0xff, 0x09, 0x00, 0xe2, 0xff, 0x09, 0x00, 0xe2, 0xff,
    0x09, 0x00, 0xe2, 0xff, 0x09, 0x00, 0xe2, 0xff, 0x09, 0x00, 0xe2, 0xff, 0x09, 0x00, 0xe2, 0xff,
    0x09, 0x00, 0xe2, 0xff, 0x09, 0x00, 0xe2, 0xff, 0x09, 0x00, 0xe2, 0xff, 0x09, 0x00, 0xe2, 0xff,
    0x09, 0x00, 0xe2, 0xff, 0x09, 0x00, 0xe2, 0xff, 0x09, 0x00, 0xe2, 0xff, 0x09, 0x00, 0xe2, 0xff,
    0x09, 0x00, 0xe2, 0xff, 0x0a, 0x01, 0xe2, 0xff, 0x06, 0x01, 0xe2, 0xff, 0x11, 0x0b, 0xe3, 0xff,
    0xe1, 0xe0, 0xfc, 0xff, 0xfe, 0xfe, 0xff, 0xff, 0xfd, 0xfd, 0xff, 0xff, 0xff, 0xff, 0xff, 0xff,
    0xff, 0xff, 0xff, 0xff, 0xff, 0xff, 0xff, 0xff, 0xff, 0xff, 0xff, 0xff, 0xfc, 0xfb, 0xff, 0xff,
    0xff, 0xff, 0xff, 0xff, 0x89, 0x85, 0xf1, 0xff, 0x00, 0x00, 0xe0, 0xff, 0x0d, 0x03, 0xe2, 0xff,
    0x09, 0x00, 0xe2, 0xff, 0x09, 0x00, 0xe2, 0xff, 0x09, 0x00, 0xe2, 0xff, 0x09, 0x00, 0xe2, 0xff,
    0x09, 0x00, 0xe2, 0xff, 0x09, 0x00, 0xe2, 0xff, 0x09, 0x00, 0xe2, 0xff, 0x09, 0x00, 0xe2, 0xff,
    0x09, 0x00, 0xe2, 0xff, 0x09, 0x00, 0xe2, 0xff, 0x09, 0x00, 0xe2, 0xff, 0x09, 0x00, 0xe2, 0xff,
    0x09, 0x00, 0xe2, 0xff, 0x09, 0x00, 0xe2, 0xff, 0x09, 0x00, 0xe2, 0xff, 0x09, 0x00, 0xe2, 0xff,
    0x09, 0x00, 0xe2, 0xff, 0x09, 0x02, 0xe2, 0xff, 0x06, 0x02, 0xe2, 0xff, 0xcb, 0xc9, 0xf9, 0xff,
    0xff, 0xfe, 0xff, 0xff, 0xfc, 0xfc, 0xff, 0xff, 0xff, 0xff, 0xff, 0xff, 0xff, 0xff, 0xff, 0xff,
    0xff, 0xff, 0xff, 0xff, 0xff, 0xff, 0xff, 0xff, 0xfc, 0xfc, 0xff, 0xff, 0xff, 0xff, 0xff, 0xff,
    0xb6, 0xb4, 0xf6, 0xff, 0x01, 0x00, 0xe1, 0xff, 0x0b, 0x03, 0xe2, 0xff, 0x09, 0x00, 0xe2, 0xff,
    0x09, 0x00, 0xe2, 0xff, 0x09, 0x00, 0xe2, 0xff, 0x09, 0x00, 0xe2, 0xff, 0x09, 0x00, 0xe2, 0xff,
    0x09, 0x00, 0xe2, 0xff, 0x09, 0x00, 0xe2, 0xff, 0x09, 0x00, 0xe2, 0xff, 0x09, 0x00, 0xe2, 0xff,
    0x09, 0x00, 0xe2, 0xff, 0x09, 0x00, 0xe2, 0xff, 0x09, 0x00, 0xe2, 0xff, 0x09, 0x00, 0xe2, 0xff,
    0x0d, 0x04, 0xe2, 0xff, 0x00, 0x00, 0xe0, 0xff, 0x6b, 0x66, 0xee, 0xff, 0xff, 0xff, 0xff, 0xff,
    0xfc, 0xfc, 0xff, 0xff, 0xff, 0xff, 0xff, 0xff, 0xff, 0xff, 0xff, 0xff, 0xff, 0xff, 0xff, 0xff,
    0xff, 0xff, 0xff, 0xff, 0xfc, 0xfc, 0xff, 0xff, 0xff, 0xfe, 0xff, 0xff, 0xcd, 0xcb, 0xf9, 0xff,
    0x07, 0x03, 0xe2, 0xff, 0x09, 0x02, 0xe2, 0xff, 0x0b, 0x02, 0xe2, 0xff, 0x03, 0x01, 0xe1, 0xff,
    0x28, 0x20, 0xe6, 0xff, 0xf5, 0xf5, 0xfe, 0xff, 0xfe, 0xfe, 0xff, 0xff, 0xfe, 0xfe, 0xff, 0xff,
    0xff, 0xff, 0xff, 0xff, 0xff, 0xff, 0xff, 0xff, 0xff, 0xff, 0xff, 0xff, 0xff, 0xff, 0xff, 0xff,
    0xfd, 0xfd, 0xff, 0xff, 0xff, 0xff, 0xff, 0xff, 0x47, 0x40, 0xe9, 0xff, 0x00, 0x00, 0xe1, 0xff,
    0x0c, 0x03, 0xe2, 0xff, 0x09, 0x00, 0xe2, 0xff, 0x09, 0x00, 0xe2, 0xff, 0x09, 0x00, 0xe2, 0xff,
    0x09, 0x00, 0xe2, 0xff, 0x09, 0x00, 0xe2, 0xff, 0x09, 0x00, 0xe2, 0xff, 0x09, 0x00, 0xe2, 0xff,
    0x09, 0x00, 0xe2, 0xff, 0x09, 0x00, 0xe2, 0xff, 0x09, 0x00, 0xe2, 0xff, 0x09, 0x00, 0xe2, 0xff,
    0x09, 0x00, 0xe2, 0xff, 0x09, 0x00, 0xe2, 0xff, 0x0a, 0x02, 0xe2, 0xff, 0x06, 0x02, 0xe2, 0xff,
    0xc9, 0xc7, 0xf9, 0xff, 0xff, 0xff, 0xff, 0xff, 0xfc, 0xfc, 0xff, 0xff, 0xff, 0xff, 0xff, 0xff,
    0xff, 0xff, 0xff, 0xff, 0xff, 0xff, 0xff, 0xff, 0xff, 0xff, 0xff, 0xff, 0xfc, 0xfc, 0xff, 0xff,
    0xff, 0xff, 0xff, 0xff, 0xb9, 0xb7, 0xf7, 0xff, 0x02, 0x00, 0xe1, 0xff, 0x0b, 0x02, 0xe2, 0xff,
    0x0b, 0x03, 0xe2, 0xff, 0x02, 0x01, 0xe1, 0xff, 0x33, 0x2c, 0xe7, 0xff, 0xfa, 0xfa, 0xff, 0xff,
    0xfe, 0xfe, 0xff, 0xff, 0xfe, 0xfe, 0xff, 0xff, 0xff, 0xff, 0xff, 0xff, 0xff, 0xff, 0xff, 0xff,
    0xff, 0xff, 0xff, 0xff, 0xfe, 0xfd, 0xff, 0xff, 0xff, 0xff, 0xff, 0xff, 0xe7, 0xe6, 0xfc, 0xff,
    0x16, 0x0f, 0xe3, 0xff, 0x06, 0x01, 0xe2, 0xff, 0x0c, 0x03, 0xe2, 0xff, 0x03, 0x00, 0xe1, 0xff,
    0x2b, 0x24, 0xe6, 0xff, 0xf7, 0xf7, 0xfe, 0xff, 0xfe, 0xfe, 0xff, 0xff, 0xfe, 0xfe, 0xff, 0xff,
    0xff, 0xff, 0xff, 0xff, 0xff, 0xff, 0xff, 0xff, 0xff, 0xff, 0xff, 0xff, 0xff, 0xff, 0xff, 0xff,
    0xfd, 0xfd, 0xff, 0xff, 0xff, 0xff, 0xff, 0xff, 0x52, 0x4c, 0xeb, 0xff, 0x00, 0x00, 0xe0, 0xff,
    0x0c, 0x03, 0xe2, 0xff, 0x09, 0x00, 0xe2, 0xff, 0x09, 0x00, 0xe2, 0xff, 0x09, 0x00, 0xe2, 0xff,
    0x09, 0x00, 0xe2, 0xff, 0x09, 0x00, 0xe2, 0xff, 0x09, 0x00, 0xe2, 0xff, 0x09, 0x00, 0xe2, 0xff,
    0x09, 0x00, 0xe2, 0xff, 0x09, 0x00, 0xe2, 0xff, 0x09, 0x00, 0xe2, 0xff, 0x09, 0x00, 0xe2, 0xff,
    0x09, 0x00, 0xe2, 0xff, 0x09, 0x00, 0xe2, 0xff, 0x0c, 0x02, 0xe2, 0xff, 0x02, 0x00, 0xe1, 0xff,
    0xb4, 0xb2, 0xf6, 0xff, 0xff, 0xff, 0xff, 0xff, 0xfc, 0xfc, 0xff, 0xff, 0xff, 0xff, 0xff, 0xff,
    0xff, 0xff, 0xff, 0xff, 0xff, 0xff, 0xff, 0xff, 0xff, 0xff, 0xff, 0xff, 0xfe, 0xfe, 0xff, 0xff,
    0xff, 0xff, 0xff, 0xff, 0xef, 0xef, 0xfd, 0xff, 0x1e, 0x17, 0xe5, 0xff, 0x04, 0x00, 0xe1, 0xff,
    0x0a, 0x01, 0xe2, 0xff, 0x09, 0x00, 0xe2, 0xff, 0x09, 0x00, 0xe2, 0xff, 0x0a, 0x01, 0xe2, 0xff,
    0x00, 0x00, 0xe1, 0xff, 0x1e, 0x17, 0xe5, 0xff, 0x4c, 0x45, 0xea, 0xff, 0x58, 0x52, 0xeb, 0xff,
    0x58, 0x52, 0xeb, 0xff, 0x58, 0x52, 0xeb, 0xff, 0x58, 0x52, 0xeb, 0xff, 0x58, 0x52, 0xeb, 0xff,
    0x58, 0x52, 0xeb, 0xff, 0x58, 0x52, 0xeb, 0xff, 0x58, 0x52, 0xeb, 0xff, 0x58, 0x52, 0xeb, 0xff,
    0x58, 0x52, 0xeb, 0xff, 0x58, 0x52, 0xeb, 0xff, 0x58, 0x52, 0xeb, 0xff, 0x58, 0x52, 0xeb, 0xff,
    0x58, 0x52, 0xeb, 0xff, 0x58, 0x52, 0xeb, 0xff, 0x58, 0x52, 0xeb, 0xff, 0x58, 0x52, 0xeb, 0xff,
    0x58, 0x52, 0xeb, 0xff, 0x58, 0x52, 0xeb, 0xff, 0x58, 0x52, 0xeb, 0xff, 0x5c, 0x55, 0xeb, 0xff,
    0x53, 0x51, 0xea, 0xff, 0x84, 0x80, 0xf0, 0xff, 0xff, 0xff, 0xff, 0xff, 0xfd, 0xfd, 0xff, 0xff,
    0xff, 0xff, 0xff, 0xff, 0xff, 0xff, 0xff, 0xff, 0xff, 0xff, 0xff, 0xff, 0xff, 0xff, 0xff, 0xff,
    0xff, 0xff, 0xff, 0xff, 0xfc, 0xfc, 0xff, 0xff, 0xff, 0xff, 0xff, 0xff, 0x7d, 0x79, 0xf0, 0xff,
    0x00, 0x00, 0xe0, 0xff, 0x0d, 0x04, 0xe2, 0xff, 0x09, 0x00, 0xe2, 0xff, 0x09, 0x00, 0xe2, 0xff,
    0x09, 0x00, 0xe2, 0xff, 0x09, 0x00, 0xe2, 0xff, 0x09, 0x00, 0xe2, 0xff, 0x09, 0x00, 0xe2, 0xff,
    0x09, 0x00, 0xe2, 0xff, 0x09, 0x00, 0xe2, 0xff, 0x09, 0x00, 0xe2, 0xff, 0x09, 0x00, 0xe2, 0xff,
    0x09, 0x00, 0xe2, 0xff, 0x09, 0x00, 0xe2, 0xff, 0x09, 0x00, 0xe2, 0xff, 0x09, 0x00, 0xe2, 0xff,
    0x09, 0x00, 0xe2, 0xff, 0x09, 0x00, 0xe2, 0xff, 0x09, 0x00, 0xe2, 0xff, 0x09, 0x00, 0xe2, 0xff,
    0x09, 0x00, 0xe2, 0xff, 0x09, 0x00, 0xe2, 0xff, 0x09, 0x00, 0xe2, 0xff, 0x09, 0x00, 0xe2, 0xff,
    0x09, 0x00, 0xe2, 0xff, 0x09, 0x00, 0xe2, 0xff, 0x09, 0x00, 0xe2, 0xff, 0x09, 0x00, 0xe2, 0xff,
    0x09, 0x00, 0xe0, 0xfc, 0x0a, 0x00, 0xf3, 0xff, 0x09, 0x00, 0xe0, 0x6e, 0x00, 0x00, 0x00, 0x00,
    0x00, 0x00, 0x7f, 0x02, 0x00, 0x00, 0xe9, 0x0c, 0x09, 0x00, 0xe2, 0xde, 0x09, 0x00, 0xe9, 0xfe,
    0x09, 0x00, 0xe1, 0xfd, 0x09, 0x00, 0xe2, 0xff, 0x09, 0x00, 0xe2, 0xff, 0x09, 0x00, 0xe2, 0xff,
    0x09, 0x00, 0xe2, 0xff, 0x09, 0x00, 0xe2, 0xff, 0x09, 0x00, 0xe2, 0xff, 0x09, 0x00, 0xe2, 0xff,
    0x09, 0x00, 0xe2, 0xff, 0x09, 0x00, 0xe2, 0xff, 0x09, 0x00, 0xe2, 0xff, 0x09, 0x00, 0xe2, 0xff,
    0x09, 0x00, 0xe2, 0xff, 0x09, 0x00, 0xe2, 0xff, 0x09, 0x00, 0xe2, 0xff, 0x09, 0x00, 0xe2, 0xff,
    0x09, 0x00, 0xe2, 0xff, 0x09, 0x00, 0xe2, 0xff, 0x09, 0x00, 0xe2, 0xff, 0x09, 0x00, 0xe2, 0xff,
    0x09, 0x00, 0xe2, 0xff, 0x09, 0x00, 0xe2, 0xff, 0x09, 0x00, 0xe2, 0xff, 0x09, 0x00, 0xe2, 0xff,
    0x09, 0x00, 0xe2, 0xff, 0x09, 0x00, 0xe2, 0xff, 0x09, 0x00, 0xe2, 0xff, 0x09, 0x00, 0xe2, 0xff,
    0x09, 0x00, 0xe2, 0xff, 0x0b, 0x02, 0xe2, 0xff, 0x02, 0x00, 0xe1, 0xff, 0xb9, 0xb7, 0xf7, 0xff,
    0xff, 0xff, 0xff, 0xff, 0xfc, 0xfc, 0xff, 0xff, 0xff, 0xff, 0xff, 0xff, 0xff, 0xff, 0xff, 0xff,
    0xff, 0xff, 0xff, 0xff, 0xff, 0xff, 0xff, 0xff, 0xfb, 0xfb, 0xff, 0xff, 0xff, 0xff, 0xff, 0xff,
    0xa5, 0xa2, 0xf5, 0xff, 0x03, 0x02, 0xe1, 0xff, 0x05, 0x03, 0xe1, 0xff, 0x3f, 0x38, 0xe9, 0xff,
    0xfd, 0xfd, 0xff, 0xff, 0xfd, 0xfd, 0xff, 0xff, 0xff, 0xff, 0xff, 0xff, 0xff, 0xff, 0xff, 0xff,
    0xff, 0xff, 0xff, 0xff, 0xff, 0xff, 0xff, 0xff, 0xfe, 0xfe, 0xff, 0xff, 0xfe, 0xfe, 0xff, 0xff,
    0xf9, 0xf9, 0xfe, 0xff, 0x2f, 0x28, 0xe7, 0xff, 0x03, 0x01, 0xe1, 0xff, 0x0b, 0x02, 0xe2, 0xff,
    0x09, 0x00, 0xe2, 0xff, 0x09, 0x00, 0xe2, 0xff, 0x09, 0x00, 0xe2, 0xff, 0x09, 0x00, 0xe2, 0xff,
    0x09, 0x00, 0xe2, 0xff, 0x09, 0x00, 0xe2, 0xff, 0x09, 0x00, 0xe2, 0xff, 0x09, 0x00, 0xe2, 0xff,
    0x09, 0x00, 0xe2, 0xff, 0x09, 0x00, 0xe2, 0xff, 0x09, 0x00, 0xe2, 0xff, 0x09, 0x00, 0xe2, 0xff,
    0x09, 0x00, 0xe2, 0xff, 0x09, 0x00, 0xe2, 0xff, 0x09, 0x00, 0xe2, 0xff, 0x09, 0x00, 0xe2, 0xff,
    0x09, 0x00, 0xe2, 0xff, 0x0d, 0x04, 0xe2, 0xff, 0x00, 0x00, 0xe0, 0xff, 0x65, 0x60, 0xed, 0xff,
    0xff, 0xff, 0xff, 0xff, 0xfc, 0xfc, 0xff, 0xff, 0xff, 0xff, 0xff, 0xff, 0xff, 0xff, 0xff, 0xff,
    0xff, 0xff, 0xff, 0xff, 0xff, 0xff, 0xff, 0xff, 0xfe, 0xfe, 0xff, 0xff, 0xfe, 0xfe, 0xff, 0xff,
    0xf4, 0xf4, 0xfe, 0xff, 0x26, 0x1e, 0xe5, 0xff, 0x04, 0x01, 0xe1, 0xff, 0x0b, 0x02, 0xe2, 0xff,
    0x09, 0x00, 0xe2, 0xff, 0x09, 0x00, 0xe2, 0xff, 0x09, 0x00, 0xe2, 0xff, 0x09, 0x00, 0xe2, 0xff,
    0x09, 0x00, 0xe2, 0xff, 0x09, 0x00, 0xe2, 0xff, 0x09, 0x00, 0xe2, 0xff, 0x09, 0x00, 0xe2, 0xff,
    0x09, 0x00, 0xe2, 0xff, 0x09, 0x00, 0xe2, 0xff, 0x09, 0x00, 0xe2, 0xff, 0x09, 0x00, 0xe2, 0xff,
    0x09, 0x00, 0xe2, 0xff, 0x09, 0x00, 0xe2, 0xff, 0x09, 0x00, 0xe2, 0xff, 0x09, 0x00, 0xe2, 0xff,
    0x0c, 0x03, 0xe2, 0xff, 0x00, 0x00, 0xe0, 0xff, 0x49, 0x42, 0xea, 0xff, 0xff, 0xff, 0xff, 0xff,
    0xfd, 0xfd, 0xff, 0xff, 0xff, 0xff, 0xff, 0xff, 0xff, 0xff, 0xff, 0xff, 0xff, 0xff, 0xff, 0xff,
    0xff, 0xff, 0xff, 0xff, 0xff, 0xff, 0xff, 0xff, 0xfd, 0xfd, 0xff, 0xff, 0xfd, 0xfd, 0xff, 0xff,
    0x51, 0x4b, 0xea, 0xff, 0x04, 0x04, 0xe1, 0xff, 0x10, 0x07, 0xe2, 0xff, 0x0d, 0x04, 0xe2, 0xff,
    0x0d, 0x04, 0xe2, 0xff, 0x0d, 0x04, 0xe2, 0xff, 0x0d, 0x04, 0xe2, 0xff, 0x0d, 0x04, 0xe2, 0xff,
    0x0d, 0x04, 0xe2, 0xff, 0x0d, 0x04, 0xe2, 0xff, 0x0d, 0x04, 0xe2, 0xff, 0x0d, 0x04, 0xe2, 0xff,
    0x0d, 0x04, 0xe2, 0xff, 0x0d, 0x04, 0xe2, 0xff, 0x0d, 0x04, 0xe2, 0xff, 0x0e, 0x05, 0xe2, 0xff,
    0x0a, 0x03, 0xe2, 0xff, 0x08, 0x02, 0xe1, 0xff, 0xd7, 0xd6, 0xfa, 0xff, 0xfe, 0xfe, 0xff, 0xff,
    0xfd, 0xfd, 0xff, 0xff, 0xff, 0xff, 0xff, 0xff, 0xff, 0xff, 0xff, 0xff, 0xff, 0xff, 0xff, 0xff,
    0xff, 0xff, 0xff, 0xff, 0xfc, 0xfc, 0xff, 0xff, 0xff, 0xff, 0xff, 0xff, 0x61, 0x5b, 0xec, 0xff,
    0x00, 0x00, 0xe0, 0xff, 0x0d, 0x04, 0xe2, 0xff, 0x0d, 0x03, 0xe2, 0xff, 0x00, 0x00, 0xe0, 0xff,
    0x8a, 0x86, 0xf1, 0xff, 0xff, 0xff, 0xff, 0xff, 0xfb, 0xfb, 0xff, 0xff, 0xff, 0xff, 0xff, 0xff,
    0xff, 0xff, 0xff, 0xff, 0xff, 0xff, 0xff, 0xff, 0xff, 0xff, 0xff, 0xff, 0xfc, 0xfc, 0xff, 0xff,
    0xff, 0xff, 0xff, 0xff, 0xc6, 0xc4, 0xf9, 0xff, 0x05, 0x01, 0xe1, 0xff, 0x0a, 0x02, 0xe2, 0xff,
    0x09, 0x00, 0xe2, 0xff, 0x09, 0x00, 0xe2, 0xff, 0x09, 0x00, 0xe2, 0xff, 0x09, 0x00, 0xe2, 0xff,
    0x09, 0x00, 0xe2, 0xff, 0x09, 0x00, 0xe2, 0xff, 0x09, 0x00, 0xe2, 0xff, 0x09, 0x00, 0xe2, 0xff,
    0x09, 0x00, 0xe2, 0xff, 0x09, 0x00, 0xe2, 0xff, 0x09, 0x00, 0xe2, 0xff, 0x09, 0x00, 0xe2, 0xff,
    0x09, 0x00, 0xe2, 0xff, 0x0c, 0x03, 0xe2, 0xff, 0x00, 0x00, 0xe0, 0xff, 0x49, 0x42, 0xea, 0xff,
    0xff, 0xff, 0xff, 0xff, 0xfd, 0xfd, 0xff, 0xff, 0xff, 0xff, 0xff, 0xff, 0xff, 0xff, 0xff, 0xff,
    0xff, 0xff, 0xff, 0xff, 0xff, 0xff, 0xff, 0xff, 0xff, 0xff, 0xff, 0xff, 0xfd, 0xfd, 0xff, 0xff,
    0xff, 0xff, 0xff, 0xff, 0x4e, 0x47, 0xea, 0xff, 0x00, 0x00, 0xe0, 0xff, 0x0c, 0x03, 0xe2, 0xff,
    0x0c, 0x03, 0xe2, 0xff, 0x00, 0x00, 0xe0, 0xff, 0x9b, 0x98, 0xf3, 0xff, 0xff, 0xff, 0xff, 0xff,
    0xfb, 0xfb, 0xff, 0xff, 0xff, 0xff, 0xff, 0xff, 0xff, 0xff, 0xff, 0xff, 0xff, 0xff, 0xff, 0xff,
    0xff, 0xff, 0xff, 0xff, 0xfc, 0xfc, 0xff, 0xff, 0xff, 0xff, 0xff, 0xff, 0x88, 0x84, 0xf1, 0xff,
    0x00, 0x00, 0xe0, 0xff, 0x0d, 0x03, 0xe2, 0xff, 0x0d, 0x03, 0xe2, 0xff, 0x00, 0x00, 0xe0, 0xff,
    0x8d, 0x8a, 0xf2, 0xff, 0xff, 0xff, 0xff, 0xff, 0xfb, 0xfb, 0xff, 0xff, 0xff, 0xff, 0xff, 0xff,
    0xff, 0xff, 0xff, 0xff, 0xff, 0xff, 0xff, 0xff, 0xff, 0xff, 0xff, 0xff, 0xfd, 0xfd, 0xff, 0xff,
    0xff, 0xff, 0xff, 0xff, 0xd7, 0xd6, 0xfa, 0xff, 0x0f, 0x09, 0xe2, 0xff, 0x0c, 0x04, 0xe2, 0xff,
    0x0d, 0x04, 0xe2, 0xff, 0x0d, 0x04, 0xe2, 0xff, 0x0d, 0x04, 0xe2, 0xff, 0x0d, 0x04, 0xe2, 0xff,
    0x0d, 0x04, 0xe2, 0xff, 0x0d, 0x04, 0xe2, 0xff, 0x0d, 0x04, 0xe2, 0xff, 0x0d, 0x04, 0xe2, 0xff,
    0x0d, 0x04, 0xe2, 0xff, 0x0d, 0x04, 0xe2, 0xff, 0x0d, 0x04, 0xe2, 0xff, 0x0d, 0x04, 0xe2, 0xff,
    0x0d, 0x04, 0xe2, 0xff, 0x0f, 0x06, 0xe3, 0xff, 0x02, 0x00, 0xe1, 0xff, 0x2a, 0x23, 0xe6, 0xff,
    0xf9, 0xf9, 0xfe, 0xff, 0xfe, 0xfe, 0xff, 0xff, 0xfe, 0xfe, 0xff, 0xff, 0xff, 0xff, 0xff, 0xff,
    0xff, 0xff, 0xff, 0xff, 0xff, 0xff, 0xff, 0xff, 0xff, 0xff, 0xff, 0xff, 0xfb, 0xfb, 0xff, 0xff,
    0xff, 0xff, 0xff, 0xff, 0x9a, 0x97, 0xf3, 0xff, 0x00, 0x00, 0xe0, 0xff, 0x0d, 0x03, 0xe2, 0xff,
    0x0c, 0x03, 0xe2, 0xff, 0x0d, 0x04, 0xe2, 0xff, 0x0d, 0x04, 0xe2, 0xff, 0x0d, 0x04, 0xe2, 0xff,
    0x10, 0x06, 0xe3, 0xff, 0x08, 0x00, 0xe2, 0xff, 0x00, 0x00, 0xe1, 0xff, 0x00, 0x00, 0xe1, 0xff,
    0x00, 0x00, 0xe1, 0xff, 0x00, 0x00, 0xe1, 0xff, 0x00, 0x00, 0xe1, 0xff, 0x00, 0x00, 0xe1, 0xff,
    0x00, 0x00, 0xe1, 0xff, 0x00, 0x00, 0xe1, 0xff, 0x00, 0x00, 0xe1, 0xff, 0x00, 0x00, 0xe1, 0xff,
    0x00, 0x00, 0xe1, 0xff, 0x00, 0x00, 0xe1, 0xff, 0x00, 0x00, 0xe1, 0xff, 0x00, 0x00, 0xe1, 0xff,
    0x00, 0x00, 0xe1, 0xff, 0x00, 0x00, 0xe1, 0xff, 0x00, 0x00, 0xe1, 0xff, 0x00, 0x00, 0xe1, 0xff,
    0x00, 0x00, 0xe1, 0xff, 0x00, 0x00, 0xe1, 0xff, 0x00, 0x00, 0xe1, 0xff, 0x00, 0x00, 0xe0, 0xff,
    0x00, 0x00, 0xde, 0xff, 0xa5, 0xa2, 0xf4, 0xff, 0xff, 0xff, 0xff, 0xff, 0xfc, 0xfc, 0xff, 0xff,
    0xff, 0xff, 0xff, 0xff, 0xff, 0xff, 0xff, 0xff, 0xff, 0xff, 0xff, 0xff, 0xff, 0xff, 0xff, 0xff,
    0xfe, 0xfe, 0xff, 0xff, 0xfe, 0xfe, 0xff, 0xff, 0xf4, 0xf3, 0xfe, 0xff, 0x24, 0x1c, 0xe5, 0xff,
    0x04, 0x00, 0xe1, 0xff, 0x0b, 0x02, 0xe2, 0xff, 0x09, 0x00, 0xe2, 0xff, 0x09, 0x00, 0xe2, 0xff,
    0x09, 0x00, 0xe2, 0xff, 0x09, 0x00, 0xe2, 0xff, 0x09, 0x00, 0xe2, 0xff, 0x09, 0x00, 0xe2, 0xff,
    0x09, 0x00, 0xe2, 0xff, 0x09, 0x00, 0xe2, 0xff, 0x09, 0x00, 0xe2, 0xff, 0x09, 0x00, 0xe2, 0xff,
    0x09, 0x00, 0xe2, 0xff, 0x09, 0x00, 0xe2, 0xff, 0x09, 0x00, 0xe2, 0xff, 0x09, 0x00, 0xe2, 0xff,
    0x09, 0x00, 0xe2, 0xff, 0x09, 0x00, 0xe2, 0xff, 0x09, 0x00, 0xe2, 0xff, 0x09, 0x00, 0xe2, 0xff,
    0x09, 0x00, 0xe2, 0xff, 0x09, 0x00, 0xe2, 0xff, 0x09, 0x00, 0xe2, 0xff, 0x09, 0x00, 0xe2, 0xff,
    0x09, 0x00, 0xe2, 0xff, 0x09, 0x00, 0xe2, 0xff, 0x09, 0x00, 0xe2, 0xff, 0x09, 0x00, 0xe1, 0xfd,
    0x09, 0x00, 0xe9, 0xfe, 0x09, 0x00, 0xe2, 0xde, 0x00, 0x00, 0xe9, 0x0c, 0x00, 0x00, 0x7f, 0x02,
    0x00, 0x00, 0xff, 0x03, 0x00, 0x00, 0x00, 0x00, 0x09, 0x00, 0xe5, 0x4f, 0x0a, 0x00, 0xee, 0xff,
    0x09, 0x00, 0xe3, 0xfb, 0x09, 0x00, 0xe2, 0xfe, 0x09, 0x00, 0xe2, 0xff, 0x09, 0x00, 0xe2, 0xff,
    0x09, 0x00, 0xe2, 0xff, 0x09, 0x00, 0xe2, 0xff, 0x09, 0x00, 0xe2, 0xff, 0x09, 0x00, 0xe2, 0xff,
    0x09, 0x00, 0xe2, 0xff, 0x09, 0x00, 0xe2, 0xff, 0x09, 0x00, 0xe2, 0xff, 0x09, 0x00, 0xe2, 0xff,
    0x09, 0x00, 0xe2, 0xff, 0x09, 0x00, 0xe2, 0xff, 0x09, 0x00, 0xe2, 0xff, 0x09, 0x00, 0xe2, 0xff,
    0x09, 0x00, 0xe2, 0xff, 0x09, 0x00, 0xe2, 0xff, 0x09, 0x00, 0xe2, 0xff, 0x09, 0x00, 0xe2, 0xff,
    0x09, 0x00, 0xe2, 0xff, 0x09, 0x00, 0xe2, 0xff, 0x09, 0x00, 0xe2, 0xff, 0x09, 0x00, 0xe2, 0xff,
    0x09, 0x00, 0xe2, 0xff, 0x09, 0x00, 0xe2, 0xff, 0x09, 0x00, 0xe2, 0xff, 0x09, 0x00, 0xe2, 0xff,
    0x0b, 0x03, 0xe2, 0xff, 0x02, 0x00, 0xe1, 0xff, 0x35, 0x2e, 0xe7, 0xff, 0xfb, 0xfb, 0xff, 0xff,
    0xfe, 0xfe, 0xff, 0xff, 0xff, 0xff, 0xff, 0xff, 0xff, 0xff, 0xff, 0xff, 0xff, 0xff, 0xff, 0xff,
    0xff, 0xff, 0xff, 0xff, 0xfe, 0xfe, 0xff, 0xff, 0xfe, 0xfe, 0xff, 0xff, 0xf5, 0xf5, 0xfe, 0xff,
    0x27, 0x20, 0xe6, 0xff, 0x00, 0x00, 0xdf, 0xff, 0x00, 0x00, 0xdf, 0xff, 0xad, 0xab, 0xf5, 0xff,
    0xff, 0xff, 0xff, 0xff, 0xfb, 0xfb, 0xff, 0xff, 0xff, 0xff, 0xff, 0xff, 0xff, 0xff, 0xff, 0xff,
    0xff, 0xff, 0xff, 0xff, 0xff, 0xff, 0xff, 0xff, 0xfc, 0xfc, 0xff, 0xff, 0xff, 0xff, 0xff, 0xff,
    0xae, 0xac, 0xf6, 0xff, 0x00, 0x00, 0xe0, 0xff, 0x0c, 0x02, 0xe2, 0xff, 0x09, 0x00, 0xe2, 0xff,
    0x09, 0x00, 0xe2, 0xff, 0x09, 0x00, 0xe2, 0xff, 0x09, 0x00, 0xe2, 0xff, 0x09, 0x00, 0xe2, 0xff,
    0x09, 0x00, 0xe2, 0xff, 0x09, 0x00, 0xe2, 0xff, 0x09, 0x00, 0xe2, 0xff, 0x09, 0x00, 0xe2, 0xff,
    0x09, 0x00, 0xe2, 0xff, 0x09, 0x00, 0xe2, 0xff, 0x09, 0x00, 0xe2, 0xff, 0x09, 0x00, 0xe2, 0xff,
    0x09, 0x00, 0xe2, 0xff, 0x09, 0x00, 0xe2, 0xff, 0x09, 0x00, 0xe2, 0xff, 0x09, 0x00, 0xe2, 0xff,
    0x09, 0x00, 0xe2, 0xff, 0x09, 0x01, 0xe2, 0xff, 0x08, 0x03, 0xe2, 0xff, 0xcf, 0xce, 0xf9, 0xff,
    0xfe, 0xfe, 0xff, 0xff, 0xfc, 0xfc, 0xff, 0xff, 0xff, 0xff, 0xff, 0xff, 0xff, 0xff, 0xff, 0xff,
    0xff, 0xff, 0xff, 0xff, 0xff, 0xff, 0xff, 0xff, 0xfb, 0xfb, 0xff, 0xff, 0xff, 0xff, 0xff, 0xff,
    0xa1, 0x9f, 0xf4, 0xff, 0x00, 0x00, 0xe0, 0xff, 0x0c, 0x03, 0xe2, 0xff, 0x09, 0x00, 0xe2, 0xff,
    0x09, 0x00, 0xe2, 0xff, 0x09, 0x00, 0xe2, 0xff, 0x09, 0x00, 0xe2, 0xff, 0x09, 0x00, 0xe2, 0xff,
    0x09, 0x00, 0xe2, 0xff, 0x09, 0x00, 0xe2, 0xff, 0x09, 0x00, 0xe2, 0xff, 0x09, 0x00, 0xe2, 0xff,
    0x09, 0x00, 0xe2, 0xff, 0x09, 0x00, 0xe2, 0xff, 0x09, 0x00, 0xe2, 0xff, 0x09, 0x00, 0xe2, 0xff,
    0x09, 0x00, 0xe2, 0xff, 0x09, 0x00, 0xe2, 0xff, 0x09, 0x00, 0xe2, 0xff, 0x09, 0x00, 0xe2, 0xff,
    0x0b, 0x02, 0xe2, 0xff, 0x01, 0x00, 0xe1, 0xff, 0xb4, 0xb2, 0xf6, 0xff, 0xff, 0xff, 0xff, 0xff,
    0xfc, 0xfc, 0xff, 0xff, 0xff, 0xff, 0xff, 0xff, 0xff, 0xff, 0xff, 0xff, 0xff, 0xff, 0xff, 0xff,
    0xff, 0xff, 0xff, 0xff, 0xfe, 0xfe, 0xff, 0xff, 0xff, 0xff, 0xff, 0xff, 0xf6, 0xf6, 0xfe, 0xff,
    0x21, 0x19, 0xe5, 0xff, 0x00, 0x00, 0xdf, 0xff, 0x00, 0x00, 0xe0, 0xff, 0x00, 0x00, 0xe0, 0xff,
    0x00, 0x00, 0xe0, 0xff, 0x00, 0x00, 0xe0, 0xff, 0x00, 0x00, 0xe0, 0xff, 0x00, 0x00, 0xe0, 0xff,
    0x00, 0x00, 0xe0, 0xff, 0x00, 0x00, 0xe0, 0xff, 0x00, 0x00, 0xe0, 0xff, 0x00, 0x00, 0xe0, 0xff,
    0x00, 0x00, 0xe0, 0xff, 0x00, 0x00, 0xe0, 0xff, 0x00, 0x00, 0xe0, 0xff, 0x00, 0x00, 0xe0, 0xff,
    0x00, 0x00, 0xdf, 0xff, 0x72, 0x6c, 0xee, 0xff, 0xff, 0xff, 0xff, 0xff, 0xfd, 0xfd, 0xff, 0xff,
    0xff, 0xff, 0xff, 0xff, 0xff, 0xff, 0xff, 0xff, 0xff, 0xff, 0xff, 0xff, 0xff, 0xff, 0xff, 0xff,
    0xfd, 0xfd, 0xff, 0xff, 0xfe, 0xfe, 0xff, 0xff, 0xde, 0xdc, 0xfb, 0xff, 0x0f, 0x09, 0xe2, 0xff,
    0x07, 0x01, 0xe2, 0xff, 0x0b, 0x02, 0xe2, 0xff, 0x06, 0x01, 0xe2, 0xff, 0x17, 0x10, 0xe3, 0xff,
    0xe8, 0xe7, 0xfc, 0xff, 0xfe, 0xfe, 0xff, 0xff, 0xfe, 0xfe, 0xff, 0xff, 0xff, 0xff, 0xff, 0xff,
    0xff, 0xff, 0xff, 0xff, 0xff, 0xff, 0xff, 0xff, 0xff, 0xff, 0xff, 0xff, 0xfc, 0xfc, 0xff, 0xff,
    0xff, 0xff, 0xff, 0xff, 0x58, 0x52, 0xeb, 0xff, 0x00, 0x00, 0xe0, 0xff, 0x0d, 0x04, 0xe2, 0xff,
    0x09, 0x00, 0xe2, 0xff, 0x09, 0x00, 0xe2, 0xff, 0x09, 0x00, 0xe2, 0xff, 0x09, 0x00, 0xe2, 0xff,
    0x09, 0x00, 0xe2, 0xff, 0x09, 0x00, 0xe2, 0xff, 0x09, 0x00, 0xe2, 0xff, 0x09, 0x00, 0xe2, 0xff,
    0x09, 0x00, 0xe2, 0xff, 0x09, 0x00, 0xe2, 0xff, 0x09, 0x00, 0xe2, 0xff, 0x09, 0x00, 0xe2, 0xff,
    0x09, 0x00, 0xe2, 0xff, 0x0b, 0x02, 0xe2, 0xff, 0x01, 0x00, 0xe1, 0xff, 0xb5, 0xb3, 0xf6, 0xff,
    0xff, 0xff, 0xff, 0xff, 0xfc, 0xfc, 0xff, 0xff, 0xff, 0xff, 0xff, 0xff, 0xff, 0xff, 0xff, 0xff,
    0xff, 0xff, 0xff, 0xff, 0xff, 0xff, 0xff, 0xff, 0xfc, 0xfc, 0xff, 0xff, 0xfe, 0xfe, 0xff, 0xff,
    0xce, 0xcd, 0xf9, 0xff, 0x07, 0x03, 0xe2, 0xff, 0x09, 0x01, 0xe2, 0xff, 0x0b, 0x02, 0xe2, 0xff,
    0x04, 0x01, 0xe1, 0xff, 0x21, 0x1a, 0xe5, 0xff, 0xf1, 0xf1, 0xfd, 0xff, 0xfe, 0xfe, 0xff, 0xff,
    0xfe, 0xfe, 0xff, 0xff, 0xff, 0xff, 0xff, 0xff, 0xff, 0xff, 0xff, 0xff, 0xff, 0xff, 0xff, 0xff,
    0xfe, 0xfe, 0xff, 0xff, 0xfe, 0xfe, 0xff, 0xff, 0xf4, 0xf4, 0xfe, 0xff, 0x26, 0x1e, 0xe5, 0xff,
    0x04, 0x01, 0xe1, 0xff, 0x0c, 0x03, 0xe2, 0xff, 0x05, 0x01, 0xe2, 0xff, 0x18, 0x10, 0xe4, 0xff,
    0xe9, 0xe8, 0xfc, 0xff, 0xfe, 0xfe, 0xff, 0xff, 0xfe, 0xfe, 0xff, 0xff, 0xff, 0xff, 0xff, 0xff,
    0xff, 0xff, 0xff, 0xff, 0xff, 0xff, 0xff, 0xff, 0xff, 0xff, 0xff, 0xff, 0xfc, 0xfc, 0xff, 0xff,
    0xff, 0xff, 0xff, 0xff, 0xba, 0xb8, 0xf7, 0xff, 0x00, 0x00, 0xdf, 0xff, 0x00, 0x00, 0xe0, 0xff,
    0x00, 0x00, 0xe0, 0xff, 0x00, 0x00, 0xe0, 0xff, 0x00, 0x00, 0xe0, 0xff, 0x00, 0x00, 0xe0, 0xff,
    0x00, 0x00, 0xe0, 0xff, 0x00, 0x00, 0xe0, 0xff, 0x00, 0x00, 0xe0, 0xff, 0x00, 0x00, 0xe0, 0xff,
    0x00, 0x00, 0xe0, 0xff, 0x00, 0x00, 0xe0, 0xff, 0x00, 0x00, 0xe0, 0xff, 0x00, 0x00, 0xe0, 0xff,
    0x00, 0x00, 0xe0, 0xff, 0x00, 0x00, 0xe0, 0xff, 0x00, 0x00, 0xe0, 0xff, 0xa8, 0xa6, 0xf5, 0xff,
    0xff, 0xff, 0xff, 0xff, 0xfc, 0xfc, 0xff, 0xff, 0xff, 0xff, 0xff, 0xff, 0xff, 0xff, 0xff, 0xff,
    0xff, 0xff, 0xff, 0xff, 0xff, 0xff, 0xff, 0xff, 0xfe, 0xfe, 0xff, 0xff, 0xfe, 0xfe, 0xff, 0xff,
    0xfb, 0xfb, 0xfe, 0xff, 0x35, 0x2d, 0xe7, 0xff, 0x02, 0x00, 0xe1, 0xff, 0x0c, 0x03, 0xe2, 0xff,
    0x00, 0x00, 0xe1, 0xff, 0x00, 0x00, 0xe0, 0xff, 0x00, 0x00, 0xe0, 0xff, 0x00, 0x00, 0xe0, 0xff,
    0x00, 0x00, 0xe0, 0xff, 0x00, 0x00, 0xe0, 0xff, 0x00, 0x00, 0xe0, 0xff, 0x00, 0x00, 0xe0, 0xff,
    0x00, 0x00, 0xe0, 0xff, 0x00, 0x00, 0xe0, 0xff, 0x00, 0x00, 0xe0, 0xff, 0x00, 0x00, 0xe0, 0xff,
    0x00, 0x00, 0xe0, 0xff, 0x00, 0x00, 0xe0, 0xff, 0x00, 0x00, 0xe0, 0xff, 0x00, 0x00, 0xe0, 0xff,
    0x00, 0x00, 0xe0, 0xff, 0x00, 0x00, 0xe0, 0xff, 0x00, 0x00, 0xe0, 0xff, 0x00, 0x00, 0xe0, 0xff,
    0x00, 0x00, 0xe0, 0xff, 0x00, 0x00, 0xe0, 0xff, 0x00, 0x00, 0xe0, 0xff, 0x00, 0x00, 0xe0, 0xff,
    0x00, 0x00, 0xe0, 0xff, 0x00, 0x00, 0xe0, 0xff, 0x00, 0x00, 0xe0, 0xff, 0x08, 0x05, 0xe1, 0xff,
    0x8b, 0x87, 0xf2, 0xff, 0xff, 0xff, 0xff, 0xff, 0xfd, 0xfd, 0xff, 0xff, 0xff, 0xff, 0xff, 0xff,
    0xff, 0xff, 0xff, 0xff, 0xff, 0xff, 0xff, 0xff, 0xff, 0xff, 0xff, 0xff, 0xff, 0xff, 0xff, 0xff,
    0xfb, 0xfb, 0xff, 0xff, 0xff, 0xff, 0xff, 0xff, 0xa4, 0xa1, 0xf4, 0xff, 0x00, 0x00, 0xe0, 0xff,
    0x0c, 0x03, 0xe2, 0xff, 0x09, 0x00, 0xe2, 0xff, 0x09, 0x00, 0xe2, 0xff, 0x09, 0x00, 0xe2, 0xff,
    0x09, 0x00, 0xe2, 0xff, 0x09, 0x00, 0xe2, 0xff, 0x09, 0x00, 0xe2, 0xff, 0x09, 0x00, 0xe2, 0xff,
    0x09, 0x00, 0xe2, 0xff, 0x09, 0x00, 0xe2, 0xff, 0x09, 0x00, 0xe2, 0xff, 0x09, 0x00, 0xe2, 0xff,
    0x09, 0x00, 0xe2, 0xff, 0x09, 0x00, 0xe2, 0xff, 0x09, 0x00, 0xe2, 0xff, 0x09, 0x00, 0xe2, 0xff,
    0x09, 0x00, 0xe2, 0xff, 0x09, 0x00, 0xe2, 0xff, 0x09, 0x00, 0xe2, 0xff, 0x09, 0x00, 0xe2, 0xff,
    0x09, 0x00, 0xe2, 0xff, 0x09, 0x00, 0xe2, 0xff, 0x09, 0x00, 0xe2, 0xff, 0x09, 0x00, 0xe2, 0xff,
    0x09, 0x00, 0xe2, 0xff, 0x09, 0x00, 0xe2, 0xff, 0x09, 0x00, 0xe2, 0xfe, 0x09, 0x00, 0xe3, 0xfb,
    0x0a, 0x00, 0xee, 0xff, 0x09, 0x00, 0xe1, 0x4f, 0x00, 0x00, 0x00, 0x00, 0x00, 0x00, 0xff, 0x03,
    0x00, 0x00, 0x00, 0x00, 0x00, 0x00, 0xff, 0x03, 0x00, 0x00, 0x00, 0x00, 0x08, 0x00, 0xdf, 0x99,
    0x0a, 0x00, 0xf3, 0xff, 0x09, 0x00, 0xe2, 0xfa, 0x09, 0x00, 0xe2, 0xff, 0x09, 0x00, 0xe2, 0xff,
    0x09, 0x00, 0xe2, 0xff, 0x09, 0x00, 0xe2, 0xff, 0x09, 0x00, 0xe2, 0xff, 0x09, 0x00, 0xe2, 0xff,
    0x09, 0x00, 0xe2, 0xff, 0x09, 0x00, 0xe2, 0xff, 0x09, 0x00, 0xe2, 0xff, 0x09, 0x00, 0xe2, 0xff,
    0x09, 0x00, 0xe2, 0xff, 0x09, 0x00, 0xe2, 0xff, 0x09, 0x00, 0xe2, 0xff, 0x09, 0x00, 0xe2, 0xff,
    0x09, 0x00, 0xe2, 0xff, 0x09, 0x00, 0xe2, 0xff, 0x09, 0x00, 0xe2, 0xff, 0x09, 0x00, 0xe2, 0xff,
    0x09, 0x00, 0xe2, 0xff, 0x09, 0x00, 0xe2, 0xff, 0x09, 0x00, 0xe2, 0xff, 0x09, 0x00, 0xe2, 0xff,
    0x09, 0x00, 0xe2, 0xff, 0x09, 0x00, 0xe2, 0xff, 0x09, 0x00, 0xe2, 0xff, 0x09, 0x00, 0xe2, 0xff,
    0x0c, 0x03, 0xe2, 0xff, 0x00, 0x00, 0xe0, 0xff, 0x99, 0x96, 0xf3, 0xff, 0xff, 0xff, 0xff, 0xff,
    0xfb, 0xfb, 0xff, 0xff, 0xff, 0xff, 0xff, 0xff, 0xff, 0xff, 0xff, 0xff, 0xff, 0xff, 0xff, 0xff,
    0xff, 0xff, 0xff, 0xff, 0xfe, 0xfe, 0xff, 0xff, 0xff, 0xff, 0xff, 0xff, 0xe9, 0xe9, 0xfd, 0xff,
    0x88, 0x84, 0xf1, 0xff, 0x88, 0x85, 0xf1, 0xff, 0x93, 0x90, 0xf2, 0xff, 0xf9, 0xf9, 0xfe, 0xff,
    0xff, 0xff, 0xff, 0xff, 0xff, 0xff, 0xff, 0xff, 0xff, 0xff, 0xff, 0xff, 0xff, 0xff, 0xff, 0xff,
    0xff, 0xff, 0xff, 0xff, 0xff, 0xff, 0xff, 0xff, 0xfd, 0xfd, 0xff, 0xff, 0xfe, 0xfe, 0xff, 0xff,
    0x42, 0x3b, 0xe9, 0xff, 0x01, 0x00, 0xe1, 0xff, 0x0c, 0x03, 0xe2, 0xff, 0x09, 0x00, 0xe2, 0xff,
    0x09, 0x00, 0xe2, 0xff, 0x09, 0x00, 0xe2, 0xff, 0x09, 0x00, 0xe2, 0xff, 0x09, 0x00, 0xe2, 0xff,
    0x09, 0x00, 0xe2, 0xff, 0x09, 0x00, 0xe2, 0xff, 0x09, 0x00, 0xe2, 0xff, 0x09, 0x00, 0xe2, 0xff,
    0x09, 0x00, 0xe2, 0xff, 0x09, 0x00, 0xe2, 0xff, 0x09, 0x00, 0xe2, 0xff, 0x09, 0x00, 0xe2, 0xff,
    0x09, 0x00, 0xe2, 0xff, 0x09, 0x00, 0xe2, 0xff, 0x09, 0x00, 0xe2, 0xff, 0x09, 0x00, 0xe2, 0xff,
    0x0c, 0x03, 0xe2, 0xff, 0x00, 0x00, 0xe0, 0xff, 0x4e, 0x47, 0xea, 0xff, 0xff, 0xff, 0xff, 0xff,
    0xfd, 0xfd, 0xff, 0xff, 0xff, 0xff, 0xff, 0xff, 0xff, 0xff, 0xff, 0xff, 0xff, 0xff, 0xff, 0xff,
    0xff, 0xff, 0xff, 0xff, 0xff, 0xfe, 0xff, 0xff, 0xfe, 0xfe, 0xff, 0xff, 0xfc, 0xfc, 0xff, 0xff,
    0x38, 0x31, 0xe8, 0xff, 0x02, 0x01, 0xe1, 0xff, 0x0b, 0x03, 0xe2, 0xff, 0x09, 0x00, 0xe2, 0xff,
    0x09, 0x00, 0xe2, 0xff, 0x09, 0x00, 0xe2, 0xff, 0x09, 0x00, 0xe2, 0xff, 0x09, 0x00, 0xe2, 0xff,
    0x09, 0x00, 0xe2, 0xff, 0x09, 0x00, 0xe2, 0xff, 0x09, 0x00, 0xe2, 0xff, 0x09, 0x00, 0xe2, 0xff,
    0x09, 0x00, 0xe2, 0xff, 0x09, 0x00, 0xe2, 0xff, 0x09, 0x00, 0xe2, 0xff, 0x09, 0x00, 0xe2, 0xff,
    0x09, 0x00, 0xe2, 0xff, 0x09, 0x00, 0xe2, 0xff, 0x09, 0x00, 0xe2, 0xff, 0x0b, 0x03, 0xe2, 0xff,
    0x02, 0x01, 0xe1, 0xff, 0x34, 0x2d, 0xe7, 0xff, 0xfb, 0xfb, 0xff, 0xff, 0xfe, 0xfe, 0xff, 0xff,
    0xff, 0xff, 0xff, 0xff, 0xff, 0xff, 0xff, 0xff, 0xff, 0xff, 0xff, 0xff, 0xff, 0xff, 0xff, 0xff,
    0xff, 0xff, 0xff, 0xff, 0xff, 0xff, 0xff, 0xff, 0xfe, 0xfe, 0xff, 0xff, 0xff, 0xff, 0xff, 0xff,
    0xcf, 0xce, 0xf9, 0xff, 0x94, 0x91, 0xf2, 0xff, 0x93, 0x8f, 0xf2, 0xff, 0x93, 0x8f, 0xf2, 0xff,
    0x93, 0x8f, 0xf2, 0xff, 0x93, 0x8f, 0xf2, 0xff, 0x93, 0x8f, 0xf2, 0xff, 0x93, 0x8f, 0xf2, 0xff,
    0x93, 0x8f, 0xf2, 0xff, 0x93, 0x8f, 0xf2, 0xff, 0x93, 0x8f, 0xf2, 0xff, 0x93, 0x8f, 0xf2, 0xff,
    0x93, 0x8f, 0xf2, 0xff, 0x93, 0x8f, 0xf2, 0xff, 0x94, 0x90, 0xf2, 0xff, 0x8b, 0x88, 0xf1, 0xff,
    0xad, 0xaa, 0xf5, 0xff, 0xfe, 0xfe, 0xff, 0xff, 0xfe, 0xfe, 0xff, 0xff, 0xfe, 0xfe, 0xff, 0xff,
    0xff, 0xff, 0xff, 0xff, 0xff, 0xff, 0xff, 0xff, 0xff, 0xff, 0xff, 0xff, 0xff, 0xff, 0xff, 0xff,
    0xfc, 0xfc, 0xff, 0xff, 0xff, 0xff, 0xff, 0xff, 0x77, 0x72, 0xef, 0xff, 0x00, 0x00, 0xe0, 0xff,
    0x0d, 0x04, 0xe2, 0xff, 0x0d, 0x04, 0xe2, 0xff, 0x00, 0x00, 0xe0, 0xff, 0x6f, 0x6a, 0xee, 0xff,
    0xff, 0xff, 0xff, 0xff, 0xfc, 0xfc, 0xff, 0xff, 0xff, 0xff, 0xff, 0xff, 0xff, 0xff, 0xff, 0xff,
    0xff, 0xff, 0xff, 0xff, 0xff, 0xff, 0xff, 0xff, 0xfd, 0xfd, 0xff, 0xff, 0xfe, 0xfe, 0xff, 0xff,
    0xd5, 0xd4, 0xfa, 0xff, 0x0b, 0x05, 0xe2, 0xff, 0x08, 0x01, 0xe2, 0xff, 0x09, 0x01, 0xe2, 0xff,
    0x09, 0x00, 0xe2, 0xff, 0x09, 0x00, 0xe2, 0xff, 0x09, 0x00, 0xe2, 0xff, 0x09, 0x00, 0xe2, 0xff,
    0x09, 0x00, 0xe2, 0xff, 0x09, 0x00, 0xe2, 0xff, 0x09, 0x00, 0xe2, 0xff, 0x09, 0x00, 0xe2, 0xff,
    0x09, 0x00, 0xe2, 0xff, 0x09, 0x00, 0xe2, 0xff, 0x09, 0x00, 0xe2, 0xff, 0x09, 0x00, 0xe2, 0xff,
    0x0b, 0x03, 0xe2, 0xff, 0x02, 0x01, 0xe1, 0xff, 0x36, 0x2f, 0xe8, 0xff, 0xfb, 0xfb, 0xff, 0xff,
    0xfe, 0xfe, 0xff, 0xff, 0xff, 0xff, 0xff, 0xff, 0xff, 0xff, 0xff, 0xff, 0xff, 0xff, 0xff, 0xff,
    0xff, 0xff, 0xff, 0xff, 0xff, 0xff, 0xff, 0xff, 0xfc, 0xfc, 0xff, 0xff, 0xff, 0xff, 0xff, 0xff,
    0x63, 0x5d, 0xed, 0xff, 0x00, 0x00, 0xe0, 0xff, 0x0d, 0x04, 0xe2, 0xff, 0x0d, 0x03, 0xe2, 0xff,
    0x00, 0x00, 0xe0, 0xff, 0x82, 0x7e, 0xf0, 0xff, 0xff, 0xff, 0xff, 0xff, 0xfc, 0xfc, 0xff, 0xff,
    0xff, 0xff, 0xff, 0xff, 0xff, 0xff, 0xff, 0xff, 0xff, 0xff, 0xff, 0xff, 0xff, 0xff, 0xff, 0xff,
    0xfb, 0xfb, 0xff, 0xff, 0xff, 0xff, 0xff, 0xff, 0xa3, 0xa0, 0xf4, 0xff, 0x00, 0x00, 0xe0, 0xff,
    0x0c, 0x03, 0xe2, 0xff, 0x0d, 0x04, 0xe2, 0xff, 0x00, 0x00, 0xe0, 0xff, 0x6e, 0x69, 0xee, 0xff,
    0xff, 0xff, 0xff, 0xff, 0xfc, 0xfc, 0xff, 0xff, 0xff, 0xff, 0xff, 0xff, 0xff, 0xff, 0xff, 0xff,
    0xff, 0xff, 0xff, 0xff, 0xff, 0xff, 0xff, 0xff, 0xff, 0xff, 0xff, 0xff, 0xfe, 0xfe, 0xff, 0xff,
    0xfe, 0xfe, 0xff, 0xff, 0xf7, 0xf7, 0xfe, 0xff, 0x8c, 0x89, 0xf2, 0xff, 0x69, 0x66, 0xed, 0xff,
    0x6e, 0x6a, 0xee, 0xff, 0x6d, 0x68, 0xee, 0xff, 0x6d, 0x68, 0xee, 0xff, 0x6d, 0x68, 0xee, 0xff,
    0x6d, 0x68, 0xee, 0xff, 0x6d, 0x68, 0xee, 0xff, 0x6d, 0x68, 0xee, 0xff, 0x6d, 0x68, 0xee, 0xff,
    0x6d, 0x68, 0xee, 0xff, 0x6d, 0x68, 0xee, 0xff, 0x6d, 0x68, 0xee, 0xff, 0x6d, 0x69, 0xee, 0xff,
    0x6d, 0x69, 0xee, 0xff, 0x70, 0x6f, 0xee, 0xff, 0xbb, 0xb8, 0xf7, 0xff, 0xff, 0xff, 0xff, 0xff,
    0xfe, 0xfe, 0xff, 0xff, 0xff, 0xff, 0xff, 0xff, 0xff, 0xff, 0xff, 0xff, 0xff, 0xff, 0xff, 0xff,
    0xff, 0xff, 0xff, 0xff, 0xff, 0xff, 0xff, 0xff, 0xfc, 0xfc, 0xff, 0xff, 0xfe, 0xfe, 0xff, 0xff,
    0xb7, 0xb5, 0xf6, 0xff, 0x01, 0x00, 0xe1, 0xff, 0x0d, 0x03, 0xe2, 0xff, 0x03, 0x00, 0xe1, 0xff,
    0x5f, 0x59, 0xec, 0xff, 0x86, 0x82, 0xf1, 0xff, 0x82, 0x7e, 0xf0, 0xff, 0x84, 0x80, 0xf0, 0xff,
    0x84, 0x80, 0xf0, 0xff, 0x84, 0x80, 0xf0, 0xff, 0x84, 0x80, 0xf0, 0xff, 0x84, 0x80, 0xf0, 0xff,
    0x84, 0x80, 0xf0, 0xff, 0x84, 0x80, 0xf0, 0xff, 0x84, 0x80, 0xf0, 0xff, 0x84, 0x80, 0xf0, 0xff,
    0x84, 0x80, 0xf0, 0xff, 0x84, 0x80, 0xf0, 0xff, 0x84, 0x80, 0xf0, 0xff, 0x84, 0x80, 0xf0, 0xff,
    0x84, 0x80, 0xf0, 0xff, 0x84, 0x80, 0xf0, 0xff, 0x84, 0x80, 0xf0, 0xff, 0x84, 0x80, 0xf0, 0xff,
    0x84, 0x80, 0xf0, 0xff, 0x84, 0x80, 0xf0, 0xff, 0x84, 0x80, 0xf0, 0xff, 0x84, 0x80, 0xf0, 0xff,
    0x84, 0x80, 0xf0, 0xff, 0x83, 0x7f, 0xf0, 0xff, 0x8e, 0x8b, 0xf2, 0xff, 0xd0, 0xce, 0xf9, 0xff,
    0xff, 0xff, 0xff, 0xff, 0xfe, 0xfe, 0xff, 0xff, 0xff, 0xff, 0xff, 0xff, 0xff, 0xff, 0xff, 0xff,
    0xff, 0xff, 0xff, 0xff, 0xff, 0xff, 0xff, 0xff, 0xff, 0xff, 0xff, 0xff, 0xff, 0xff, 0xff, 0xff,
    0xfe, 0xfe, 0xff, 0xff, 0xfd, 0xfd, 0xff, 0xff, 0x3c, 0x35, 0xe8, 0xff, 0x01, 0x00, 0xe1, 0xff,
    0x0c, 0x03, 0xe2, 0xff, 0x09, 0x00, 0xe2, 0xff, 0x09, 0x00, 0xe2, 0xff, 0x09, 0x00, 0xe2, 0xff,
    0x09, 0x00, 0xe2, 0xff, 0x09, 0x00, 0xe2, 0xff, 0x09, 0x00, 0xe2, 0xff, 0x09, 0x00, 0xe2, 0xff,
    0x09, 0x00, 0xe2, 0xff, 0x09, 0x00, 0xe2, 0xff, 0x09, 0x00, 0xe2, 0xff, 0x09, 0x00, 0xe2, 0xff,
    0x09, 0x00, 0xe2, 0xff, 0x09, 0x00, 0xe2, 0xff, 0x09, 0x00, 0xe2, 0xff, 0x09, 0x00, 0xe2, 0xff,
    0x09, 0x00, 0xe2, 0xff, 0x09, 0x00, 0xe2, 0xff, 0x09, 0x00, 0xe2, 0xff, 0x09, 0x00, 0xe2, 0xff,
    0x09, 0x00, 0xe2, 0xff, 0x09, 0x00, 0xe2, 0xff, 0x09, 0x00, 0xe2, 0xff, 0x09, 0x00, 0xe2, 0xff,
    0x09, 0x00, 0xe2, 0xff, 0x09, 0x00, 0xe2, 0xff, 0x09, 0x00, 0xe1, 0xfa, 0x0a, 0x00, 0xf3, 0xff,
    0x08, 0x00, 0xdf, 0x99, 0x00, 0x00, 0x00, 0x00, 0x00, 0x00, 0xff, 0x03, 0x00, 0x00, 0x00, 0x00,
    0x00, 0x00, 0x00, 0x00, 0x00, 0x00, 0xff, 0x01, 0x00, 0x00, 0xff, 0x02, 0x00, 0x00, 0xff, 0x07,
    0x09, 0x00, 0xe3, 0xc5, 0x0a, 0x00, 0xef, 0xff, 0x09, 0x00, 0xe1, 0xfb, 0x09, 0x00, 0xe2, 0xff,
    0x09, 0x00, 0xe2, 0xff, 0x09, 0x00, 0xe2, 0xff, 0x09, 0x00, 0xe2, 0xff, 0x09, 0x00, 0xe2, 0xff,
    0x09, 0x00, 0xe2, 0xff, 0x09, 0x00, 0xe2, 0xff, 0x09, 0x00, 0xe2, 0xff, 0x09, 0x00, 0xe2, 0xff,
    0x09, 0x00, 0xe2, 0xff, 0x09, 0x00, 0xe2, 0xff, 0x09, 0x00, 0xe2, 0xff, 0x09, 0x00, 0xe2, 0xff,
    0x09, 0x00, 0xe2, 0xff, 0x09, 0x00, 0xe2, 0xff, 0x09, 0x00, 0xe2, 0xff, 0x09, 0x00, 0xe2, 0xff,
    0x09, 0x00, 0xe2, 0xff, 0x09, 0x00, 0xe2, 0xff, 0x09, 0x00, 0xe2, 0xff, 0x09, 0x00, 0xe2, 0xff,
    0x09, 0x00, 0xe2, 0xff, 0x09, 0x00, 0xe2, 0xff, 0x09, 0x00, 0xe2, 0xff, 0x0a, 0x01, 0xe2, 0xff,
    0x04, 0x00, 0xe1, 0xff, 0x1e, 0x17, 0xe5, 0xff, 0xef, 0xee, 0xfd, 0xff, 0xfe, 0xfe, 0xff, 0xff,
    0xfe, 0xfe, 0xff, 0xff, 0xff, 0xff, 0xff, 0xff, 0xff, 0xff, 0xff, 0xff, 0xff, 0xff, 0xff, 0xff,
    0xff, 0xff, 0xff, 0xff, 0xff, 0xff, 0xff, 0xff, 0xff, 0xff, 0xff, 0xff, 0xff, 0xff, 0xff, 0xff,
    0xff, 0xff, 0xff, 0xff, 0xff, 0xff, 0xff, 0xff, 0xff, 0xff, 0xff, 0xff, 0xff, 0xff, 0xff, 0xff,
    0xff, 0xff, 0xff, 0xff, 0xff, 0xff, 0xff, 0xff, 0xff, 0xff, 0xff, 0xff, 0xff, 0xff, 0xff, 0xff,
    0xff, 0xff, 0xff, 0xff, 0xfc, 0xfc, 0xff, 0xff, 0xff, 0xff, 0xff, 0xff, 0xc4, 0xc2, 0xf8, 0xff,
    0x04, 0x00, 0xe1, 0xff, 0x0a, 0x02, 0xe2, 0xff, 0x09, 0x00, 0xe2, 0xff, 0x09, 0x00, 0xe2, 0xff,
    0x09, 0x00, 0xe2, 0xff, 0x09, 0x00, 0xe2, 0xff, 0x09, 0x00, 0xe2, 0xff, 0x09, 0x00, 0xe2, 0xff,
    0x09, 0x00, 0xe2, 0xff, 0x09, 0x00, 0xe2, 0xff, 0x09, 0x00, 0xe2, 0xff, 0x09, 0x00, 0xe2, 0xff,
    0x09, 0x00, 0xe2, 0xff, 0x09, 0x00, 0xe2, 0xff, 0x09, 0x00, 0xe2, 0xff, 0x09, 0x00, 0xe2, 0xff,
    0x09, 0x00, 0xe2, 0xff, 0x09, 0x00, 0xe2, 0xff, 0x09, 0x00, 0xe2, 0xff, 0x09, 0x00, 0xe2, 0xff,
    0x0b, 0x02, 0xe2, 0xff, 0x02, 0x00, 0xe1, 0xff, 0xb9, 0xb7, 0xf7, 0xff, 0xff, 0xff, 0xff, 0xff,
    0xfc, 0xfc, 0xff, 0xff, 0xff, 0xff, 0xff, 0xff, 0xff, 0xff, 0xff, 0xff, 0xff, 0xff, 0xff, 0xff,
    0xff, 0xff, 0xff, 0xff, 0xfc, 0xfc, 0xff, 0xff, 0xff, 0xff, 0xff, 0xff, 0xb8, 0xb6, 0xf7, 0xff,
    0x02, 0x00, 0xe1, 0xff, 0x0b, 0x02, 0xe2, 0xff, 0x09, 0x00, 0xe2, 0xff, 0x09, 0x00, 0xe2, 0xff,
    0x09, 0x00, 0xe2, 0xff, 0x09, 0x00, 0xe2, 0xff, 0x09, 0x00, 0xe2, 0xff, 0x09, 0x00, 0xe2, 0xff,
    0x09, 0x00, 0xe2, 0xff, 0x09, 0x00, 0xe2, 0xff, 0x09, 0x00, 0xe2, 0xff, 0x09, 0x00, 0xe2, 0xff,
    0x09, 0x00, 0xe2, 0xff, 0x09, 0x00, 0xe2, 0xff, 0x09, 0x00, 0xe2, 0xff, 0x09, 0x00, 0xe2, 0xff,
    0x09, 0x00, 0xe2, 0xff, 0x09, 0x00, 0xe2, 0xff, 0x09, 0x00, 0xe2, 0xff, 0x0c, 0x03, 0xe2, 0xff,
    0x00, 0x00, 0xe0, 0xff, 0x9d, 0x99, 0xf4, 0xff, 0xff, 0xff, 0xff, 0xff, 0xfb, 0xfb, 0xff, 0xff,
    0xff, 0xff, 0xff, 0xff, 0xff, 0xff, 0xff, 0xff, 0xff, 0xff, 0xff, 0xff, 0xff, 0xff, 0xff, 0xff,
    0xff, 0xff, 0xff, 0xff, 0xff, 0xff, 0xff, 0xff, 0xff, 0xff, 0xff, 0xff, 0xff, 0xff, 0xff, 0xff,
    0xff, 0xff, 0xff, 0xff, 0xff, 0xff, 0xff, 0xff, 0xff, 0xff, 0xff, 0xff, 0xff, 0xff, 0xff, 0xff,
    0xff, 0xff, 0xff, 0xff, 0xff, 0xff, 0xff, 0xff, 0xff, 0xff, 0xff, 0xff, 0xff, 0xff, 0xff, 0xff,
    0xff, 0xff, 0xff, 0xff, 0xff, 0xff, 0xff, 0xff, 0xff, 0xff, 0xff, 0xff, 0xff, 0xff, 0xff, 0xff,
    0xff, 0xff, 0xff, 0xff, 0xff, 0xff, 0xff, 0xff, 0xff, 0xff, 0xff, 0xff, 0xff, 0xff, 0xff, 0xff,
    0xff, 0xff, 0xff, 0xff, 0xff, 0xff, 0xff, 0xff, 0xff, 0xff, 0xff, 0xff, 0xff, 0xff, 0xff, 0xff,
    0xff, 0xff, 0xff, 0xff, 0xff, 0xff, 0xff, 0xff, 0xff, 0xff, 0xff, 0xff, 0xfe, 0xfe, 0xff, 0xff,
    0xfe, 0xfe, 0xff, 0xff, 0xea, 0xea, 0xfc, 0xff, 0x19, 0x13, 0xe4, 0xff, 0x05, 0x01, 0xe2, 0xff,
    0x0b, 0x02, 0xe2, 0xff, 0x08, 0x01, 0xe2, 0xff, 0x0b, 0x05, 0xe2, 0xff, 0xd5, 0xd4, 0xfa, 0xff,
    0xff, 0xfe, 0xff, 0xff, 0xfd, 0xfd, 0xff, 0xff, 0xff, 0xff, 0xff, 0xff, 0xff, 0xff, 0xff, 0xff,
    0xff, 0xff, 0xff, 0xff, 0xff, 0xff, 0xff, 0xff, 0xfc, 0xfc, 0xff, 0xff, 0xff, 0xff, 0xff, 0xff,
    0x6a, 0x65, 0xee, 0xff, 0x00, 0x00, 0xe0, 0xff, 0x0d, 0x04, 0xe2, 0xff, 0x09, 0x00, 0xe2, 0xff,
    0x09, 0x00, 0xe2, 0xff, 0x09, 0x00, 0xe2, 0xff, 0x09, 0x00, 0xe2, 0xff, 0x09, 0x00, 0xe2, 0xff,
    0x09, 0x00, 0xe2, 0xff, 0x09, 0x00, 0xe2, 0xff, 0x09, 0x00, 0xe2, 0xff, 0x09, 0x00, 0xe2, 0xff,
    0x09, 0x00, 0xe2, 0xff, 0x09, 0x00, 0xe2, 0xff, 0x09, 0x00, 0xe2, 0xff, 0x09, 0x00, 0xe2, 0xff,
    0x0c, 0x03, 0xe2, 0xff, 0x00, 0x00, 0xe0, 0xff, 0xa0, 0x9d, 0xf4, 0xff, 0xff, 0xff, 0xff, 0xff,
    0xfb, 0xfb, 0xff, 0xff, 0xff, 0xff, 0xff, 0xff, 0xff, 0xff, 0xff, 0xff, 0xff, 0xff, 0xff, 0xff,
    0xff, 0xff, 0xff, 0xff, 0xfd, 0xfd, 0xff, 0xff, 0xfe, 0xfe, 0xff, 0xff, 0xde, 0xdd, 0xfb, 0xff,
    0x10, 0x0a, 0xe3, 0xff, 0x07, 0x01, 0xe2, 0xff, 0x0b, 0x02, 0xe2, 0xff, 0x06, 0x01, 0xe2, 0xff,
    0x13, 0x0c, 0xe3, 0xff, 0xe4, 0xe3, 0xfc, 0xff, 0xff, 0xff, 0xff, 0xff, 0xfd, 0xfd, 0xff, 0xff,
    0xff, 0xff, 0xff, 0xff, 0xff, 0xff, 0xff, 0xff, 0xff, 0xff, 0xff, 0xff, 0xff, 0xff, 0xff, 0xff,
    0xfe, 0xfe, 0xff, 0xff, 0xfc, 0xfc, 0xff, 0xff, 0x3a, 0x33, 0xe8, 0xff, 0x02, 0x01, 0xe1, 0xff,
    0x0c, 0x03, 0xe2, 0xff, 0x08, 0x01, 0xe2, 0xff, 0x0b, 0x05, 0xe2, 0xff, 0xd4, 0xd3, 0xfa, 0xff,
    0xff, 0xfe, 0xff, 0xff, 0xfd, 0xfd, 0xff, 0xff, 0xff, 0xff, 0xff, 0xff, 0xff, 0xff, 0xff, 0xff,
    0xff, 0xff, 0xff, 0xff, 0xff, 0xff, 0xff, 0xff, 0xff, 0xff, 0xff, 0xff, 0xff, 0xff, 0xff, 0xff,
    0xff, 0xff, 0xff, 0xff, 0xff, 0xff, 0xff, 0xff, 0xff, 0xff, 0xff, 0xff, 0xff, 0xff, 0xff, 0xff,
    0xff, 0xff, 0xff, 0xff, 0xff, 0xff, 0xff, 0xff, 0xff, 0xff, 0xff, 0xff, 0xff, 0xff, 0xff, 0xff,
    0xff, 0xff, 0xff, 0xff, 0xff, 0xff, 0xff, 0xff, 0xff, 0xff, 0xff, 0xff, 0xff, 0xff, 0xff, 0xff,
    0xff, 0xff, 0xff, 0xff, 0xff, 0xff, 0xff, 0xff, 0xff, 0xff, 0xff, 0xff, 0xff, 0xff, 0xff, 0xff,
    0xff, 0xff, 0xff, 0xff, 0xff, 0xff, 0xff, 0xff, 0xff, 0xff, 0xff, 0xff, 0xfe, 0xfe, 0xff, 0xff,
    0xff, 0xff, 0xff, 0xff, 0xff, 0xff, 0xff, 0xff, 0xff, 0xff, 0xff, 0xff, 0xff, 0xff, 0xff, 0xff,
    0xff, 0xff, 0xff, 0xff, 0xff, 0xff, 0xff, 0xff, 0xfc, 0xfd, 0xff, 0xff, 0xff, 0xff, 0xff, 0xff,
    0x4d, 0x47, 0xea, 0xff, 0x01, 0x00, 0xe1, 0xff, 0x07, 0x02, 0xe2, 0xff, 0x1e, 0x17, 0xe5, 0xff,
    0xf8, 0xf8, 0xfe, 0xff, 0xff, 0xff, 0xff, 0xff, 0xff, 0xff, 0xff, 0xff, 0xff, 0xff, 0xff, 0xff,
    0xff, 0xff, 0xff, 0xff, 0xff, 0xff, 0xff, 0xff, 0xff, 0xff, 0xff, 0xff, 0xff, 0xff, 0xff, 0xff,
    0xff, 0xff, 0xff, 0xff, 0xff, 0xff, 0xff, 0xff, 0xff, 0xff, 0xff, 0xff, 0xff, 0xff, 0xff, 0xff,
    0xff, 0xff, 0xff, 0xff, 0xff, 0xff, 0xff, 0xff, 0xff, 0xff, 0xff, 0xff, 0xff, 0xff, 0xff, 0xff,
    0xff, 0xff, 0xff, 0xff, 0xff, 0xff, 0xff, 0xff, 0xff, 0xff, 0xff, 0xff, 0xff, 0xff, 0xff, 0xff,
    0xff, 0xff, 0xff, 0xff, 0xff, 0xff, 0xff, 0xff, 0xff, 0xff, 0xff, 0xff, 0xff, 0xff, 0xff, 0xff,
    0xff, 0xff, 0xff, 0xff, 0xff, 0xff, 0xff, 0xff, 0xff, 0xff, 0xff, 0xff, 0xff, 0xff, 0xff, 0xff,
    0xfd, 0xfd, 0xff, 0xff, 0xff, 0xff, 0xff, 0xff, 0xff, 0xff, 0xff, 0xff, 0xff, 0xff, 0xff, 0xff,
    0xff, 0xff, 0xff, 0xff, 0xff, 0xff, 0xff, 0xff, 0xff, 0xff, 0xff, 0xff, 0xfc, 0xfc, 0xff, 0xff,
    0xfe, 0xff, 0xff, 0xff, 0xbd, 0xbb, 0xf7, 0xff, 0x02, 0x00, 0xe1, 0xff, 0x0b, 0x02, 0xe2, 0xff,
    0x09, 0x00, 0xe2, 0xff, 0x09, 0x00, 0xe2, 0xff, 0x09, 0x00, 0xe2, 0xff, 0x09, 0x00, 0xe2, 0xff,
    0x09, 0x00, 0xe2, 0xff, 0x09, 0x00, 0xe2, 0xff, 0x09, 0x00, 0xe2, 0xff, 0x09, 0x00, 0xe2, 0xff,
    0x09, 0x00, 0xe2, 0xff, 0x09, 0x00, 0xe2, 0xff, 0x09, 0x00, 0xe2, 0xff, 0x09, 0x00, 0xe2, 0xff,
    0x09, 0x00, 0xe2, 0xff, 0x09, 0x00, 0xe2, 0xff, 0x09, 0x00, 0xe2, 0xff, 0x09, 0x00, 0xe2, 0xff,
    0x09, 0x00, 0xe2, 0xff, 0x09, 0x00, 0xe2, 0xff, 0x09, 0x00, 0xe2, 0xff, 0x09, 0x00, 0xe2, 0xff,
    0x09, 0x00, 0xe2, 0xff, 0x09, 0x00, 0xe2, 0xff, 0x09, 0x00, 0xe2, 0xff, 0x09, 0x00, 0xe2, 0xff,
    0x09, 0x00, 0xe2, 0xff, 0x09, 0x00, 0xe1, 0xfb, 0x0a, 0x00, 0xf0, 0xff, 0x09, 0x00, 0xe3, 0xc5,
    0x00, 0x00, 0xff, 0x07, 0x00, 0x00, 0xff, 0x02, 0x00, 0x00, 0xff, 0x01, 0x00, 0x00, 0x00, 0x00,
    0x00, 0x00, 0x00, 0x00, 0x00, 0x00, 0x00, 0x00, 0x00, 0x00, 0xff, 0x02, 0x00, 0x00, 0x00, 0x00,
    0x0a, 0x00, 0xdf, 0x18, 0x09, 0x00, 0xe5, 0xd9, 0x0a, 0x00, 0xed, 0xff, 0x09, 0x00, 0xe1, 0xfb,
    0x09, 0x00, 0xe2, 0xff, 0x09, 0x00, 0xe2, 0xff, 0x09, 0x00, 0xe2, 0xff, 0x09, 0x00, 0xe2, 0xff,
    0x09, 0x00, 0xe2, 0xff, 0x09, 0x00, 0xe2, 0xff, 0x09, 0x00, 0xe2, 0xff, 0x09, 0x00, 0xe2, 0xff,
    0x09, 0x00, 0xe2, 0xff, 0x09, 0x00, 0xe2, 0xff, 0x09, 0x00, 0xe2, 0xff, 0x09, 0x00, 0xe2, 0xff,
    0x09, 0x00, 0xe2, 0xff, 0x09, 0x00, 0xe2, 0xff, 0x09, 0x00, 0xe2, 0xff, 0x09, 0x00, 0xe2, 0xff,
    0x09, 0x00, 0xe2, 0xff, 0x09, 0x00, 0xe2, 0xff, 0x09, 0x00, 0xe2, 0xff, 0x09, 0x00, 0xe2, 0xff,
    0x09, 0x00, 0xe2, 0xff, 0x09, 0x00, 0xe2, 0xff, 0x09, 0x00, 0xe2, 0xff, 0x0d, 0x04, 0xe2, 0xff,
    0x00, 0x00, 0xe0, 0xff, 0x78, 0x74, 0xf0, 0xff, 0xff, 0xff, 0xff, 0xff, 0xfc, 0xfc, 0xff, 0xff,
    0xff, 0xff, 0xff, 0xff, 0xff, 0xff, 0xff, 0xff, 0xff, 0xff, 0xff, 0xff, 0xff, 0xff, 0xff, 0xff,
    0xff, 0xff, 0xff, 0xff, 0xff, 0xff, 0xff, 0xff, 0xff, 0xff, 0xff, 0xff, 0xfe, 0xfe, 0xff, 0xff,
    0xfb, 0xfb, 0xff, 0xff, 0xfb, 0xfb, 0xff, 0xff, 0xfb, 0xfb, 0xff, 0xff, 0xff, 0xff, 0xff, 0xff,
    0xff, 0xff, 0xff, 0xff, 0xff, 0xff, 0xff, 0xff, 0xff, 0xff, 0xff, 0xff, 0xff, 0xff, 0xff, 0xff,
    0xff, 0xff, 0xff, 0xff, 0xfd, 0xfc, 0xff, 0xff, 0xff, 0xff, 0xff, 0xff, 0x59, 0x52, 0xeb, 0xff,
    0x00, 0x00, 0xe0, 0xff, 0x0d, 0x04, 0xe2, 0xff, 0x09, 0x00, 0xe2, 0xff, 0x09, 0x00, 0xe2, 0xff,
    0x09, 0x00, 0xe2, 0xff, 0x09, 0x00, 0xe2, 0xff, 0x09, 0x00, 0xe2, 0xff, 0x09, 0x00, 0xe2, 0xff,
    0x09, 0x00, 0xe2, 0xff, 0x09, 0x00, 0xe2, 0xff, 0x09, 0x00, 0xe2, 0xff, 0x09, 0x00, 0xe2, 0xff,
    0x09, 0x00, 0xe2, 0xff, 0x09, 0x00, 0xe2, 0xff, 0x09, 0x00, 0xe2, 0xff, 0x09, 0x00, 0xe2, 0xff,
    0x09, 0x00, 0xe2, 0xff, 0x09, 0x00, 0xe2, 0xff, 0x09, 0x00, 0xe2, 0xff, 0x0b, 0x03, 0xe2, 0xff,
    0x02, 0x01, 0xe1, 0xff, 0x38, 0x31, 0xe8, 0xff, 0xfc, 0xfc, 0xff, 0xff, 0xfe, 0xfe, 0xff, 0xff,
    0xff, 0xff, 0xff, 0xff, 0xff, 0xff, 0xff, 0xff, 0xff, 0xff, 0xff, 0xff, 0xff, 0xff, 0xff, 0xff,
    0xff, 0xff, 0xff, 0xff, 0xfd, 0xfd, 0xff, 0xff, 0xff, 0xff, 0xff, 0xff, 0x4c, 0x45, 0xea, 0xff,
    0x00, 0x00, 0xe0, 0xff, 0x0c, 0x03, 0xe2, 0xff, 0x09, 0x00, 0xe2, 0xff, 0x09, 0x00, 0xe2, 0xff,
    0x09, 0x00, 0xe2, 0xff, 0x09, 0x00, 0xe2, 0xff, 0x09, 0x00, 0xe2, 0xff, 0x09, 0x00, 0xe2, 0xff,
    0x09, 0x00, 0xe2, 0xff, 0x09, 0x00, 0xe2, 0xff, 0x09, 0x00, 0xe2, 0xff, 0x09, 0x00, 0xe2, 0xff,
    0x09, 0x00, 0xe2, 0xff, 0x09, 0x00, 0xe2, 0xff, 0x09, 0x00, 0xe2, 0xff, 0x09, 0x00, 0xe2, 0xff,
    0x09, 0x00, 0xe2, 0xff, 0x09, 0x00, 0xe2, 0xff, 0x0b, 0x02, 0xe2, 0xff, 0x03, 0x00, 0xe1, 0xff,
    0x23, 0x1c, 0xe5, 0xff, 0xf2, 0xf1, 0xfd, 0xff, 0xfe, 0xfe, 0xff, 0xff, 0xfe, 0xfe, 0xff, 0xff,
    0xff, 0xff, 0xff, 0xff, 0xff, 0xff, 0xff, 0xff, 0xff, 0xff, 0xff, 0xff, 0xff, 0xff, 0xff, 0xff,
    0xff, 0xff, 0xff, 0xff, 0xff, 0xff, 0xff, 0xff, 0xff, 0xff, 0xff, 0xff, 0xff, 0xff, 0xff, 0xff,
    0xfd, 0xfd, 0xff, 0xff, 0xfb, 0xfb, 0xff, 0xff, 0xfb, 0xfb, 0xff, 0xff, 0xfb, 0xfb, 0xff, 0xff,
    0xfb, 0xfb, 0xff, 0xff, 0xfb, 0xfb, 0xff, 0xff, 0xfb, 0xfb, 0xff, 0xff, 0xfb, 0xfb, 0xff, 0xff,
    0xfb, 0xfb, 0xff, 0xff, 0xfb, 0xfb, 0xff, 0xff, 0xfb, 0xfb, 0xff, 0xff, 0xfb, 0xfb, 0xff, 0xff,
    0xfb, 0xfb, 0xff, 0xff, 0xfb, 0xfb, 0xff, 0xff, 0xfb, 0xfb, 0xff, 0xff, 0xfb, 0xfb, 0xff, 0xff,
    0xfc, 0xfc, 0xff, 0xff, 0xff, 0xfe, 0xff, 0xff, 0xff, 0xff, 0xff, 0xff, 0xff, 0xff, 0xff, 0xff,
    0xff, 0xff, 0xff, 0xff, 0xff, 0xff, 0xff, 0xff, 0xff, 0xff, 0xff, 0xff, 0xfb, 0xfb, 0xff, 0xff,
    0xff, 0xff, 0xff, 0xff, 0x8a, 0x86, 0xf1, 0xff, 0x00, 0x00, 0xe0, 0xff, 0x0d, 0x03, 0xe2, 0xff,
    0x0c, 0x03, 0xe2, 0xff, 0x00, 0x00, 0xe0, 0xff, 0x54, 0x4e, 0xeb, 0xff, 0xff, 0xff, 0xff, 0xff,
    0xfd, 0xfc, 0xff, 0xff, 0xff, 0xff, 0xff, 0xff, 0xff, 0xff, 0xff, 0xff, 0xff, 0xff, 0xff, 0xff,
    0xff, 0xff, 0xff, 0xff, 0xfd, 0xfd, 0xff, 0xff, 0xfe, 0xfe, 0xff, 0xff, 0xe2, 0xe2, 0xfc, 0xff,
    0x12, 0x0c, 0xe3, 0xff, 0x07, 0x01, 0xe2, 0xff, 0x0a, 0x01, 0xe2, 0xff, 0x09, 0x00, 0xe2, 0xff,
    0x09, 0x00, 0xe2, 0xff, 0x09, 0x00, 0xe2, 0xff, 0x09, 0x00, 0xe2, 0xff, 0x09, 0x00, 0xe2, 0xff,
    0x09, 0x00, 0xe2, 0xff, 0x09, 0x00, 0xe2, 0xff, 0x09, 0x00, 0xe2, 0xff, 0x09, 0x00, 0xe2, 0xff,
    0x09, 0x00, 0xe2, 0xff, 0x09, 0x00, 0xe2, 0xff, 0x09, 0x00, 0xe2, 0xff, 0x0b, 0x02, 0xe2, 0xff,
    0x04, 0x01, 0xe1, 0xff, 0x26, 0x1e, 0xe5, 0xff, 0xf4, 0xf3, 0xfe, 0xff, 0xfe, 0xfe, 0xff, 0xff,
    0xfe, 0xfe, 0xff, 0xff, 0xff, 0xff, 0xff, 0xff, 0xff, 0xff, 0xff, 0xff, 0xff, 0xff, 0xff, 0xff,
    0xff, 0xff, 0xff, 0xff, 0xfc, 0xfc, 0xff, 0xff, 0xff, 0xff, 0xff, 0xff, 0x78, 0x74, 0xef, 0xff,
    0x00, 0x00, 0xe0, 0xff, 0x0d, 0x04, 0xe2, 0xff, 0x0d, 0x04, 0xe2, 0xff, 0x00, 0x00, 0xe0, 0xff,
    0x69, 0x63, 0xed, 0xff, 0xff, 0xff, 0xff, 0xff, 0xfc, 0xfc, 0xff, 0xff, 0xff, 0xff, 0xff, 0xff,
    0xff, 0xff, 0xff, 0xff, 0xff, 0xff, 0xff, 0xff, 0xff, 0xff, 0xff, 0xff, 0xfc, 0xfc, 0xff, 0xff,
    0xff, 0xff, 0xff, 0xff, 0xbc, 0xba, 0xf7, 0xff, 0x02, 0x00, 0xe1, 0xff, 0x0b, 0x02, 0xe2, 0xff,
    0x0c, 0x03, 0xe2, 0xff, 0x00, 0x00, 0xe0, 0xff, 0x4b, 0x44, 0xea, 0xff, 0xff, 0xff, 0xff, 0xff,
    0xfd, 0xfd, 0xff, 0xff, 0xff, 0xff, 0xff, 0xff, 0xff, 0xff, 0xff, 0xff, 0xff, 0xff, 0xff, 0xff,
    0xff, 0xff, 0xff, 0xff, 0xff, 0xff, 0xff, 0xff, 0xff, 0xff, 0xff, 0xff, 0xff, 0xff, 0xff, 0xff,
    0xff, 0xff, 0xff, 0xff, 0xff, 0xff, 0xff, 0xff, 0xfb, 0xfb, 0xff, 0xff, 0xfb, 0xfb, 0xff, 0xff,
    0xfb, 0xfb, 0xff, 0xff, 0xfb, 0xfb, 0xff, 0xff, 0xfb, 0xfb, 0xff, 0xff, 0xfb, 0xfb, 0xff, 0xff,
    0xfb, 0xfb, 0xff, 0xff, 0xfb, 0xfb, 0xff, 0xff, 0xfb, 0xfb, 0xff, 0xff, 0xfb, 0xfb, 0xff, 0xff,
    0xfb, 0xfb, 0xff, 0xff, 0xfb, 0xfb, 0xff, 0xff, 0xfb, 0xfb, 0xff, 0xff, 0xfb, 0xfb, 0xff, 0xff,
    0xfb, 0xfb, 0xff, 0xff, 0xfb, 0xfb, 0xff, 0xff, 0xfc, 0xfc, 0xff, 0xff, 0xff, 0xff, 0xff, 0xff,
    0xff, 0xff, 0xff, 0xff, 0xff, 0xff, 0xff, 0xff, 0xff, 0xff, 0xff, 0xff, 0xff, 0xff, 0xff, 0xff,
    0xff, 0xff, 0xff, 0xff, 0xfc, 0xfc, 0xff, 0xff, 0xff, 0xff, 0xff, 0xff, 0xc9, 0xc7, 0xf8, 0xff,
    0x06, 0x03, 0xe1, 0xff, 0x0e, 0x05, 0xe3, 0xff, 0x00, 0x00, 0xe0, 0xff, 0x75, 0x70, 0xef, 0xff,
    0xff, 0xff, 0xff, 0xff, 0xf8, 0xf8, 0xff, 0xff, 0xfb, 0xfb, 0xff, 0xff, 0xfb, 0xfb, 0xff, 0xff,
    0xfb, 0xfb, 0xff, 0xff, 0xfb, 0xfb, 0xff, 0xff, 0xfb, 0xfb, 0xff, 0xff, 0xfb, 0xfb, 0xff, 0xff,
    0xfb, 0xfb, 0xff, 0xff, 0xfb, 0xfb, 0xff, 0xff, 0xfb, 0xfb, 0xff, 0xff, 0xfb, 0xfb, 0xff, 0xff,
    0xfb, 0xfb, 0xff, 0xff, 0xfb, 0xfb, 0xff, 0xff, 0xfb, 0xfb, 0xff, 0xff, 0xfb, 0xfb, 0xff, 0xff,
    0xfb, 0xfb, 0xff, 0xff, 0xfb, 0xfb, 0xff, 0xff, 0xfb, 0xfb, 0xff, 0xff, 0xfb, 0xfb, 0xff, 0xff,
    0xfb, 0xfb, 0xff, 0xff, 0xfb, 0xfb, 0xff, 0xff, 0xfb, 0xfb, 0xff, 0xff, 0xfb, 0xfb, 0xff, 0xff,
    0xfb, 0xfb, 0xff, 0xff, 0xfb, 0xfb, 0xff, 0xff, 0xfb, 0xfb, 0xff, 0xff, 0xfd, 0xfd, 0xff, 0xff,
    0xff, 0xff, 0xff, 0xff, 0xff, 0xff, 0xff, 0xff, 0xff, 0xff, 0xff, 0xff, 0xff, 0xff, 0xff, 0xff,
    0xff, 0xff, 0xff, 0xff, 0xff, 0xff, 0xff, 0xff, 0xff, 0xff, 0xff, 0xff, 0xfc, 0xfc, 0xff, 0xff,
    0xff, 0xff, 0xff, 0xff, 0x4c, 0x45, 0xea, 0xff, 0x00, 0x00, 0xe0, 0xff, 0x0c, 0x03, 0xe2, 0xff,
    0x09, 0x00, 0xe2, 0xff, 0x09, 0x00, 0xe2, 0xff, 0x09, 0x00, 0xe2, 0xff, 0x09, 0x00, 0xe2, 0xff,
    0x09, 0x00, 0xe2, 0xff, 0x09, 0x00, 0xe2, 0xff, 0x09, 0x00, 0xe2, 0xff, 0x09, 0x00, 0xe2, 0xff,
    0x09, 0x00, 0xe2, 0xff, 0x09, 0x00, 0xe2, 0xff, 0x09, 0x00, 0xe2, 0xff, 0x09, 0x00, 0xe2, 0xff,
    0x09, 0x00, 0xe2, 0xff, 0x09, 0x00, 0xe2, 0xff, 0x09, 0x00, 0xe2, 0xff, 0x09, 0x00, 0xe2, 0xff,
    0x09, 0x00, 0xe2, 0xff, 0x09, 0x00, 0xe2, 0xff, 0x09, 0x00, 0xe2, 0xff, 0x09, 0x00, 0xe2, 0xff,
    0x09, 0x00, 0xe2, 0xff, 0x09, 0x00, 0xe2, 0xff, 0x09, 0x00, 0xe2, 0xff, 0x09, 0x00, 0xe2, 0xff,
    0x09, 0x00, 0xe0, 0xfb, 0x0a, 0x00, 0xed, 0xff, 0x09, 0x00, 0xe5, 0xd9, 0x0a, 0x00, 0xdf, 0x18,
    0x00, 0x00, 0x00, 0x00, 0x00, 0x00, 0xff, 0x02, 0x00, 0x00, 0x00, 0x00, 0x00, 0x00, 0x00, 0x00,
    0x00, 0x00, 0x00, 0x00, 0x00, 0x00, 0x00, 0x00, 0x00, 0x00, 0x00, 0x00, 0x00, 0x00, 0xaa, 0x03,
    0x00, 0x00, 0x00, 0x00, 0x07, 0x00, 0xe0, 0x21, 0x09, 0x00, 0xe6, 0xdb, 0x0a, 0x00, 0xee, 0xff,
    0x09, 0x00, 0xe1, 0xfb, 0x09, 0x00, 0xe2, 0xff, 0x09, 0x00, 0xe2, 0xff, 0x09, 0x00, 0xe2, 0xff,
    0x09, 0x00, 0xe2, 0xff, 0x09, 0x00, 0xe2, 0xff, 0x09, 0x00, 0xe2, 0xff, 0x09, 0x00, 0xe2, 0xff,
    0x09, 0x00, 0xe2, 0xff, 0x09, 0x00, 0xe2, 0xff, 0x09, 0x00, 0xe2, 0xff, 0x09, 0x00, 0xe2, 0xff,
    0x09, 0x00, 0xe2, 0xff, 0x09, 0x00, 0xe2, 0xff, 0x09, 0x00, 0xe2, 0xff, 0x09, 0x00, 0xe2, 0xff,
    0x09, 0x00, 0xe2, 0xff, 0x09, 0x00, 0xe2, 0xff, 0x09, 0x00, 0xe2, 0xff, 0x09, 0x00, 0xe2, 0xff,
    0x09, 0x00, 0xe2, 0xff, 0x09, 0x00, 0xe2, 0xff, 0x0a, 0x01, 0xe2, 0xff, 0x08, 0x01, 0xe2, 0xff,
    0x0d, 0x07, 0xe2, 0xff, 0xda, 0xd9, 0xfb, 0xff, 0xff, 0xff, 0xff, 0xff, 0xfd, 0xfd, 0xff, 0xff,
    0xff, 0xff, 0xff, 0xff, 0xff, 0xff, 0xff, 0xff, 0xff, 0xff, 0xff, 0xff, 0xff, 0xff, 0xff, 0xff,
    0xff, 0xff, 0xff, 0xff, 0xff, 0xff, 0xff, 0xff, 0xff, 0xff, 0xff, 0xff, 0xff, 0xff, 0xff, 0xff,
    0xff, 0xff, 0xff, 0xff, 0xff, 0xff, 0xff, 0xff, 0xff, 0xff, 0xff, 0xff, 0xff, 0xff, 0xff, 0xff,
    0xff, 0xff, 0xff, 0xff, 0xff, 0xff, 0xff, 0xff, 0xff, 0xff, 0xff, 0xff, 0xff, 0xff, 0xff, 0xff,
    0xfd, 0xfd, 0xff, 0xff, 0xfe, 0xfe, 0xff, 0xff, 0xd8, 0xd7, 0xfa, 0xff, 0x0b, 0x06, 0xe2, 0xff,
    0x08, 0x01, 0xe2, 0xff, 0x0a, 0x01, 0xe2, 0xff, 0x09, 0x00, 0xe2, 0xff, 0x09, 0x00, 0xe2, 0xff,
    0x09, 0x00, 0xe2, 0xff, 0x09, 0x00, 0xe2, 0xff, 0x09, 0x00, 0xe2, 0xff, 0x09, 0x00, 0xe2, 0xff,
    0x09, 0x00, 0xe2, 0xff, 0x09, 0x00, 0xe2, 0xff, 0x09, 0x00, 0xe2, 0xff, 0x09, 0x00, 0xe2, 0xff,
    0x09, 0x00, 0xe2, 0xff, 0x09, 0x00, 0xe2, 0xff, 0x09, 0x00, 0xe2, 0xff, 0x09, 0x00, 0xe2, 0xff,
    0x09, 0x00, 0xe2, 0xff, 0x09, 0x00, 0xe2, 0xff, 0x09, 0x00, 0xe2, 0xff, 0x0c, 0x03, 0xe2, 0xff,
    0x00, 0x00, 0xe0, 0xff, 0xa2, 0x9f, 0xf4, 0xff, 0xff, 0xff, 0xff, 0xff, 0xfb, 0xfb, 0xff, 0xff,
    0xff, 0xff, 0xff, 0xff, 0xff, 0xff, 0xff, 0xff, 0xff, 0xff, 0xff, 0xff, 0xff, 0xff, 0xff, 0xff,
    0xfc, 0xfc, 0xff, 0xff, 0xff, 0xfe, 0xff, 0xff, 0xcd, 0xcc, 0xf9, 0xff, 0x07, 0x03, 0xe2, 0xff,
    0x09, 0x02, 0xe2, 0xff, 0x09, 0x00, 0xe2, 0xff, 0x09, 0x00, 0xe2, 0xff, 0x09, 0x00, 0xe2, 0xff,
    0x09, 0x00, 0xe2, 0xff, 0x09, 0x00, 0xe2, 0xff, 0x09, 0x00, 0xe2, 0xff, 0x09, 0x00, 0xe2, 0xff,
    0x09, 0x00, 0xe2, 0xff, 0x09, 0x00, 0xe2, 0xff, 0x09, 0x00, 0xe2, 0xff, 0x09, 0x00, 0xe2, 0xff,
    0x09, 0x00, 0xe2, 0xff, 0x09, 0x00, 0xe2, 0xff, 0x09, 0x00, 0xe2, 0xff, 0x09, 0x00, 0xe2, 0xff,
    0x09, 0x00, 0xe2, 0xff, 0x09, 0x00, 0xe2, 0xff, 0x0d, 0x04, 0xe2, 0xff, 0x00, 0x00, 0xe0, 0xff,
    0x78, 0x73, 0xef, 0xff, 0xff, 0xff, 0xff, 0xff, 0xfc, 0xfc, 0xff, 0xff, 0xff, 0xff, 0xff, 0xff,
    0xff, 0xff, 0xff, 0xff, 0xff, 0xff, 0xff, 0xff, 0xff, 0xff, 0xff, 0xff, 0xff, 0xff, 0xff, 0xff,
    0xff, 0xff, 0xff, 0xff, 0xff, 0xff, 0xff, 0xff, 0xff, 0xff, 0xff, 0xff, 0xff, 0xff, 0xff, 0xff,
    0xff, 0xff, 0xff, 0xff, 0xff, 0xff, 0xff, 0xff, 0xff, 0xff, 0xff, 0xff, 0xff, 0xff, 0xff, 0xff,
    0xff, 0xff, 0xff, 0xff, 0xff, 0xff, 0xff, 0xff, 0xff, 0xff, 0xff, 0xff, 0xff, 0xff, 0xff, 0xff,
    0xff, 0xff, 0xff, 0xff, 0xff, 0xff, 0xff, 0xff, 0xff, 0xff, 0xff, 0xff, 0xff, 0xff, 0xff, 0xff,
    0xff, 0xff, 0xff, 0xff, 0xff, 0xff, 0xff, 0xff, 0xff, 0xff, 0xff, 0xff, 0xff, 0xff, 0xff, 0xff,
    0xff, 0xff, 0xff, 0xff, 0xff, 0xff, 0xff, 0xff, 0xff, 0xff, 0xff, 0xff, 0xff, 0xff, 0xff, 0xff,
    0xff, 0xff, 0xff, 0xff, 0xff, 0xff, 0xff, 0xff, 0xfd, 0xfd, 0xff, 0xff, 0xfe, 0xfe, 0xff, 0xff,
    0xea, 0xe9, 0xfd, 0xff, 0x1b, 0x16, 0xe4, 0xff, 0x06, 0x01, 0xe1, 0xff, 0x0a, 0x02, 0xe2, 0xff,
    0x0a, 0x02, 0xe2, 0xff, 0x03, 0x00, 0xe1, 0xff, 0xbe, 0xbd, 0xf8, 0xff, 0xff, 0xff, 0xff, 0xff,
    0xfc, 0xfc, 0xff, 0xff, 0xff, 0xff, 0xff, 0xff, 0xff, 0xff, 0xff, 0xff, 0xff, 0xff, 0xff, 0xff,
    0xff, 0xff, 0xff, 0xff, 0xfc, 0xfc, 0xff, 0xff, 0xff, 0xff, 0xff, 0xff, 0x7d, 0x78, 0xf0, 0xff,
    0x00, 0x00, 0xe0, 0xff, 0x0d, 0x04, 0xe2, 0xff, 0x09, 0x00, 0xe2, 0xff, 0x09, 0x00, 0xe2, 0xff,
    0x09, 0x00, 0xe2, 0xff, 0x09, 0x00, 0xe2, 0xff, 0x09, 0x00, 0xe2, 0xff, 0x09, 0x00, 0xe2, 0xff,
    0x09, 0x00, 0xe2, 0xff, 0x09, 0x00, 0xe2, 0xff, 0x09, 0x00, 0xe2, 0xff, 0x09, 0x00, 0xe2, 0xff,
    0x09, 0x00, 0xe2, 0xff, 0x09, 0x00, 0xe2, 0xff, 0x09, 0x00, 0xe2, 0xff, 0x0d, 0x03, 0xe2, 0xff,
    0x00, 0x00, 0xe0, 0xff, 0x8a, 0x86, 0xf1, 0xff, 0xff, 0xff, 0xff, 0xff, 0xfb, 0xfb, 0xff, 0xff,
    0xff, 0xff, 0xff, 0xff, 0xff, 0xff, 0xff, 0xff, 0xff, 0xff, 0xff, 0xff, 0xff, 0xff, 0xff, 0xff,
    0xfe, 0xfe, 0xff, 0xff, 0xfe, 0xfe, 0xff, 0xff, 0xeb, 0xeb, 0xfd, 0xff, 0x1b, 0x14, 0xe4, 0xff,
    0x05, 0x01, 0xe2, 0xff, 0x0b, 0x02, 0xe2, 0xff, 0x09, 0x01, 0xe2, 0xff, 0x09, 0x04, 0xe2, 0xff,
    0xd1, 0xd0, 0xfa, 0xff, 0xfe, 0xfe, 0xff, 0xff, 0xfd, 0xfd, 0xff, 0xff, 0xff, 0xff, 0xff, 0xff,
    0xff, 0xff, 0xff, 0xff, 0xff, 0xff, 0xff, 0xff, 0xff, 0xff, 0xff, 0xff, 0xfd, 0xfd, 0xff, 0xff,
    0xff, 0xff, 0xff, 0xff, 0x52, 0x4b, 0xeb, 0xff, 0x00, 0x00, 0xe0, 0xff, 0x0c, 0x03, 0xe2, 0xff,
    0x0d, 0x04, 0xe2, 0xff, 0x00, 0x00, 0xe0, 0xff, 0x8c, 0x88, 0xf1, 0xff, 0xfe, 0xfe, 0xff, 0xff,
    0xfb, 0xfb, 0xff, 0xff, 0xff, 0xff, 0xff, 0xff, 0xff, 0xff, 0xff, 0xff, 0xff, 0xff, 0xff, 0xff,
    0xff, 0xff, 0xff, 0xff, 0xff, 0xff, 0xff, 0xff, 0xff, 0xff, 0xff, 0xff, 0xff, 0xff, 0xff, 0xff,
    0xff, 0xff, 0xff, 0xff, 0xff, 0xff, 0xff, 0xff, 0xff, 0xff, 0xff, 0xff, 0xff, 0xff, 0xff, 0xff,
    0xff, 0xff, 0xff, 0xff, 0xff, 0xff, 0xff, 0xff, 0xff, 0xff, 0xff, 0xff, 0xff, 0xff, 0xff, 0xff,
    0xff, 0xff, 0xff, 0xff, 0xff, 0xff, 0xff, 0xff, 0xff, 0xff, 0xff, 0xff, 0xff, 0xff, 0xff, 0xff,
    0xff, 0xff, 0xff, 0xff, 0xff, 0xff, 0xff, 0xff, 0xff, 0xff, 0xff, 0xff, 0xff, 0xff, 0xff, 0xff,
    0xff, 0xff, 0xff, 0xff, 0xff, 0xff, 0xff, 0xff, 0xff, 0xff, 0xff, 0xff, 0xff, 0xff, 0xff, 0xff,
    0xff, 0xff, 0xff, 0xff, 0xff, 0xff, 0xff, 0xff, 0xff, 0xff, 0xff, 0xff, 0xff, 0xff, 0xff, 0xff,
    0xfe, 0xfe, 0xff, 0xff, 0xfc, 0xfc, 0xff, 0xff, 0xfe, 0xfe, 0xff, 0xff, 0x40, 0x3a, 0xe8, 0xff,
    0x01, 0x00, 0xe1, 0xff, 0x0b, 0x03, 0xe2, 0xff, 0x0a, 0x04, 0xe2, 0xff, 0xd5, 0xd3, 0xfa, 0xff,
    0xff, 0xff, 0xff, 0xff, 0xfd, 0xfd, 0xff, 0xff, 0xff, 0xff, 0xff, 0xff, 0xff, 0xff, 0xff, 0xff,
    0xff, 0xff, 0xff, 0xff, 0xff, 0xff, 0xff, 0xff, 0xff, 0xff, 0xff, 0xff, 0xff, 0xff, 0xff, 0xff,
    0xff, 0xff, 0xff, 0xff, 0xff, 0xff, 0xff, 0xff, 0xff, 0xff, 0xff, 0xff, 0xff, 0xff, 0xff, 0xff,
    0xff, 0xff, 0xff, 0xff, 0xff, 0xff, 0xff, 0xff, 0xff, 0xff, 0xff, 0xff, 0xff, 0xff, 0xff, 0xff,
    0xff, 0xff, 0xff, 0xff, 0xff, 0xff, 0xff, 0xff, 0xff, 0xff, 0xff, 0xff, 0xff, 0xff, 0xff, 0xff,
    0xff, 0xff, 0xff, 0xff, 0xff, 0xff, 0xff, 0xff, 0xff, 0xff, 0xff, 0xff, 0xff, 0xff, 0xff, 0xff,
    0xff, 0xff, 0xff, 0xff, 0xff, 0xff, 0xff, 0xff, 0xff, 0xff, 0xff, 0xff, 0xff, 0xff, 0xff, 0xff,
    0xff, 0xff, 0xff, 0xff, 0xff, 0xff, 0xff, 0xff, 0xff, 0xff, 0xff, 0xff, 0xff, 0xff, 0xff, 0xff,
    0xff, 0xff, 0xff, 0xff, 0xff, 0xff, 0xff, 0xff, 0xfb, 0xfb, 0xff, 0xff, 0xff, 0xff, 0xff, 0xff,
    0xb5, 0xb1, 0xf6, 0xff, 0x02, 0x00, 0xe1, 0xff, 0x0b, 0x02, 0xe2, 0xff, 0x09, 0x00, 0xe2, 0xff,
    0x09, 0x00, 0xe2, 0xff, 0x09, 0x00, 0xe2, 0xff, 0x09, 0x00, 0xe2, 0xff, 0x09, 0x00, 0xe2, 0xff,
    0x09, 0x00, 0xe2, 0xff, 0x09, 0x00, 0xe2, 0xff, 0x09, 0x00, 0xe2, 0xff, 0x09, 0x00, 0xe2, 0xff,
    0x09, 0x00, 0xe2, 0xff, 0x09, 0x00, 0xe2, 0xff, 0x09, 0x00, 0xe2, 0xff, 0x09, 0x00, 0xe2, 0xff,
    0x09, 0x00, 0xe2, 0xff, 0x09, 0x00, 0xe2, 0xff, 0x09, 0x00, 0xe2, 0xff, 0x09, 0x00, 0xe2, 0xff,
    0x09, 0x00, 0xe2, 0xff, 0x09, 0x00, 0xe2, 0xff, 0x09, 0x00, 0xe2, 0xff, 0x09, 0x00, 0xe2, 0xff,
    0x09, 0x00, 0xe2, 0xff, 0x09, 0x00, 0xe2, 0xff, 0x09, 0x00, 0xe2, 0xff, 0x09, 0x00, 0xe1, 0xfb,
    0x0a, 0x00, 0xee, 0xff, 0x09, 0x00, 0xe7, 0xdb, 0x07, 0x00, 0xe0, 0x21, 0x00, 0x00, 0x00, 0x00,
    0x00, 0x00, 0xaa, 0x03, 0x00, 0x00, 0x00, 0x00, 0x00, 0x00, 0x00, 0x00, 0x00, 0x00, 0x00, 0x00,
    0x00, 0x00, 0x00, 0x00, 0x00, 0x00, 0x00, 0x00, 0x00, 0x00, 0x00, 0x00, 0x00, 0x00, 0x00, 0x00,
    0x00, 0x00, 0xff, 0x03, 0x00, 0x00, 0x00, 0x00, 0x08, 0x00, 0xdd, 0x1e, 0x09, 0x00, 0xe6, 0xd0,
    0x0a, 0x00, 0xf1, 0xff, 0x09, 0x00, 0xe1, 0xfb, 0x09, 0x00, 0xe2, 0xff, 0x09, 0x00, 0xe2, 0xff,
    0x09, 0x00, 0xe2, 0xff, 0x09, 0x00, 0xe2, 0xff, 0x09, 0x00, 0xe2, 0xff, 0x09, 0x00, 0xe2, 0xff,
    0x09, 0x00, 0xe2, 0xff, 0x09, 0x00, 0xe2, 0xff, 0x09, 0x00, 0xe2, 0xff, 0x09, 0x00, 0xe2, 0xff,
    0x09, 0x00, 0xe2, 0xff, 0x09, 0x00, 0xe2, 0xff, 0x09, 0x00, 0xe2, 0xff, 0x09, 0x00, 0xe2, 0xff,
    0x09, 0x00, 0xe2, 0xff, 0x09, 0x00, 0xe2, 0xff, 0x09, 0x00, 0xe2, 0xff, 0x09, 0x00, 0xe2, 0xff,
    0x09, 0x00, 0xe2, 0xff, 0x09, 0x00, 0xe2, 0xff, 0x0d, 0x03, 0xe2, 0xff, 0x00, 0x00, 0xe0, 0xff,
    0x58, 0x52, 0xec, 0xff, 0xff, 0xff, 0xff, 0xff, 0xfd, 0xfd, 0xff, 0xff, 0xff, 0xff, 0xff, 0xff,
    0xff, 0xff, 0xff, 0xff, 0xff, 0xff, 0xff, 0xff, 0xff, 0xff, 0xff, 0xff, 0xff, 0xff, 0xff, 0xff,
    0xff, 0xff, 0xff, 0xff, 0xff, 0xff, 0xff, 0xff, 0xff, 0xff, 0xff, 0xff, 0xff, 0xff, 0xff, 0xff,
    0xff, 0xff, 0xff, 0xff, 0xff, 0xff, 0xff, 0xff, 0xff, 0xff, 0xff, 0xff, 0xff, 0xff, 0xff, 0xff,
    0xff, 0xff, 0xff, 0xff, 0xff, 0xff, 0xff, 0xff, 0xff, 0xff, 0xff, 0xff, 0xff, 0xff, 0xff, 0xff,
    0xfc, 0xfc, 0xff, 0xff, 0xff, 0xff, 0xff, 0xff, 0x71, 0x6c, 0xee, 0xff, 0x00, 0x00, 0xe0, 0xff,
    0x0d, 0x04, 0xe2, 0xff, 0x09, 0x00, 0xe2, 0xff, 0x09, 0x00, 0xe2, 0xff, 0x09, 0x00, 0xe2, 0xff,
    0x09, 0x00, 0xe2, 0xff, 0x09, 0x00, 0xe2, 0xff, 0x09, 0x00, 0xe2, 0xff, 0x09, 0x00, 0xe2, 0xff,
    0x09, 0x00, 0xe2, 0xff, 0x09, 0x00, 0xe2, 0xff, 0x09, 0x00, 0xe2, 0xff, 0x09, 0x00, 0xe2, 0xff,
    0x09, 0x00, 0xe2, 0xff, 0x09, 0x00, 0xe2, 0xff, 0x09, 0x00, 0xe2, 0xff, 0x09, 0x00, 0xe2, 0xff,
    0x09, 0x00, 0xe2, 0xff, 0x09, 0x00, 0xe2, 0xff, 0x0b, 0x02, 0xe2, 0xff, 0x04, 0x01, 0xe1, 0xff,
    0x25, 0x1e, 0xe5, 0xff, 0xf4, 0xf4, 0xfe, 0xff, 0xfe, 0xfe, 0xff, 0xff, 0xfe, 0xfe, 0xff, 0xff,
    0xff, 0xff, 0xff, 0xff, 0xff, 0xff, 0xff, 0xff, 0xff, 0xff, 0xff, 0xff, 0xff, 0xff, 0xff, 0xff,
    0xfc, 0xfc, 0xff, 0xff, 0xff, 0xff, 0xff, 0xff, 0x63, 0x5d, 0xed, 0xff, 0x00, 0x00, 0xe0, 0xff,
    0x0d, 0x04, 0xe2, 0xff, 0x09, 0x00, 0xe2, 0xff, 0x09, 0x00, 0xe2, 0xff, 0x09, 0x00, 0xe2, 0xff,
    0x09, 0x00, 0xe2, 0xff, 0x09, 0x00, 0xe2, 0xff, 0x09, 0x00, 0xe2, 0xff, 0x09, 0x00, 0xe2, 0xff,
    0x09, 0x00, 0xe2, 0xff, 0x09, 0x00, 0xe2, 0xff, 0x09, 0x00, 0xe2, 0xff, 0x09, 0x00, 0xe2, 0xff,
    0x09, 0x00, 0xe2, 0xff, 0x09, 0x00, 0xe2, 0xff, 0x09, 0x00, 0xe2, 0xff, 0x09, 0x00, 0xe2, 0xff,
    0x09, 0x00, 0xe2, 0xff, 0x09, 0x00, 0xe2, 0xff, 0x0c, 0x03, 0xe2, 0xff, 0x00, 0x00, 0xe0, 0xff,
    0xa5, 0xa2, 0xf4, 0xff, 0xfc, 0xfc, 0xff, 0xff, 0xfb, 0xfb, 0xff, 0xff, 0xff, 0xff, 0xff, 0xff,
    0xff, 0xff, 0xff, 0xff, 0xff, 0xff, 0xff, 0xff, 0xff, 0xff, 0xff, 0xff, 0xff, 0xff, 0xff, 0xff,
    0xff, 0xff, 0xff, 0xff, 0xff, 0xff, 0xff, 0xff, 0xff, 0xff, 0xff, 0xff, 0xff, 0xff, 0xff, 0xff,
    0xff, 0xff, 0xff, 0xff, 0xff, 0xff, 0xff, 0xff, 0xff, 0xff, 0xff, 0xff, 0xff, 0xff, 0xff, 0xff,
    0xff, 0xff, 0xff, 0xff, 0xff, 0xff, 0xff, 0xff, 0xff, 0xff, 0xff, 0xff, 0xff, 0xff, 0xff, 0xff,
    0xff, 0xff, 0xff, 0xff, 0xff, 0xff, 0xff, 0xff, 0xff, 0xff, 0xff, 0xff, 0xff, 0xff, 0xff, 0xff,
    0xff, 0xff, 0xff, 0xff, 0xff, 0xff, 0xff, 0xff, 0xff, 0xff, 0xff, 0xff, 0xff, 0xff, 0xff, 0xff,
    0xff, 0xff, 0xff, 0xff, 0xff, 0xff, 0xff, 0xff, 0xff, 0xff, 0xff, 0xff, 0xff, 0xff, 0xff, 0xff,
    0xff, 0xff, 0xff, 0xff, 0xfc, 0xfc, 0xff, 0xff, 0xfd, 0xfd, 0xff, 0xff, 0xff, 0xff, 0xff, 0xff,
    0x57, 0x52, 0xeb, 0xff, 0x00, 0x00, 0xe0, 0xff, 0x0c, 0x03, 0xe2, 0xff, 0x0c, 0x03, 0xe2, 0xff,
    0x01, 0x01, 0xe1, 0xff, 0x3c, 0x35, 0xe8, 0xff, 0xfd, 0xfd, 0xff, 0xff, 0xfd, 0xfd, 0xff, 0xff,
    0xff, 0xff, 0xff, 0xff, 0xff, 0xff, 0xff, 0xff, 0xff, 0xff, 0xff, 0xff, 0xff, 0xff, 0xff, 0xff,
    0xfe, 0xfe, 0xff, 0xff, 0xfe, 0xfe, 0xff, 0xff, 0xed, 0xec, 0xfd, 0xff, 0x1c, 0x15, 0xe4, 0xff,
    0x05, 0x01, 0xe1, 0xff, 0x0a, 0x02, 0xe2, 0xff, 0x09, 0x00, 0xe2, 0xff, 0x09, 0x00, 0xe2, 0xff,
    0x09, 0x00, 0xe2, 0xff, 0x09, 0x00, 0xe2, 0xff, 0x09, 0x00, 0xe2, 0xff, 0x09, 0x00, 0xe2, 0xff,
    0x09, 0x00, 0xe2, 0xff, 0x09, 0x00, 0xe2, 0xff, 0x09, 0x00, 0xe2, 0xff, 0x09, 0x00, 0xe2, 0xff,
    0x09, 0x00, 0xe2, 0xff, 0x09, 0x00, 0xe2, 0xff, 0x0a, 0x01, 0xe2, 0xff, 0x06, 0x01, 0xe1, 0xff,
    0x18, 0x11, 0xe4, 0xff, 0xe9, 0xe9, 0xfd, 0xff, 0xfe, 0xfe, 0xff, 0xff, 0xfe, 0xfd, 0xff, 0xff,
    0xff, 0xff, 0xff, 0xff, 0xff, 0xff, 0xff, 0xff, 0xff, 0xff, 0xff, 0xff, 0xff, 0xff, 0xff, 0xff,
    0xfc, 0xfb, 0xff, 0xff, 0xff, 0xff, 0xff, 0xff, 0x8f, 0x8b, 0xf2, 0xff, 0x00, 0x00, 0xe0, 0xff,
    0x0d, 0x03, 0xe2, 0xff, 0x0c, 0x03, 0xe2, 0xff, 0x00, 0x00, 0xe0, 0xff, 0x51, 0x4a, 0xeb, 0xff,
    0xff, 0xff, 0xff, 0xff, 0xfd, 0xfc, 0xff, 0xff, 0xff, 0xff, 0xff, 0xff, 0xff, 0xff, 0xff, 0xff,
    0xff, 0xff, 0xff, 0xff, 0xff, 0xff, 0xff, 0xff, 0xfd, 0xfd, 0xff, 0xff, 0xfe, 0xfe, 0xff, 0xff,
    0xd3, 0xd2, 0xfa, 0xff, 0x09, 0x04, 0xe2, 0xff, 0x08, 0x01, 0xe2, 0xff, 0x0a, 0x01, 0xe2, 0xff,
    0x0c, 0x03, 0xe2, 0xff, 0x00, 0x00, 0xe0, 0xff, 0xa7, 0xa4, 0xf4, 0xff, 0xfd, 0xfd, 0xff, 0xff,
    0xfb, 0xfb, 0xff, 0xff, 0xff, 0xff, 0xff, 0xff, 0xff, 0xff, 0xff, 0xff, 0xff, 0xff, 0xff, 0xff,
    0xff, 0xff, 0xff, 0xff, 0xff, 0xff, 0xff, 0xff, 0xff, 0xff, 0xff, 0xff, 0xff, 0xff, 0xff, 0xff,
    0xff, 0xff, 0xff, 0xff, 0xff, 0xff, 0xff, 0xff, 0xff, 0xff, 0xff, 0xff, 0xff, 0xff, 0xff, 0xff,
    0xff, 0xff, 0xff, 0xff, 0xff, 0xff, 0xff, 0xff, 0xff, 0xff, 0xff, 0xff, 0xff, 0xff, 0xff, 0xff,
    0xff, 0xff, 0xff, 0xff, 0xff, 0xff, 0xff, 0xff, 0xff, 0xff, 0xff, 0xff, 0xff, 0xff, 0xff, 0xff,
    0xff, 0xff, 0xff, 0xff, 0xff, 0xff, 0xff, 0xff, 0xff, 0xff, 0xff, 0xff, 0xff, 0xff, 0xff, 0xff,
    0xff, 0xff, 0xff, 0xff, 0xff, 0xff, 0xff, 0xff, 0xff, 0xff, 0xff, 0xff, 0xff, 0xff, 0xff, 0xff,
    0xff, 0xff, 0xff, 0xff, 0xff, 0xff, 0xff, 0xff, 0xff, 0xff, 0xff, 0xff, 0xfd, 0xfd, 0xff, 0xff,
    0xfb, 0xfb, 0xff, 0xff, 0xff, 0xff, 0xff, 0xff, 0x7f, 0x7a, 0xf0, 0xff, 0x00, 0x00, 0xe0, 0xff,
    0x0f, 0x06, 0xe3, 0xff, 0x00, 0x00, 0xe0, 0xff, 0x4d, 0x46, 0xea, 0xff, 0xff, 0xff, 0xff, 0xff,
    0xfd, 0xfd, 0xff, 0xff, 0xff, 0xff, 0xff, 0xff, 0xff, 0xff, 0xff, 0xff, 0xff, 0xff, 0xff, 0xff,
    0xff, 0xff, 0xff, 0xff, 0xff, 0xff, 0xff, 0xff, 0xff, 0xff, 0xff, 0xff, 0xff, 0xff, 0xff, 0xff,
    0xff, 0xff, 0xff, 0xff, 0xff, 0xff, 0xff, 0xff, 0xff, 0xff, 0xff, 0xff, 0xff, 0xff, 0xff, 0xff,
    0xff, 0xff, 0xff, 0xff, 0xff, 0xff, 0xff, 0xff, 0xff, 0xff, 0xff, 0xff, 0xff, 0xff, 0xff, 0xff,
    0xff, 0xff, 0xff, 0xff, 0xff, 0xff, 0xff, 0xff, 0xff, 0xff, 0xff, 0xff, 0xff, 0xff, 0xff, 0xff,
    0xff, 0xff, 0xff, 0xff, 0xff, 0xff, 0xff, 0xff, 0xff, 0xff, 0xff, 0xff, 0xff, 0xff, 0xff, 0xff,
    0xff, 0xff, 0xff, 0xff, 0xff, 0xff, 0xff, 0xff, 0xff, 0xff, 0xff, 0xff, 0xff, 0xff, 0xff, 0xff,
    0xff, 0xff, 0xff, 0xff, 0xff, 0xff, 0xff, 0xff, 0xff, 0xff, 0xff, 0xff, 0xff, 0xff, 0xff, 0xff,
    0xff, 0xff, 0xff, 0xff, 0xfb, 0xfa, 0xff, 0xff, 0xff, 0xff, 0xff, 0xff, 0xe5, 0xe4, 0xfc, 0xff,
    0x20, 0x1b, 0xe4, 0xff, 0x05, 0x01, 0xe1, 0xff, 0x0b, 0x02, 0xe2, 0xff, 0x09, 0x00, 0xe2, 0xff,
    0x09, 0x00, 0xe2, 0xff, 0x09, 0x00, 0xe2, 0xff, 0x09, 0x00, 0xe2, 0xff, 0x09, 0x00, 0xe2, 0xff,
    0x09, 0x00, 0xe2, 0xff, 0x09, 0x00, 0xe2, 0xff, 0x09, 0x00, 0xe2, 0xff, 0x09, 0x00, 0xe2, 0xff,
    0x09, 0x00, 0xe2, 0xff, 0x09, 0x00, 0xe2, 0xff, 0x09, 0x00, 0xe2, 0xff, 0x09, 0x00, 0xe2, 0xff,
    0x09, 0x00, 0xe2, 0xff, 0x09, 0x00, 0xe2, 0xff, 0x09, 0x00, 0xe2, 0xff, 0x09, 0x00, 0xe2, 0xff,
    0x09, 0x00, 0xe2, 0xff, 0x09, 0x00, 0xe2, 0xff, 0x09, 0x00, 0xe2, 0xff, 0x09, 0x00, 0xe2, 0xff,
    0x09, 0x00, 0xe2, 0xff, 0x09, 0x00, 0xe2, 0xff, 0x09, 0x00, 0xe1, 0xfb, 0x0a, 0x00, 0xf1, 0xff,
    0x09, 0x00, 0xe6, 0xd1, 0x08, 0x00, 0xd5, 0x1f, 0x00, 0x00, 0x00, 0x00, 0x00, 0x00, 0xff, 0x03,
    0x00, 0x00, 0x00, 0x00, 0x00, 0x00, 0x00, 0x00, 0x00, 0x00, 0x00, 0x00, 0x00, 0x00, 0x00, 0x00,
    0x00, 0x00, 0x00, 0x00, 0x00, 0x00, 0x00, 0x00, 0x00, 0x00, 0x00, 0x00, 0x00, 0x00, 0x00, 0x00,
    0x00, 0x00, 0x00, 0x00, 0x00, 0x00, 0xaa, 0x03, 0x00, 0x00, 0x00, 0x00, 0x0e, 0x00, 0xd4, 0x12,
    0x09, 0x00, 0xe5, 0xb5, 0x0a, 0x00, 0xf3, 0xff, 0x09, 0x00, 0xe1, 0xfd, 0x09, 0x00, 0xe1, 0xfd,
    0x09, 0x00, 0xe2, 0xff, 0x09, 0x00, 0xe2, 0xff, 0x09, 0x00, 0xe2, 0xff, 0x09, 0x00, 0xe2, 0xff,
    0x09, 0x00, 0xe2, 0xff, 0x09, 0x00, 0xe2, 0xff, 0x09, 0x00, 0xe2, 0xff, 0x09, 0x00, 0xe2, 0xff,
    0x09, 0x00, 0xe2, 0xff, 0x09, 0x00, 0xe2, 0xff, 0x09, 0x00, 0xe2, 0xff, 0x09, 0x00, 0xe2, 0xff,
    0x09, 0x00, 0xe2, 0xff, 0x09, 0x00, 0xe2, 0xff, 0x09, 0x00, 0xe2, 0xff, 0x09, 0x00, 0xe2, 0xff,
    0x09, 0x00, 0xe2, 0xff, 0x09, 0x00, 0xe2, 0xff, 0x0a, 0x02, 0xe2, 0xff, 0x01, 0x00, 0xe1, 0xff,
    0xbd, 0xba, 0xf7, 0xff, 0xfc, 0xfc, 0xff, 0xff, 0xf9, 0xf9, 0xff, 0xff, 0xfc, 0xfc, 0xff, 0xff,
    0xfc, 0xfc, 0xff, 0xff, 0xfc, 0xfc, 0xff, 0xff, 0xfc, 0xfc, 0xff, 0xff, 0xfc, 0xfc, 0xff, 0xff,
    0xfc, 0xfc, 0xff, 0xff, 0xfc, 0xfc, 0xff, 0xff, 0xfc, 0xfc, 0xff, 0xff, 0xfc, 0xfc, 0xff, 0xff,
    0xfc, 0xfc, 0xff, 0xff, 0xfc, 0xfc, 0xff, 0xff, 0xfc, 0xfc, 0xff, 0xff, 0xfc, 0xfc, 0xff, 0xff,
    0xfc, 0xfc, 0xff, 0xff, 0xfc, 0xfc, 0xff, 0xff, 0xfc, 0xfc, 0xff, 0xff, 0xfb, 0xfb, 0xff, 0xff,
    0xfc, 0xfc, 0xff, 0xff, 0xe8, 0xe7, 0xfc, 0xff, 0x17, 0x10, 0xe4, 0xff, 0x06, 0x01, 0xe2, 0xff,
    0x0a, 0x01, 0xe2, 0xff, 0x09, 0x00, 0xe2, 0xff, 0x09, 0x00, 0xe2, 0xff, 0x09, 0x00, 0xe2, 0xff,
    0x09, 0x00, 0xe2, 0xff, 0x09, 0x00, 0xe2, 0xff, 0x09, 0x00, 0xe2, 0xff, 0x09, 0x00, 0xe2, 0xff,
    0x09, 0x00, 0xe2, 0xff, 0x09, 0x00, 0xe2, 0xff, 0x09, 0x00, 0xe2, 0xff, 0x09, 0x00, 0xe2, 0xff,
    0x09, 0x00, 0xe2, 0xff, 0x09, 0x00, 0xe2, 0xff, 0x09, 0x00, 0xe2, 0xff, 0x09, 0x00, 0xe2, 0xff,
    0x09, 0x00, 0xe2, 0xff, 0x09, 0x00, 0xe2, 0xff, 0x0d, 0x03, 0xe2, 0xff, 0x00, 0x00, 0xe0, 0xff,
    0x85, 0x82, 0xf1, 0xff, 0xfe, 0xfe, 0xff, 0xff, 0xf9, 0xf8, 0xff, 0xff, 0xfc, 0xfc, 0xff, 0xff,
    0xfc, 0xfc, 0xff, 0xff, 0xfc, 0xfc, 0xff, 0xff, 0xfc, 0xfc, 0xff, 0xff, 0xfa, 0xfa, 0xff, 0xff,
    0xfc, 0xfc, 0xff, 0xff, 0xdf, 0xde, 0xfb, 0xff, 0x10, 0x0a, 0xe3, 0xff, 0x07, 0x01, 0xe2, 0xff,
    0x0a, 0x01, 0xe2, 0xff, 0x09, 0x00, 0xe2, 0xff, 0x09, 0x00, 0xe2, 0xff, 0x09, 0x00, 0xe2, 0xff,
    0x09, 0x00, 0xe2, 0xff, 0x09, 0x00, 0xe2, 0xff, 0x09, 0x00, 0xe2, 0xff, 0x09, 0x00, 0xe2, 0xff,
    0x09, 0x00, 0xe2, 0xff, 0x09, 0x00, 0xe2, 0xff, 0x09, 0x00, 0xe2, 0xff, 0x09, 0x00, 0xe2, 0xff,
    0x09, 0x00, 0xe2, 0xff, 0x09, 0x00, 0xe2, 0xff, 0x09, 0x00, 0xe2, 0xff, 0x09, 0x00, 0xe2, 0xff,
    0x09, 0x00, 0xe2, 0xff, 0x09, 0x00, 0xe2, 0xff, 0x0d, 0x04, 0xe2, 0xff, 0x00, 0x00, 0xe0, 0xff,
    0x87, 0x82, 0xf1, 0xff, 0xff, 0xff, 0xff, 0xff, 0xf9, 0xf8, 0xff, 0xff, 0xfb, 0xfb, 0xff, 0xff,
    0xfc, 0xfc, 0xff, 0xff, 0xfc, 0xfc, 0xff, 0xff, 0xfc, 0xfc, 0xff, 0xff, 0xfc, 0xfc, 0xff, 0xff,
    0xfc, 0xfc, 0xff, 0xff, 0xfc, 0xfc, 0xff, 0xff, 0xfc, 0xfc, 0xff, 0xff, 0xfc, 0xfc, 0xff, 0xff,
    0xfc, 0xfc, 0xff, 0xff, 0xfc, 0xfc, 0xff, 0xff, 0xfc, 0xfc, 0xff, 0xff, 0xfc, 0xfc, 0xff, 0xff,
    0xfc, 0xfc, 0xff, 0xff, 0xfc, 0xfc, 0xff, 0xff, 0xfc, 0xfc, 0xff, 0xff, 0xfc, 0xfc, 0xff, 0xff,
    0xfc, 0xfc, 0xff, 0xff, 0xfc, 0xfc, 0xff, 0xff, 0xfc, 0xfc, 0xff, 0xff, 0xfc, 0xfc, 0xff, 0xff,
    0xfc, 0xfc, 0xff, 0xff, 0xfc, 0xfc, 0xff, 0xff, 0xfc, 0xfc, 0xff, 0xff, 0xfc, 0xfc, 0xff, 0xff,
    0xfc, 0xfc, 0xff, 0xff, 0xfc, 0xfc, 0xff, 0xff, 0xfc, 0xfc, 0xff, 0xff, 0xfb, 0xfb, 0xff, 0xff,
    0xfc, 0xfc, 0xff, 0xff, 0xff, 0xff, 0xff, 0xff, 0xff, 0xff, 0xff, 0xff, 0x6f, 0x6b, 0xee, 0xff,
    0x00, 0x00, 0xe0, 0xff, 0x0c, 0x03, 0xe2, 0xff, 0x09, 0x00, 0xe2, 0xff, 0x0c, 0x03, 0xe2, 0xff,
    0x00, 0x00, 0xe0, 0xff, 0xa2, 0xa0, 0xf4, 0xff, 0xfd, 0xfd, 0xff, 0xff, 0xf9, 0xf8, 0xff, 0xff,
    0xfc, 0xfc, 0xff, 0xff, 0xfc, 0xfc, 0xff, 0xff, 0xfc, 0xfc, 0xff, 0xff, 0xfd, 0xfc, 0xff, 0xff,
    0xf9, 0xf9, 0xff, 0xff, 0xff, 0xff, 0xff, 0xff, 0x90, 0x8c, 0xf2, 0xff, 0x00, 0x00, 0xe0, 0xff,
    0x0d, 0x03, 0xe2, 0xff, 0x09, 0x00, 0xe2, 0xff, 0x09, 0x00, 0xe2, 0xff, 0x09, 0x00, 0xe2, 0xff,
    0x09, 0x00, 0xe2, 0xff, 0x09, 0x00, 0xe2, 0xff, 0x09, 0x00, 0xe2, 0xff, 0x09, 0x00, 0xe2, 0xff,
    0x09, 0x00, 0xe2, 0xff, 0x09, 0x00, 0xe2, 0xff, 0x09, 0x00, 0xe2, 0xff, 0x09, 0x00, 0xe2, 0xff,
    0x09, 0x00, 0xe2, 0xff, 0x09, 0x00, 0xe2, 0xff, 0x0d, 0x04, 0xe2, 0xff, 0x00, 0x00, 0xe0, 0xff,
    0x71, 0x6c, 0xee, 0xff, 0xff, 0xff, 0xff, 0xff, 0xf9, 0xf9, 0xff, 0xff, 0xfc, 0xfc, 0xff, 0xff,
    0xfc, 0xfc, 0xff, 0xff, 0xfc, 0xfc, 0xff, 0xff, 0xfc, 0xfc, 0xff, 0xff, 0xfc, 0xfb, 0xff, 0xff,
    0xfc, 0xfc, 0xff, 0xff, 0xf5, 0xf5, 0xfe, 0xff, 0x29, 0x21, 0xe6, 0xff, 0x03, 0x01, 0xe1, 0xff,
    0x0b, 0x02, 0xe2, 0xff, 0x0b, 0x02, 0xe2, 0xff, 0x00, 0x00, 0xe1, 0xff, 0xb9, 0xb8, 0xf6, 0xff,
    0xfc, 0xfc, 0xff, 0xff, 0xfa, 0xf9, 0xff, 0xff, 0xfd, 0xfc, 0xff, 0xff, 0xfd, 0xfc, 0xff, 0xff,
    0xfd, 0xfc, 0xff, 0xff, 0xfd, 0xfd, 0xff, 0xff, 0xfa, 0xfa, 0xff, 0xff, 0xff, 0xff, 0xff, 0xff,
    0x6b, 0x66, 0xee, 0xff, 0x00, 0x00, 0xe0, 0xff, 0x0d, 0x04, 0xe2, 0xff, 0x09, 0x00, 0xe2, 0xff,
    0x0d, 0x04, 0xe2, 0xff, 0x00, 0x00, 0xe0, 0xff, 0x8d, 0x89, 0xf2, 0xff, 0xff, 0xff, 0xff, 0xff,
    0xf8, 0xf7, 0xff, 0xff, 0xfc, 0xfc, 0xff, 0xff, 0xfc, 0xfc, 0xff, 0xff, 0xfc, 0xfc, 0xff, 0xff,
    0xfc, 0xfc, 0xff, 0xff, 0xfc, 0xfc, 0xff, 0xff, 0xfc, 0xfc, 0xff, 0xff, 0xfc, 0xfc, 0xff, 0xff,
    0xfc, 0xfc, 0xff, 0xff, 0xfc, 0xfc, 0xff, 0xff, 0xfc, 0xfc, 0xff, 0xff, 0xfc, 0xfc, 0xff, 0xff,
    0xfc, 0xfc, 0xff, 0xff, 0xfc, 0xfc, 0xff, 0xff, 0xfc, 0xfc, 0xff, 0xff, 0xfc, 0xfc, 0xff, 0xff,
    0xfc, 0xfc, 0xff, 0xff, 0xfc, 0xfc, 0xff, 0xff, 0xfc, 0xfc, 0xff, 0xff, 0xfc, 0xfc, 0xff, 0xff,
    0xfc, 0xfc, 0xff, 0xff, 0xfc, 0xfc, 0xff, 0xff, 0xfc, 0xfc, 0xff, 0xff, 0xfc, 0xfc, 0xff, 0xff,
    0xfc, 0xfc, 0xff, 0xff, 0xfc, 0xfc, 0xff, 0xff, 0xfc, 0xfc, 0xff, 0xff, 0xfc, 0xfc, 0xff, 0xff,
    0xfc, 0xfc, 0xff, 0xff, 0xfc, 0xfb, 0xff, 0xff, 0xfc, 0xfc, 0xff, 0xff, 0xff, 0xff, 0xff, 0xff,
    0xff, 0xff, 0xff, 0xff, 0x8b, 0x88, 0xf1, 0xff, 0x00, 0x00, 0xe1, 0xff, 0x0b, 0x03, 0xe2, 0xff,
    0x0c, 0x03, 0xe2, 0xff, 0x00, 0x00, 0xe0, 0xff, 0xad, 0xaa, 0xf5, 0xff, 0xfc, 0xfc, 0xff, 0xff,
    0xf9, 0xf9, 0xff, 0xff, 0xfc, 0xfc, 0xff, 0xff, 0xfc, 0xfc, 0xff, 0xff, 0xfc, 0xfc, 0xff, 0xff,
    0xfc, 0xfc, 0xff, 0xff, 0xfc, 0xfc, 0xff, 0xff, 0xfc, 0xfc, 0xff, 0xff, 0xfc, 0xfc, 0xff, 0xff,
    0xfc, 0xfc, 0xff, 0xff, 0xfc, 0xfc, 0xff, 0xff, 0xfc, 0xfc, 0xff, 0xff, 0xfc, 0xfc, 0xff, 0xff,
    0xfc, 0xfc, 0xff, 0xff, 0xfc, 0xfc, 0xff, 0xff, 0xfc, 0xfc, 0xff, 0xff, 0xfc, 0xfc, 0xff, 0xff,
    0xfc, 0xfc, 0xff, 0xff, 0xfc, 0xfc, 0xff, 0xff, 0xfc, 0xfc, 0xff, 0xff, 0xfc, 0xfc, 0xff, 0xff,
    0xfc, 0xfc, 0xff, 0xff, 0xfc, 0xfc, 0xff, 0xff, 0xfc, 0xfc, 0xff, 0xff, 0xfc, 0xfc, 0xff, 0xff,
    0xfc, 0xfc, 0xff, 0xff, 0xfc, 0xfc, 0xff, 0xff, 0xfc, 0xfc, 0xff, 0xff, 0xfc, 0xfc, 0xff, 0xff,
    0xfc, 0xfc, 0xff, 0xff, 0xfc, 0xfc, 0xff, 0xff, 0xfc, 0xfc, 0xff, 0xff, 0xfb, 0xfb, 0xff, 0xff,
    0xfd, 0xfd, 0xff, 0xff, 0xff, 0xff, 0xff, 0xff, 0xe4, 0xe3, 0xfc, 0xff, 0x34, 0x30, 0xe7, 0xff,
    0x00, 0x00, 0xe0, 0xff, 0x0c, 0x02, 0xe2, 0xff, 0x09, 0x00, 0xe2, 0xff, 0x09, 0x00, 0xe2, 0xff,
    0x09, 0x00, 0xe2, 0xff, 0x09, 0x00, 0xe2, 0xff, 0x09, 0x00, 0xe2, 0xff, 0x09, 0x00, 0xe2, 0xff,
    0x09, 0x00, 0xe2, 0xff, 0x09, 0x00, 0xe2, 0xff, 0x09, 0x00, 0xe2, 0xff, 0x09, 0x00, 0xe2, 0xff,
    0x09, 0x00, 0xe2, 0xff, 0x09, 0x00, 0xe2, 0xff, 0x09, 0x00, 0xe2, 0xff, 0x09, 0x00, 0xe2, 0xff,
    0x09, 0x00, 0xe2, 0xff, 0x09, 0x00, 0xe2, 0xff, 0x09, 0x00, 0xe2, 0xff, 0x09, 0x00, 0xe2, 0xff,
    0x09, 0x00, 0xe2, 0xff, 0x09, 0x00, 0xe2, 0xff, 0x09, 0x00, 0xe2, 0xff, 0x09, 0x00, 0xe2, 0xff,
    0x09, 0x00, 0xe1, 0xfd, 0x09, 0x00, 0xe2, 0xfc, 0x0a, 0x00, 0xf3, 0xff, 0x09, 0x00, 0xe5, 0xb6,
    0x0e, 0x00, 0xd4, 0x12, 0x00, 0x00, 0x00, 0x00, 0x00, 0x00, 0xaa, 0x03, 0x00, 0x00, 0x00, 0x00,
    0x00, 0x00, 0x00, 0x00, 0x00, 0x00, 0x00, 0x00, 0x00, 0x00, 0x00, 0x00, 0x00, 0x00, 0x00, 0x00,
    0x00, 0x00, 0x00, 0x00, 0x00, 0x00, 0x00, 0x00, 0x00, 0x00, 0x00, 0x00, 0x00, 0x00, 0x00, 0x00,
    0x00, 0x00, 0x00, 0x00, 0x00, 0x00, 0x00, 0x00, 0x00, 0x00, 0xff, 0x02, 0x00, 0x00, 0x00, 0x00,
    0x00, 0x00, 0x00, 0x01, 0x09, 0x00, 0xe3, 0x8b, 0x09, 0x00, 0xec, 0xff, 0x09, 0x00, 0xe7, 0xff,
    0x09, 0x00, 0xe1, 0xfb, 0x09, 0x00, 0xe2, 0xff, 0x09, 0x00, 0xe2, 0xff, 0x09, 0x00, 0xe2, 0xff,
    0x09, 0x00, 0xe2, 0xff, 0x09, 0x00, 0xe2, 0xff, 0x09, 0x00, 0xe2, 0xff, 0x09, 0x00, 0xe2, 0xff,
    0x09, 0x00, 0xe2, 0xff, 0x09, 0x00, 0xe2, 0xff, 0x09, 0x00, 0xe2, 0xff, 0x09, 0x00, 0xe2, 0xff,
    0x09, 0x00, 0xe2, 0xff, 0x09, 0x00, 0xe2, 0xff, 0x09, 0x00, 0xe2, 0xff, 0x09, 0x00, 0xe2, 0xff,
    0x09, 0x00, 0xe2, 0xff, 0x0c, 0x03, 0xe2, 0xff, 0x01, 0x00, 0xe1, 0xff, 0x44, 0x3c, 0xe9, 0xff,
    0xff, 0xff, 0xff, 0xff, 0xff, 0xff, 0xff, 0xff, 0xff, 0xff, 0xff, 0xff, 0xff, 0xff, 0xff, 0xff,
    0xff, 0xff, 0xff, 0xff, 0xff, 0xff, 0xff, 0xff, 0xff, 0xff, 0xff, 0xff, 0xff, 0xff, 0xff, 0xff,
    0xff, 0xff, 0xff, 0xff, 0xff, 0xff, 0xff, 0xff, 0xff, 0xff, 0xff, 0xff, 0xff, 0xff, 0xff, 0xff,
    0xff, 0xff, 0xff, 0xff, 0xff, 0xff, 0xff, 0xff, 0xff, 0xff, 0xff, 0xff, 0xff, 0xff, 0xff, 0xff,
    0xff, 0xff, 0xff, 0xff, 0xff, 0xff, 0xff, 0xff, 0xff, 0xff, 0xff, 0xff, 0xff, 0xff, 0xff, 0xff,
    0xff, 0xff, 0xff, 0xff, 0x89, 0x85, 0xf1, 0xff, 0x00, 0x00, 0xe0, 0xff, 0x0d, 0x03, 0xe2, 0xff,
    0x09, 0x00, 0xe2, 0xff, 0x09, 0x00, 0xe2, 0xff, 0x09, 0x00, 0xe2, 0xff, 0x09, 0x00, 0xe2, 0xff,
    0x09, 0x00, 0xe2, 0xff, 0x09, 0x00, 0xe2, 0xff, 0x09, 0x00, 0xe2, 0xff, 0x09, 0x00, 0xe2, 0xff,
    0x09, 0x00, 0xe2, 0xff, 0x09, 0x00, 0xe2, 0xff, 0x09, 0x00, 0xe2, 0xff, 0x09, 0x00, 0xe2, 0xff,
    0x09, 0x00, 0xe2, 0xff, 0x09, 0x00, 0xe2, 0xff, 0x09, 0x00, 0xe2, 0xff, 0x09, 0x00, 0xe2, 0xff,
    0x09, 0x00, 0xe2, 0xff, 0x0a, 0x01, 0xe2, 0xff, 0x05, 0x00, 0xe2, 0xff, 0x1d, 0x17, 0xe4, 0xff,
    0xf3, 0xf2, 0xfd, 0xff, 0xff, 0xff, 0xff, 0xff, 0xff, 0xff, 0xff, 0xff, 0xff, 0xff, 0xff, 0xff,
    0xff, 0xff, 0xff, 0xff, 0xff, 0xff, 0xff, 0xff, 0xff, 0xff, 0xff, 0xff, 0xff, 0xff, 0xff, 0xff,
    0xff, 0xff, 0xff, 0xff, 0x7b, 0x76, 0xef, 0xff, 0x00, 0x00, 0xe0, 0xff, 0x0d, 0x04, 0xe2, 0xff,
    0x09, 0x00, 0xe2, 0xff, 0x09, 0x00, 0xe2, 0xff, 0x09, 0x00, 0xe2, 0xff, 0x09, 0x00, 0xe2, 0xff,
    0x09, 0x00, 0xe2, 0xff, 0x09, 0x00, 0xe2, 0xff, 0x09, 0x00, 0xe2, 0xff, 0x09, 0x00, 0xe2, 0xff,
    0x09, 0x00, 0xe2, 0xff, 0x09, 0x00, 0xe2, 0xff, 0x09, 0x00, 0xe2, 0xff, 0x09, 0x00, 0xe2, 0xff,
    0x09, 0x00, 0xe2, 0xff, 0x09, 0x00, 0xe2, 0xff, 0x09, 0x00, 0xe2, 0xff, 0x09, 0x00, 0xe2, 0xff,
    0x09, 0x00, 0xe2, 0xff, 0x09, 0x00, 0xe2, 0xff, 0x0a, 0x01, 0xe2, 0xff, 0x06, 0x01, 0xe1, 0xff,
    0x1b, 0x16, 0xe4, 0xff, 0xcb, 0xc9, 0xf8, 0xff, 0xff, 0xff, 0xff, 0xff, 0xff, 0xff, 0xff, 0xff,
    0xff, 0xff, 0xff, 0xff, 0xff, 0xff, 0xff, 0xff, 0xff, 0xff, 0xff, 0xff, 0xff, 0xff, 0xff, 0xff,
    0xff, 0xff, 0xff, 0xff, 0xff, 0xff, 0xff, 0xff, 0xff, 0xff, 0xff, 0xff, 0xff, 0xff, 0xff, 0xff,
    0xff, 0xff, 0xff, 0xff, 0xff, 0xff, 0xff, 0xff, 0xff, 0xff, 0xff, 0xff, 0xff, 0xff, 0xff, 0xff,
    0xff, 0xff, 0xff, 0xff, 0xff, 0xff, 0xff, 0xff, 0xff, 0xff, 0xff, 0xff, 0xff, 0xff, 0xff, 0xff,
    0xff, 0xff, 0xff, 0xff, 0xff, 0xff, 0xff, 0xff, 0xff, 0xff, 0xff, 0xff, 0xff, 0xff, 0xff, 0xff,
    0xff, 0xff, 0xff, 0xff, 0xff, 0xff, 0xff, 0xff, 0xff, 0xff, 0xff, 0xff, 0xff, 0xff, 0xff, 0xff,
    0xff, 0xff, 0xff, 0xff, 0xff, 0xff, 0xff, 0xff, 0xff, 0xff, 0xff, 0xff, 0xff, 0xff, 0xff, 0xff,
    0xff, 0xff, 0xff, 0xff, 0xd1, 0xd0, 0xfa, 0xff, 0x4b, 0x48, 0xea, 0xff, 0x00, 0x00, 0xe0, 0xff,
    0x0b, 0x03, 0xe2, 0xff, 0x09, 0x00, 0xe2, 0xff, 0x0b, 0x02, 0xe2, 0xff, 0x02, 0x00, 0xe1, 0xff,
    0x2f, 0x28, 0xe7, 0xff, 0xff, 0xff, 0xff, 0xff, 0xff, 0xff, 0xff, 0xff, 0xff, 0xff, 0xff, 0xff,
    0xff, 0xff, 0xff, 0xff, 0xff, 0xff, 0xff, 0xff, 0xff, 0xff, 0xff, 0xff, 0xff, 0xff, 0xff, 0xff,
    0xff, 0xff, 0xff, 0xff, 0xfb, 0xfb, 0xff, 0xff, 0x28, 0x21, 0xe6, 0xff, 0x04, 0x01, 0xe1, 0xff,
    0x0b, 0x02, 0xe2, 0xff, 0x09, 0x00, 0xe2, 0xff, 0x09, 0x00, 0xe2, 0xff, 0x09, 0x00, 0xe2, 0xff,
    0x09, 0x00, 0xe2, 0xff, 0x09, 0x00, 0xe2, 0xff, 0x09, 0x00, 0xe2, 0xff, 0x09, 0x00, 0xe2, 0xff,
    0x09, 0x00, 0xe2, 0xff, 0x09, 0x00, 0xe2, 0xff, 0x09, 0x00, 0xe2, 0xff, 0x09, 0x00, 0xe2, 0xff,
    0x09, 0x00, 0xe2, 0xff, 0x0a, 0x01, 0xe2, 0xff, 0x07, 0x01, 0xe2, 0xff, 0x13, 0x0e, 0xe3, 0xff,
    0xe6, 0xe6, 0xfc, 0xff, 0xff, 0xff, 0xff, 0xff, 0xff, 0xff, 0xff, 0xff, 0xff, 0xff, 0xff, 0xff,
    0xff, 0xff, 0xff, 0xff, 0xff, 0xff, 0xff, 0xff, 0xff, 0xff, 0xff, 0xff, 0xff, 0xff, 0xff, 0xff,
    0xff, 0xff, 0xff, 0xff, 0xa5, 0xa2, 0xf5, 0xff, 0x00, 0x00, 0xe0, 0xff, 0x0c, 0x03, 0xe2, 0xff,
    0x0c, 0x03, 0xe2, 0xff, 0x01, 0x00, 0xe1, 0xff, 0x43, 0x3c, 0xe9, 0xff, 0xff, 0xff, 0xff, 0xff,
    0xff, 0xff, 0xff, 0xff, 0xff, 0xff, 0xff, 0xff, 0xff, 0xff, 0xff, 0xff, 0xff, 0xff, 0xff, 0xff,
    0xff, 0xff, 0xff, 0xff, 0xff, 0xff, 0xff, 0xff, 0xff, 0xff, 0xff, 0xff, 0xea, 0xe9, 0xfd, 0xff,
    0x15, 0x0e, 0xe3, 0xff, 0x06, 0x01, 0xe2, 0xff, 0x0a, 0x01, 0xe2, 0xff, 0x09, 0x00, 0xe2, 0xff,
    0x0b, 0x02, 0xe2, 0xff, 0x05, 0x01, 0xe1, 0xff, 0x26, 0x21, 0xe5, 0xff, 0xe2, 0xe1, 0xfc, 0xff,
    0xff, 0xff, 0xff, 0xff, 0xff, 0xff, 0xff, 0xff, 0xff, 0xff, 0xff, 0xff, 0xff, 0xff, 0xff, 0xff,
    0xff, 0xff, 0xff, 0xff, 0xff, 0xff, 0xff, 0xff, 0xff, 0xff, 0xff, 0xff, 0xff, 0xff, 0xff, 0xff,
    0xff, 0xff, 0xff, 0xff, 0xff, 0xff, 0xff, 0xff, 0xff, 0xff, 0xff, 0xff, 0xff, 0xff, 0xff, 0xff,
    0xff, 0xff, 0xff, 0xff, 0xff, 0xff, 0xff, 0xff, 0xff, 0xff, 0xff, 0xff, 0xff, 0xff, 0xff, 0xff,
    0xff, 0xff, 0xff, 0xff, 0xff, 0xff, 0xff, 0xff, 0xff, 0xff, 0xff, 0xff, 0xff, 0xff, 0xff, 0xff,
    0xff, 0xff, 0xff, 0xff, 0xff, 0xff, 0xff, 0xff, 0xff, 0xff, 0xff, 0xff, 0xff, 0xff, 0xff, 0xff,
    0xff, 0xff, 0xff, 0xff, 0xff, 0xff, 0xff, 0xff, 0xff, 0xff, 0xff, 0xff, 0xff, 0xff, 0xff, 0xff,
    0xff, 0xff, 0xff, 0xff, 0xff, 0xff, 0xff, 0xff, 0xff, 0xff, 0xff, 0xff, 0xde, 0xdd, 0xfb, 0xff,
    0x5e, 0x5a, 0xec, 0xff, 0x00, 0x00, 0xe0, 0xff, 0x0a, 0x02, 0xe2, 0xff, 0x0c, 0x03, 0xe2, 0xff,
    0x02, 0x00, 0xe1, 0xff, 0x32, 0x2a, 0xe7, 0xff, 0xff, 0xff, 0xff, 0xff, 0xff, 0xff, 0xff, 0xff,
    0xff, 0xff, 0xff, 0xff, 0xff, 0xff, 0xff, 0xff, 0xff, 0xff, 0xff, 0xff, 0xff, 0xff, 0xff, 0xff,
    0xff, 0xff, 0xff, 0xff, 0xff, 0xff, 0xff, 0xff, 0xff, 0xff, 0xff, 0xff, 0xff, 0xff, 0xff, 0xff,
    0xff, 0xff, 0xff, 0xff, 0xff, 0xff, 0xff, 0xff, 0xff, 0xff, 0xff, 0xff, 0xff, 0xff, 0xff, 0xff,
    0xff, 0xff, 0xff, 0xff, 0xff, 0xff, 0xff, 0xff, 0xff, 0xff, 0xff, 0xff, 0xff, 0xff, 0xff, 0xff,
    0xff, 0xff, 0xff, 0xff, 0xff, 0xff, 0xff, 0xff, 0xff, 0xff, 0xff, 0xff, 0xff, 0xff, 0xff, 0xff,
    0xff, 0xff, 0xff, 0xff, 0xff, 0xff, 0xff, 0xff, 0xff, 0xff, 0xff, 0xff, 0xff, 0xff, 0xff, 0xff,
    0xff, 0xff, 0xff, 0xff, 0xff, 0xff, 0xff, 0xff, 0xff, 0xff, 0xff, 0xff, 0xff, 0xff, 0xff, 0xff,
    0xff, 0xff, 0xff, 0xff, 0xff, 0xff, 0xff, 0xff, 0xff, 0xff, 0xff, 0xff, 0xff, 0xff, 0xff, 0xff,
    0xff, 0xff, 0xff, 0xff, 0xb0, 0xae, 0xf6, 0xff, 0x23, 0x1e, 0xe5, 0xff, 0x00, 0x00, 0xe1, 0xff,
    0x0c, 0x02, 0xe2, 0xff, 0x09, 0x00, 0xe2, 0xff, 0x09, 0x00, 0xe2, 0xff, 0x09, 0x00, 0xe2, 0xff,
    0x09, 0x00, 0xe2, 0xff, 0x09, 0x00, 0xe2, 0xff, 0x09, 0x00, 0xe2, 0xff, 0x09, 0x00, 0xe2, 0xff,
    0x09, 0x00, 0xe2, 0xff, 0x09, 0x00, 0xe2, 0xff, 0x09, 0x00, 0xe2, 0xff, 0x09, 0x00, 0xe2, 0xff,
    0x09, 0x00, 0xe2, 0xff, 0x09, 0x00, 0xe2, 0xff, 0x09, 0x00, 0xe2, 0xff, 0x09, 0x00, 0xe2, 0xff,
    0x09, 0x00, 0xe2, 0xff, 0x09, 0x00, 0xe2, 0xff, 0x09, 0x00, 0xe2, 0xff, 0x09, 0x00, 0xe2, 0xff,
    0x09, 0x00, 0xe2, 0xff, 0x09, 0x00, 0xe2, 0xff, 0x09, 0x00, 0xe2, 0xff, 0x09, 0x00, 0xe1, 0xfb,
    0x09, 0x00, 0xe7, 0xff, 0x09, 0x00, 0xec, 0xff, 0x09, 0x00, 0xe3, 0x8c, 0x00, 0x00, 0x7f, 0x02,
    0x00, 0x00, 0x00, 0x00, 0x00, 0x00, 0xff, 0x02, 0x00, 0x00, 0x00, 0x00, 0x00, 0x00, 0x00, 0x00,
    0x00, 0x00, 0x00, 0x00, 0x00, 0x00, 0x00, 0x00, 0x00, 0x00, 0x00, 0x00, 0x00, 0x00, 0x00, 0x00,
    0x00, 0x00, 0x00, 0x00, 0x00, 0x00, 0x00, 0x00, 0x00, 0x00, 0x00, 0x00, 0x00, 0x00, 0x00, 0x00,
    0x00, 0x00, 0x00, 0x00, 0x00, 0x00, 0x00, 0x00, 0x00, 0x00, 0x00, 0x00, 0x00, 0x00, 0x7f, 0x02,
    0x00, 0x00, 0xff, 0x01, 0x00, 0x00, 0x00, 0x00, 0x09, 0x00, 0xdf, 0x52, 0x08, 0x00, 0xe6, 0xe8,
    0x0a, 0x00, 0xf0, 0xff, 0x09, 0x00, 0xe1, 0xfc, 0x09, 0x00, 0xe1, 0xfd, 0x09, 0x00, 0xe2, 0xff,
    0x09, 0x00, 0xe2, 0xff, 0x09, 0x00, 0xe2, 0xff, 0x09, 0x00, 0xe2, 0xff, 0x09, 0x00, 0xe2, 0xff,
    0x09, 0x00, 0xe2, 0xff, 0x09, 0x00, 0xe2, 0xff, 0x09, 0x00, 0xe2, 0xff, 0x09, 0x00, 0xe2, 0xff,
    0x09, 0x00, 0xe2, 0xff, 0x09, 0x00, 0xe2, 0xff, 0x09, 0x00, 0xe2, 0xff, 0x09, 0x00, 0xe2, 0xff,
    0x09, 0x00, 0xe2, 0xff, 0x0c, 0x03, 0xe2, 0xff, 0x02, 0x00, 0xe0, 0xff, 0x75, 0x71, 0xef, 0xff,
    0xc8, 0xc6, 0xf9, 0xff, 0xc3, 0xc1, 0xf8, 0xff, 0xc6, 0xc4, 0xf8, 0xff, 0xc6, 0xc4, 0xf8, 0xff,
    0xc6, 0xc4, 0xf8, 0xff, 0xc6, 0xc4, 0xf8, 0xff, 0xc6, 0xc4, 0xf8, 0xff, 0xc6, 0xc4, 0xf8, 0xff,
    0xc6, 0xc4, 0xf8, 0xff, 0xc6, 0xc4, 0xf8, 0xff, 0xc6, 0xc4, 0xf8, 0xff, 0xc6, 0xc4, 0xf8, 0xff,
    0xc6, 0xc4, 0xf8, 0xff, 0xc6, 0xc4, 0xf8, 0xff, 0xc6, 0xc4, 0xf8, 0xff, 0xc6, 0xc4, 0xf8, 0xff,
    0xc6, 0xc4, 0xf8, 0xff, 0xc6, 0xc4, 0xf8, 0xff, 0xc5, 0xc4, 0xf8, 0xff, 0xc6, 0xc4, 0xf8, 0xff,
    0xc1, 0xbf, 0xf8, 0xff, 0x25, 0x1e, 0xe5, 0xff, 0x04, 0x01, 0xe1, 0xff, 0x0b, 0x02, 0xe2, 0xff,
    0x09, 0x00, 0xe2, 0xff, 0x09, 0x00, 0xe2, 0xff, 0x09, 0x00, 0xe2, 0xff, 0x09, 0x00, 0xe2, 0xff,
    0x09, 0x00, 0xe2, 0xff, 0x09, 0x00, 0xe2, 0xff, 0x09, 0x00, 0xe2, 0xff, 0x09, 0x00, 0xe2, 0xff,
    0x09, 0x00, 0xe2, 0xff, 0x09, 0x00, 0xe2, 0xff, 0x09, 0x00, 0xe2, 0xff, 0x09, 0x00, 0xe2, 0xff,
    0x09, 0x00, 0xe2, 0xff, 0x09, 0x00, 0xe2, 0xff, 0x09, 0x00, 0xe2, 0xff, 0x09, 0x00, 0xe2, 0xff,
    0x09, 0x00, 0xe2, 0xff, 0x0c, 0x03, 0xe2, 0xff, 0x01, 0x00, 0xe1, 0xff, 0x50, 0x4a, 0xeb, 0xff,
    0xca, 0xc8, 0xf9, 0xff, 0xc4, 0xc2, 0xf8, 0xff, 0xc6, 0xc4, 0xf8, 0xff, 0xc6, 0xc4, 0xf8, 0xff,
    0xc6, 0xc4, 0xf8, 0xff, 0xc6, 0xc4, 0xf8, 0xff, 0xc5, 0xc4, 0xf8, 0xff, 0xc6, 0xc5, 0xf8, 0xff,
    0xbd, 0xbb, 0xf7, 0xff, 0x1d, 0x15, 0xe4, 0xff, 0x05, 0x01, 0xe1, 0xff, 0x0a, 0x01, 0xe2, 0xff,
    0x09, 0x00, 0xe2, 0xff, 0x09, 0x00, 0xe2, 0xff, 0x09, 0x00, 0xe2, 0xff, 0x09, 0x00, 0xe2, 0xff,
    0x09, 0x00, 0xe2, 0xff, 0x09, 0x00, 0xe2, 0xff, 0x09, 0x00, 0xe2, 0xff, 0x09, 0x00, 0xe2, 0xff,
    0x09, 0x00, 0xe2, 0xff, 0x09, 0x00, 0xe2, 0xff, 0x09, 0x00, 0xe2, 0xff, 0x09, 0x00, 0xe2, 0xff,
    0x09, 0x00, 0xe2, 0xff, 0x09, 0x00, 0xe2, 0xff, 0x09, 0x00, 0xe2, 0xff, 0x09, 0x00, 0xe2, 0xff,
    0x09, 0x00, 0xe2, 0xff, 0x09, 0x00, 0xe2, 0xff, 0x09, 0x00, 0xe2, 0xff, 0x0a, 0x01, 0xe2, 0xff,
    0x04, 0x00, 0xe1, 0xff, 0x0e, 0x07, 0xe2, 0xff, 0x62, 0x5d, 0xed, 0xff, 0x9f, 0x9c, 0xf4, 0xff,
    0xbe, 0xbc, 0xf8, 0xff, 0xc6, 0xc4, 0xf8, 0xff, 0xc6, 0xc4, 0xf8, 0xff, 0xc6, 0xc4, 0xf8, 0xff,
    0xc6, 0xc4, 0xf8, 0xff, 0xc6, 0xc4, 0xf8, 0xff, 0xc6, 0xc4, 0xf8, 0xff, 0xc6, 0xc4, 0xf8, 0xff,
    0xc6, 0xc4, 0xf8, 0xff, 0xc6, 0xc4, 0xf8, 0xff, 0xc6, 0xc4, 0xf8, 0xff, 0xc6, 0xc4, 0xf8, 0xff,
    0xc6, 0xc4, 0xf8, 0xff, 0xc6, 0xc4, 0xf8, 0xff, 0xc6, 0xc4, 0xf8, 0xff, 0xc6, 0xc4, 0xf8, 0xff,
    0xc6, 0xc4, 0xf8, 0xff, 0xc6, 0xc4, 0xf8, 0xff, 0xc6, 0xc4, 0xf8, 0xff, 0xc6, 0xc4, 0xf8, 0xff,
    0xc6, 0xc4, 0xf8, 0xff, 0xc6, 0xc4, 0xf8, 0xff, 0xc6, 0xc4, 0xf8, 0xff, 0xc6, 0xc4, 0xf8, 0xff,
    0xc6, 0xc4, 0xf8, 0xff, 0xc7, 0xc6, 0xf8, 0xff, 0xc0, 0xbf, 0xf8, 0xff, 0x99, 0x95, 0xf3, 0xff,
    0x54, 0x4f, 0xeb, 0xff, 0x0b, 0x05, 0xe2, 0xff, 0x00, 0x00, 0xe0, 0xff, 0x0c, 0x03, 0xe2, 0xff,
    0x09, 0x00, 0xe2, 0xff, 0x09, 0x00, 0xe2, 0xff, 0x0c, 0x03, 0xe2, 0xff, 0x01, 0x00, 0xe0, 0xff,
    0x64, 0x5f, 0xed, 0xff, 0xc9, 0xc7, 0xf9, 0xff, 0xc3, 0xc1, 0xf8, 0xff, 0xc6, 0xc4, 0xf8, 0xff,
    0xc6, 0xc4, 0xf8, 0xff, 0xc6, 0xc4, 0xf8, 0xff, 0xc6, 0xc4, 0xf8, 0xff, 0xc3, 0xc2, 0xf8, 0xff,
    0xc8, 0xc6, 0xf9, 0xff, 0x87, 0x83, 0xf1, 0xff, 0x00, 0x00, 0xe1, 0xff, 0x0b, 0x02, 0xe2, 0xff,
    0x09, 0x00, 0xe2, 0xff, 0x09, 0x00, 0xe2, 0xff, 0x09, 0x00, 0xe2, 0xff, 0x09, 0x00, 0xe2, 0xff,
    0x09, 0x00, 0xe2, 0xff, 0x09, 0x00, 0xe2, 0xff, 0x09, 0x00, 0xe2, 0xff, 0x09, 0x00, 0xe2, 0xff,
    0x09, 0x00, 0xe2, 0xff, 0x09, 0x00, 0xe2, 0xff, 0x09, 0x00, 0xe2, 0xff, 0x09, 0x00, 0xe2, 0xff,
    0x09, 0x00, 0xe2, 0xff, 0x0c, 0x03, 0xe2, 0xff, 0x01, 0x00, 0xe1, 0xff, 0x43, 0x3c, 0xe9, 0xff,
    0xca, 0xc8, 0xf9, 0xff, 0xc4, 0xc3, 0xf8, 0xff, 0xc6, 0xc4, 0xf8, 0xff, 0xc6, 0xc4, 0xf8, 0xff,
    0xc6, 0xc4, 0xf8, 0xff, 0xc6, 0xc4, 0xf8, 0xff, 0xc6, 0xc4, 0xf8, 0xff, 0xc5, 0xc3, 0xf8, 0xff,
    0xc5, 0xc4, 0xf8, 0xff, 0x36, 0x2f, 0xe7, 0xff, 0x03, 0x01, 0xe1, 0xff, 0x0b, 0x02, 0xe2, 0xff,
    0x0c, 0x03, 0xe2, 0xff, 0x02, 0x00, 0xe0, 0xff, 0x7d, 0x79, 0xf0, 0xff, 0xce, 0xcc, 0xf9, 0xff,
    0xc9, 0xc7, 0xf9, 0xff, 0xcc, 0xca, 0xf9, 0xff, 0xcc, 0xca, 0xf9, 0xff, 0xcc, 0xca, 0xf9, 0xff,
    0xcc, 0xca, 0xf9, 0xff, 0xc9, 0xc7, 0xf9, 0xff, 0xce, 0xcc, 0xf9, 0xff, 0x73, 0x6f, 0xee, 0xff,
    0x00, 0x00, 0xe0, 0xff, 0x0c, 0x02, 0xe2, 0xff, 0x09, 0x00, 0xe2, 0xff, 0x09, 0x00, 0xe2, 0xff,
    0x09, 0x00, 0xe2, 0xff, 0x0b, 0x01, 0xe2, 0xff, 0x02, 0x00, 0xe1, 0xff, 0x20, 0x1a, 0xe5, 0xff,
    0x81, 0x7d, 0xf0, 0xff, 0xb6, 0xb4, 0xf7, 0xff, 0xc5, 0xc4, 0xf8, 0xff, 0xc6, 0xc4, 0xf8, 0xff,
    0xc6, 0xc4, 0xf8, 0xff, 0xc6, 0xc4, 0xf8, 0xff, 0xc6, 0xc4, 0xf8, 0xff, 0xc6, 0xc4, 0xf8, 0xff,
    0xc6, 0xc4, 0xf8, 0xff, 0xc6, 0xc4, 0xf8, 0xff, 0xc6, 0xc4, 0xf8, 0xff, 0xc6, 0xc4, 0xf8, 0xff,
    0xc6, 0xc4, 0xf8, 0xff, 0xc6, 0xc4, 0xf8, 0xff, 0xc6, 0xc4, 0xf8, 0xff, 0xc6, 0xc4, 0xf8, 0xff,
    0xc6, 0xc4, 0xf8, 0xff, 0xc6, 0xc4, 0xf8, 0xff, 0xc6, 0xc4, 0xf8, 0xff, 0xc6, 0xc4, 0xf8, 0xff,
    0xc6, 0xc4, 0xf8, 0xff, 0xc6, 0xc4, 0xf8, 0xff, 0xc6, 0xc4, 0xf8, 0xff, 0xc6, 0xc4, 0xf8, 0xff,
    0xc6, 0xc4, 0xf8, 0xff, 0xc6, 0xc4, 0xf8, 0xff, 0xc6, 0xc4, 0xf8, 0xff, 0xc6, 0xc5, 0xf8, 0xff,
    0xc3, 0xc2, 0xf8, 0xff, 0xa3, 0xa0, 0xf4, 0xff, 0x60, 0x5c, 0xed, 0xff, 0x13, 0x0c, 0xe3, 0xff,
    0x00, 0x00, 0xe0, 0xff, 0x0b, 0x02, 0xe2, 0xff, 0x09, 0x00, 0xe2, 0xff, 0x0c, 0x03, 0xe2, 0xff,
    0x01, 0x00, 0xe0, 0xff, 0x62, 0x5d, 0xec, 0xff, 0xc9, 0xc7, 0xf9, 0xff, 0xc3, 0xc1, 0xf8, 0xff,
    0xc6, 0xc4, 0xf8, 0xff, 0xc6, 0xc4, 0xf8, 0xff, 0xc6, 0xc4, 0xf8, 0xff, 0xc6, 0xc4, 0xf8, 0xff,
    0xc6, 0xc4, 0xf8, 0xff, 0xc6, 0xc4, 0xf8, 0xff, 0xc6, 0xc4, 0xf8, 0xff, 0xc6, 0xc4, 0xf8, 0xff,
    0xc6, 0xc4, 0xf8, 0xff, 0xc6, 0xc4, 0xf8, 0xff, 0xc6, 0xc4, 0xf8, 0xff, 0xc6, 0xc4, 0xf8, 0xff,
    0xc6, 0xc4, 0xf8, 0xff, 0xc6, 0xc4, 0xf8, 0xff, 0xc6, 0xc4, 0xf8, 0xff, 0xc6, 0xc4, 0xf8, 0xff,
    0xc6, 0xc4, 0xf8, 0xff, 0xc6, 0xc4, 0xf8, 0xff, 0xc6, 0xc4, 0xf8, 0xff, 0xc6, 0xc4, 0xf8, 0xff,
    0xc6, 0xc4, 0xf8, 0xff, 0xc6, 0xc4, 0xf8, 0xff, 0xc6, 0xc4, 0xf8, 0xff, 0xc6, 0xc4, 0xf8, 0xff,
    0xc6, 0xc4, 0xf8, 0xff, 0xc6, 0xc4, 0xf8, 0xff, 0xc6, 0xc4, 0xf8, 0xff, 0xc6, 0xc4, 0xf8, 0xff,
    0xc6, 0xc4, 0xf8, 0xff, 0xc6, 0xc5, 0xf8, 0xff, 0xbe, 0xbc, 0xf7, 0xff, 0x90, 0x8c, 0xf2, 0xff,
    0x40, 0x3b, 0xe8, 0xff, 0x00, 0x00, 0xe1, 0xff, 0x03, 0x00, 0xe1, 0xff, 0x0c, 0x02, 0xe2, 0xff,
    0x09, 0x00, 0xe2, 0xff, 0x09, 0x00, 0xe2, 0xff, 0x09, 0x00, 0xe2, 0xff, 0x09, 0x00, 0xe2, 0xff,
    0x09, 0x00, 0xe2, 0xff, 0x09, 0x00, 0xe2, 0xff, 0x09, 0x00, 0xe2, 0xff, 0x09, 0x00, 0xe2, 0xff,
    0x09, 0x00, 0xe2, 0xff, 0x09, 0x00, 0xe2, 0xff, 0x09, 0x00, 0xe2, 0xff, 0x09, 0x00, 0xe2, 0xff,
    0x09, 0x00, 0xe2, 0xff, 0x09, 0x00, 0xe2, 0xff, 0x09, 0x00, 0xe2, 0xff, 0x09, 0x00, 0xe2, 0xff,
    0x09, 0x00, 0xe2, 0xff, 0x09, 0x00, 0xe2, 0xff, 0x09, 0x00, 0xe2, 0xff, 0x09, 0x00, 0xe2, 0xff,
    0x09, 0x00, 0xe2, 0xff, 0x09, 0x00, 0xe1, 0xfd, 0x09, 0x00, 0xe1, 0xfc, 0x0a, 0x00, 0xf0, 0xff,
    0x08, 0x00, 0xe6, 0xe8, 0x09, 0x00, 0xe0, 0x54, 0x00, 0x00, 0x00, 0x00, 0x00, 0x00, 0xff, 0x01,
    0x00, 0x00, 0x7f, 0x02, 0x00, 0x00, 0x00, 0x00, 0x00, 0x00, 0x00, 0x00, 0x00, 0x00, 0x00, 0x00,
    0x00, 0x00, 0x00, 0x00, 0x00, 0x00, 0x00, 0x00, 0x00, 0x00, 0x00, 0x00, 0x00, 0x00, 0x00, 0x00,
    0x00, 0x00, 0x00, 0x00, 0x00, 0x00, 0x00, 0x00, 0x00, 0x00, 0x00, 0x00, 0x00, 0x00, 0x00, 0x00,
    0x00, 0x00, 0x00, 0x00, 0x00, 0x00, 0x00, 0x00, 0x00, 0x00, 0x00, 0x00, 0x00, 0x00, 0x00, 0x00,
    0x00, 0x00, 0xff, 0x01, 0x00, 0x00, 0xff, 0x03, 0x00, 0x00, 0x00, 0x00, 0x08, 0x00, 0xdd, 0x1e,
    0x08, 0x00, 0xe7, 0xac, 0x09, 0x00, 0xee, 0xff, 0x09, 0x00, 0xe8, 0xff, 0x09, 0x00, 0xe1, 0xfb,
    0x09, 0x00, 0xe1, 0xfe, 0x09, 0x00, 0xe2, 0xff, 0x09, 0x00, 0xe2, 0xff, 0x09, 0x00, 0xe2, 0xff,
    0x09, 0x00, 0xe2, 0xff, 0x09, 0x00, 0xe2, 0xff, 0x09, 0x00, 0xe2, 0xff, 0x09, 0x00, 0xe2, 0xff,
    0x09, 0x00, 0xe2, 0xff, 0x09, 0x00, 0xe2, 0xff, 0x09, 0x00, 0xe2, 0xff, 0x09, 0x00, 0xe2, 0xff,
    0x09, 0x00, 0xe2, 0xff, 0x09, 0x00, 0xe2, 0xff, 0x09, 0x00, 0xe2, 0xff, 0x08, 0x00, 0xe2, 0xff,
    0x03, 0x00, 0xe1, 0xff, 0x03, 0x00, 0xe1, 0xff, 0x03, 0x00, 0xe1, 0xff, 0x03, 0x00, 0xe1, 0xff,
    0x03, 0x00, 0xe1, 0xff, 0x03, 0x00, 0xe1, 0xff, 0x03, 0x00, 0xe1, 0xff, 0x03, 0x00, 0xe1, 0xff,
    0x03, 0x00, 0xe1, 0xff, 0x03, 0x00, 0xe1, 0xff, 0x03, 0x00, 0xe1, 0xff, 0x03, 0x00, 0xe1, 0xff,
    0x03, 0x00, 0xe1, 0xff, 0x03, 0x00, 0xe1, 0xff, 0x03, 0x00, 0xe1, 0xff, 0x03, 0x00, 0xe1, 0xff,
    0x03, 0x00, 0xe1, 0xff, 0x03, 0x00, 0xe1, 0xff, 0x03, 0x00, 0xe1, 0xff, 0x03, 0x00, 0xe1, 0xff,
    0x02, 0x00, 0xe1, 0xff, 0x06, 0x00, 0xe2, 0xff, 0x09, 0x00, 0xe2, 0xff, 0x09, 0x00, 0xe2, 0xff,
    0x09, 0x00, 0xe2, 0xff, 0x09, 0x00, 0xe2, 0xff, 0x09, 0x00, 0xe2, 0xff, 0x09, 0x00, 0xe2, 0xff,
    0x09, 0x00, 0xe2, 0xff, 0x09, 0x00, 0xe2, 0xff, 0x09, 0x00, 0xe2, 0xff, 0x09, 0x00, 0xe2, 0xff,
    0x09, 0x00, 0xe2, 0xff, 0x09, 0x00, 0xe2, 0xff, 0x09, 0x00, 0xe2, 0xff, 0x09, 0x00, 0xe2, 0xff,
    0x09, 0x00, 0xe2, 0xff, 0x09, 0x00, 0xe2, 0xff, 0x09, 0x00, 0xe2, 0xff, 0x09, 0x00, 0xe2, 0xff,
    0x09, 0x00, 0xe2, 0xff, 0x09, 0x00, 0xe2, 0xff, 0x09, 0x00, 0xe2, 0xff, 0x09, 0x01, 0xe2, 0xff,
    0x03, 0x00, 0xe1, 0xff, 0x03, 0x00, 0xe1, 0xff, 0x03, 0x00, 0xe1, 0xff, 0x03, 0x00, 0xe1, 0xff,
    0x03, 0x00, 0xe1, 0xff, 0x03, 0x00, 0xe1, 0xff, 0x03, 0x00, 0xe1, 0xff, 0x03, 0x00, 0xe1, 0xff,
    0x01, 0x00, 0xe1, 0xff, 0x07, 0x00, 0xe2, 0xff, 0x0a, 0x00, 0xe2, 0xff, 0x09, 0x00, 0xe2, 0xff,
    0x09, 0x00, 0xe2, 0xff, 0x09, 0x00, 0xe2, 0xff, 0x09, 0x00, 0xe2, 0xff, 0x09, 0x00, 0xe2, 0xff,
    0x09, 0x00, 0xe2, 0xff, 0x09, 0x00, 0xe2, 0xff, 0x09, 0x00, 0xe2, 0xff, 0x09, 0x00, 0xe2, 0xff,
    0x09, 0x00, 0xe2, 0xff, 0x09, 0x00, 0xe2, 0xff, 0x09, 0x00, 0xe2, 0xff, 0x09, 0x00, 0xe2, 0xff,
    0x09, 0x00, 0xe2, 0xff, 0x09, 0x00, 0xe2, 0xff, 0x09, 0x00, 0xe2, 0xff, 0x09, 0x00, 0xe2, 0xff,
    0x09, 0x00, 0xe2, 0xff, 0x09, 0x00, 0xe2, 0xff, 0x09, 0x00, 0xe2, 0xff, 0x09, 0x00, 0xe2, 0xff,
    0x0a, 0x01, 0xe2, 0xff, 0x07, 0x00, 0xe2, 0xff, 0x00, 0x00, 0xe0, 0xff, 0x00, 0x00, 0xe0, 0xff,
    0x00, 0x00, 0xe1, 0xff, 0x03, 0x00, 0xe1, 0xff, 0x03, 0x00, 0xe1, 0xff, 0x03, 0x00, 0xe1, 0xff,
    0x03, 0x00, 0xe1, 0xff, 0x03, 0x00, 0xe1, 0xff, 0x03, 0x00, 0xe1, 0xff, 0x03, 0x00, 0xe1, 0xff,
    0x03, 0x00, 0xe1, 0xff, 0x03, 0x00, 0xe1, 0xff, 0x03, 0x00, 0xe1, 0xff, 0x03, 0x00, 0xe1, 0xff,
    0x03, 0x00, 0xe1, 0xff, 0x03, 0x00, 0xe1, 0xff, 0x03, 0x00, 0xe1, 0xff, 0x03, 0x00, 0xe1, 0xff,
    0x03, 0x00, 0xe1, 0xff, 0x03, 0x00, 0xe1, 0xff, 0x03, 0x00, 0xe1, 0xff, 0x03, 0x00, 0xe1, 0xff,
    0x03, 0x00, 0xe1, 0xff, 0x03, 0x00, 0xe1, 0xff, 0x03, 0x00, 0xe1, 0xff, 0x03, 0x00, 0xe1, 0xff,
    0x03, 0x00, 0xe1, 0xff, 0x03, 0x00, 0xe1, 0xff, 0x01, 0x00, 0xe1, 0xff, 0x00, 0x00, 0xe0, 0xff,
    0x00, 0x00, 0xe0, 0xff, 0x08, 0x00, 0xe2, 0xff, 0x0c, 0x03, 0xe2, 0xff, 0x09, 0x00, 0xe2, 0xff,
    0x09, 0x00, 0xe2, 0xff, 0x09, 0x00, 0xe2, 0xff, 0x09, 0x00, 0xe2, 0xff, 0x09, 0x00, 0xe2, 0xff,
    0x09, 0x00, 0xe2, 0xff, 0x03, 0x00, 0xe1, 0xff, 0x03, 0x00, 0xe1, 0xff, 0x03, 0x00, 0xe1, 0xff,
    0x03, 0x00, 0xe1, 0xff, 0x03, 0x00, 0xe1, 0xff, 0x03, 0x00, 0xe1, 0xff, 0x03, 0x00, 0xe1, 0xff,
    0x03, 0x00, 0xe1, 0xff, 0x02, 0x00, 0xe1, 0xff, 0x09, 0x01, 0xe2, 0xff, 0x09, 0x00, 0xe2, 0xff,
    0x09, 0x00, 0xe2, 0xff, 0x09, 0x00, 0xe2, 0xff, 0x09, 0x00, 0xe2, 0xff, 0x09, 0x00, 0xe2, 0xff,
    0x09, 0x00, 0xe2, 0xff, 0x09, 0x00, 0xe2, 0xff, 0x09, 0x00, 0xe2, 0xff, 0x09, 0x00, 0xe2, 0xff,
    0x09, 0x00, 0xe2, 0xff, 0x09, 0x00, 0xe2, 0xff, 0x09, 0x00, 0xe2, 0xff, 0x09, 0x00, 0xe2, 0xff,
    0x09, 0x00, 0xe2, 0xff, 0x09, 0x00, 0xe2, 0xff, 0x09, 0x00, 0xe2, 0xff, 0x0a, 0x01, 0xe2, 0xff,
    0x03, 0x00, 0xe1, 0xff, 0x02, 0x00, 0xe1, 0xff, 0x03, 0x00, 0xe1, 0xff, 0x03, 0x00, 0xe1, 0xff,
    0x03, 0x00, 0xe1, 0xff, 0x03, 0x00, 0xe1, 0xff, 0x03, 0x00, 0xe1, 0xff, 0x03, 0x00, 0xe1, 0xff,
    0x02, 0x00, 0xe1, 0xff, 0x05, 0x00, 0xe2, 0xff, 0x09, 0x00, 0xe2, 0xff, 0x09, 0x00, 0xe2, 0xff,
    0x09, 0x00, 0xe2, 0xff, 0x09, 0x00, 0xe2, 0xff, 0x0a, 0x01, 0xe2, 0xff, 0x06, 0x00, 0xe2, 0xff,
    0x06, 0x00, 0xe2, 0xff, 0x06, 0x00, 0xe2, 0xff, 0x06, 0x00, 0xe2, 0xff, 0x06, 0x00, 0xe2, 0xff,
    0x06, 0x00, 0xe2, 0xff, 0x06, 0x00, 0xe2, 0xff, 0x06, 0x00, 0xe2, 0xff, 0x04, 0x00, 0xe1, 0xff,
    0x09, 0x01, 0xe2, 0xff, 0x09, 0x00, 0xe2, 0xff, 0x09, 0x00, 0xe2, 0xff, 0x09, 0x00, 0xe2, 0xff,
    0x09, 0x00, 0xe2, 0xff, 0x09, 0x00, 0xe2, 0xff, 0x0b, 0x01, 0xe2, 0xff, 0x04, 0x00, 0xe1, 0xff,
    0x00, 0x00, 0xe0, 0xff, 0x00, 0x00, 0xe1, 0xff, 0x03, 0x00, 0xe1, 0xff, 0x03, 0x00, 0xe1, 0xff,
    0x03, 0x00, 0xe1, 0xff, 0x03, 0x00, 0xe1, 0xff, 0x03, 0x00, 0xe1, 0xff, 0x03, 0x00, 0xe1, 0xff,
    0x03, 0x00, 0xe1, 0xff, 0x03, 0x00, 0xe1, 0xff, 0x03, 0x00, 0xe1, 0xff, 0x03, 0x00, 0xe1, 0xff,
    0x03, 0x00, 0xe1, 0xff, 0x03, 0x00, 0xe1, 0xff, 0x03, 0x00, 0xe1, 0xff, 0x03, 0x00, 0xe1, 0xff,
    0x03, 0x00, 0xe1, 0xff, 0x03, 0x00, 0xe1, 0xff, 0x03, 0x00, 0xe1, 0xff, 0x03, 0x00, 0xe1, 0xff,
    0x03, 0x00, 0xe1, 0xff, 0x03, 0x00, 0xe1, 0xff, 0x03, 0x00, 0xe1, 0xff, 0x03, 0x00, 0xe1, 0xff,
    0x03, 0x00, 0xe1, 0xff, 0x03, 0x00, 0xe1, 0xff, 0x03, 0x00, 0xe1, 0xff, 0x03, 0x00, 0xe1, 0xff,
    0x02, 0x00, 0xe1, 0xff, 0x00, 0x00, 0xe0, 0xff, 0x00, 0x00, 0xe0, 0xff, 0x06, 0x00, 0xe2, 0xff,
    0x0c, 0x03, 0xe2, 0xff, 0x09, 0x00, 0xe2, 0xff, 0x09, 0x00, 0xe2, 0xff, 0x09, 0x00, 0xe2, 0xff,
    0x09, 0x00, 0xe2, 0xff, 0x09, 0x00, 0xe2, 0xff, 0x03, 0x00, 0xe1, 0xff, 0x03, 0x00, 0xe1, 0xff,
    0x03, 0x00, 0xe1, 0xff, 0x03, 0x00, 0xe1, 0xff, 0x03, 0x00, 0xe1, 0xff, 0x03, 0x00, 0xe1, 0xff,
    0x03, 0x00, 0xe1, 0xff, 0x03, 0x00, 0xe1, 0xff, 0x03, 0x00, 0xe1, 0xff, 0x03, 0x00, 0xe1, 0xff,
    0x03, 0x00, 0xe1, 0xff, 0x03, 0x00, 0xe1, 0xff, 0x03, 0x00, 0xe1, 0xff, 0x03, 0x00, 0xe1, 0xff,
    0x03, 0x00, 0xe1, 0xff, 0x03, 0x00, 0xe1, 0xff, 0x03, 0x00, 0xe1, 0xff, 0x03, 0x00, 0xe1, 0xff,
    0x03, 0x00, 0xe1, 0xff, 0x03, 0x00, 0xe1, 0xff, 0x03, 0x00, 0xe1, 0xff, 0x03, 0x00, 0xe1, 0xff,
    0x03, 0x00, 0xe1, 0xff, 0x03, 0x00, 0xe1, 0xff, 0x03, 0x00, 0xe1, 0xff, 0x03, 0x00, 0xe1, 0xff,
    0x03, 0x00, 0xe1, 0xff, 0x03, 0x00, 0xe1, 0xff, 0x03, 0x00, 0xe1, 0xff, 0x03, 0x00, 0xe1, 0xff,
    0x03, 0x00, 0xe1, 0xff, 0x03, 0x00, 0xe1, 0xff, 0x00, 0x00, 0xe1, 0xff, 0x00, 0x00, 0xe0, 0xff,
    0x00, 0x00, 0xe1, 0xff, 0x0b, 0x01, 0xe2, 0xff, 0x0b, 0x02, 0xe2, 0xff, 0x09, 0x00, 0xe2, 0xff,
    0x09, 0x00, 0xe2, 0xff, 0x09, 0x00, 0xe2, 0xff, 0x09, 0x00, 0xe2, 0xff, 0x09, 0x00, 0xe2, 0xff,
    0x09, 0x00, 0xe2, 0xff, 0x09, 0x00, 0xe2, 0xff, 0x09, 0x00, 0xe2, 0xff, 0x09, 0x00, 0xe2, 0xff,
    0x09, 0x00, 0xe2, 0xff, 0x09, 0x00, 0xe2, 0xff, 0x09, 0x00, 0xe2, 0xff, 0x09, 0x00, 0xe2, 0xff,
    0x09, 0x00, 0xe2, 0xff, 0x09, 0x00, 0xe2, 0xff, 0x09, 0x00, 0xe2, 0xff, 0x09, 0x00, 0xe2, 0xff,
    0x09, 0x00, 0xe2, 0xff, 0x09, 0x00, 0xe2, 0xff, 0x09, 0x00, 0xe2, 0xff, 0x09, 0x00, 0xe1, 0xfe,
    0x09, 0x00, 0xe1, 0xfb, 0x09, 0x00, 0xe7, 0xff, 0x09, 0x00, 0xef, 0xff, 0x08, 0x00, 0xe5, 0xad,
    0x08, 0x00, 0xdd, 0x1e, 0x00, 0x00, 0x00, 0x00, 0x00, 0x00, 0xff, 0x03, 0x00, 0x00, 0xff, 0x01,
    0x00, 0x00, 0x00, 0x00, 0x00, 0x00, 0x00, 0x00, 0x00, 0x00, 0x00, 0x00, 0x00, 0x00, 0x00, 0x00,
    0x00, 0x00, 0x00, 0x00, 0x00, 0x00, 0x00, 0x00, 0x00, 0x00, 0x00, 0x00, 0x00, 0x00, 0x00, 0x00,
    0x00, 0x00, 0x00, 0x00, 0x00, 0x00, 0x00, 0x00, 0x00, 0x00, 0x00, 0x00, 0x00, 0x00, 0x00, 0x00,
    0x00, 0x00, 0x00, 0x00, 0x00, 0x00, 0x00, 0x00, 0x00, 0x00, 0x00, 0x00, 0x00, 0x00, 0x00, 0x00,
    0x00, 0x00, 0x00, 0x00, 0x00, 0x00, 0x00, 0x00, 0x00, 0x00, 0xff, 0x03, 0x00, 0x00, 0x00, 0x00,
    0x00, 0x00, 0x00, 0x00, 0x08, 0x00, 0xe2, 0x5b, 0x09, 0x00, 0xe7, 0xe1, 0x0a, 0x00, 0xf1, 0xff,
    0x09, 0x00, 0xe3, 0xff, 0x09, 0x00, 0xe1, 0xfc, 0x09, 0x00, 0xe2, 0xff, 0x09, 0x00, 0xe2, 0xff,
    0x09, 0x00, 0xe2, 0xff, 0x09, 0x00, 0xe2, 0xff, 0x09, 0x00, 0xe2, 0xff, 0x09, 0x00, 0xe2, 0xff,
    0x09, 0x00, 0xe2, 0xff, 0x09, 0x00, 0xe2, 0xff, 0x09, 0x00, 0xe2, 0xff, 0x09, 0x00, 0xe2, 0xff,
    0x09, 0x00, 0xe2, 0xff, 0x09, 0x00, 0xe2, 0xff, 0x09, 0x00, 0xe2, 0xff, 0x09, 0x00, 0xe2, 0xff,
    0x0a, 0x01, 0xe2, 0xff, 0x0a, 0x01, 0xe2, 0xff, 0x0a, 0x01, 0xe2, 0xff, 0x0a, 0x01, 0xe2, 0xff,
    0x0a, 0x01, 0xe2, 0xff, 0x0a, 0x01, 0xe2, 0xff, 0x0a, 0x01, 0xe2, 0xff, 0x0a, 0x01, 0xe2, 0xff,
    0x0a, 0x01, 0xe2, 0xff, 0x0a, 0x01, 0xe2, 0xff, 0x0a, 0x01, 0xe2, 0xff, 0x0a, 0x01, 0xe2, 0xff,
    0x0a, 0x01, 0xe2, 0xff, 0x0a, 0x01, 0xe2, 0xff, 0x0a, 0x01, 0xe2, 0xff, 0x0a, 0x01, 0xe2, 0xff,
    0x0a, 0x01, 0xe2, 0xff, 0x0a, 0x01, 0xe2, 0xff, 0x0a, 0x01, 0xe2, 0xff, 0x0a, 0x01, 0xe2, 0xff,
    0x0a, 0x01, 0xe2, 0xff, 0x0a, 0x01, 0xe2, 0xff, 0x09, 0x00, 0xe2, 0xff, 0x09, 0x00, 0xe2, 0xff,
    0x09, 0x00, 0xe2, 0xff, 0x09, 0x00, 0xe2, 0xff, 0x09, 0x00, 0xe2, 0xff, 0x09, 0x00, 0xe2, 0xff,
    0x09, 0x00, 0xe2, 0xff, 0x09, 0x00, 0xe2, 0xff, 0x09, 0x00, 0xe2, 0xff, 0x09, 0x00, 0xe2, 0xff,
    0x09, 0x00, 0xe2, 0xff, 0x09, 0x00, 0xe2, 0xff, 0x09, 0x00, 0xe2, 0xff, 0x09, 0x00, 0xe2, 0xff,
    0x09, 0x00, 0xe2, 0xff, 0x09, 0x00, 0xe2, 0xff, 0x09, 0x00, 0xe2, 0xff, 0x09, 0x00, 0xe2, 0xff,
    0x09, 0x00, 0xe2, 0xff, 0x09, 0x00, 0xe2, 0xff, 0x09, 0x00, 0xe2, 0xff, 0x09, 0x00, 0xe2, 0xff,
    0x0a, 0x01, 0xe2, 0xff, 0x0a, 0x01, 0xe2, 0xff, 0x0a, 0x01, 0xe2, 0xff, 0x0a, 0x01, 0xe2, 0xff,
    0x0a, 0x01, 0xe2, 0xff, 0x0a, 0x01, 0xe2, 0xff, 0x0a, 0x01, 0xe2, 0xff, 0x0a, 0x01, 0xe2, 0xff,
    0x0a, 0x01, 0xe2, 0xff, 0x0a, 0x01, 0xe2, 0xff, 0x09, 0x00, 0xe2, 0xff, 0x09, 0x00, 0xe2, 0xff,
    0x09, 0x00, 0xe2, 0xff, 0x09, 0x00, 0xe2, 0xff, 0x09, 0x00, 0xe2, 0xff, 0x09, 0x00, 0xe2, 0xff,
    0x09, 0x00, 0xe2, 0xff, 0x09, 0x00, 0xe2, 0xff, 0x09, 0x00, 0xe2, 0xff, 0x09, 0x00, 0xe2, 0xff,
    0x09, 0x00, 0xe2, 0xff, 0x09, 0x00, 0xe2, 0xff, 0x09, 0x00, 0xe2, 0xff, 0x09, 0x00, 0xe2, 0xff,
    0x09, 0x00, 0xe2, 0xff, 0x09, 0x00, 0xe2, 0xff, 0x09, 0x00, 0xe2, 0xff, 0x09, 0x00, 0xe2, 0xff,
    0x09, 0x00, 0xe2, 0xff, 0x09, 0x00, 0xe2, 0xff, 0x09, 0x00, 0xe2, 0xff, 0x09, 0x00, 0xe2, 0xff,
    0x09, 0x00, 0xe2, 0xff, 0x0a, 0x01, 0xe2, 0xff, 0x0c, 0x03, 0xe2, 0xff, 0x0c, 0x03, 0xe2, 0xff,
    0x0b, 0x02, 0xe2, 0xff, 0x0a, 0x01, 0xe2, 0xff, 0x0a, 0x01, 0xe2, 0xff, 0x0a, 0x01, 0xe2, 0xff,
    0x0a, 0x01, 0xe2, 0xff, 0x0a, 0x01, 0xe2, 0xff, 0x0a, 0x01, 0xe2, 0xff, 0x0a, 0x01, 0xe2, 0xff,
    0x0a, 0x01, 0xe2, 0xff, 0x0a, 0x01, 0xe2, 0xff, 0x0a, 0x01, 0xe2, 0xff, 0x0a, 0x01, 0xe2, 0xff,
    0x0a, 0x01, 0xe2, 0xff, 0x0a, 0x01, 0xe2, 0xff, 0x0a, 0x01, 0xe2, 0xff, 0x0a, 0x01, 0xe2, 0xff,
    0x0a, 0x01, 0xe2, 0xff, 0x0a, 0x01, 0xe2, 0xff, 0x0a, 0x01, 0xe2, 0xff, 0x0a, 0x01, 0xe2, 0xff,
    0x0a, 0x01, 0xe2, 0xff, 0x0a, 0x01, 0xe2, 0xff, 0x0a, 0x01, 0xe2, 0xff, 0x0a, 0x01, 0xe2, 0xff,
    0x0a, 0x01, 0xe2, 0xff, 0x0a, 0x01, 0xe2, 0xff, 0x0b, 0x02, 0xe2, 0xff, 0x0c, 0x04, 0xe2, 0xff,
    0x0c, 0x03, 0xe2, 0xff, 0x0a, 0x01, 0xe2, 0xff, 0x09, 0x00, 0xe2, 0xff, 0x09, 0x00, 0xe2, 0xff,
    0x09, 0x00, 0xe2, 0xff, 0x09, 0x00, 0xe2, 0xff, 0x09, 0x00, 0xe2, 0xff, 0x09, 0x00, 0xe2, 0xff,
    0x09, 0x00, 0xe2, 0xff, 0x0a, 0x01, 0xe2, 0xff, 0x0a, 0x01, 0xe2, 0xff, 0x0a, 0x01, 0xe2, 0xff,
    0x0a, 0x01, 0xe2, 0xff, 0x0a, 0x01, 0xe2, 0xff, 0x0a, 0x01, 0xe2, 0xff, 0x0a, 0x01, 0xe2, 0xff,
    0x0a, 0x01, 0xe2, 0xff, 0x0b, 0x02, 0xe2, 0xff, 0x09, 0x00, 0xe2, 0xff, 0x09, 0x00, 0xe2, 0xff,
    0x09, 0x00, 0xe2, 0xff, 0x09, 0x00, 0xe2, 0xff, 0x09, 0x00, 0xe2, 0xff, 0x09, 0x00, 0xe2, 0xff,
    0x09, 0x00, 0xe2, 0xff, 0x09, 0x00, 0xe2, 0xff, 0x09, 0x00, 0xe2, 0xff, 0x09, 0x00, 0xe2, 0xff,
    0x09, 0x00, 0xe2, 0xff, 0x09, 0x00, 0xe2, 0xff, 0x09, 0x00, 0xe2, 0xff, 0x09, 0x00, 0xe2, 0xff,
    0x09, 0x00, 0xe2, 0xff, 0x09, 0x00, 0xe2, 0xff, 0x09, 0x00, 0xe2, 0xff, 0x09, 0x00, 0xe2, 0xff,
    0x0a, 0x01, 0xe2, 0xff, 0x0a, 0x01, 0xe2, 0xff, 0x0a, 0x01, 0xe2, 0xff, 0x0a, 0x01, 0xe2, 0xff,
    0x0a, 0x01, 0xe2, 0xff, 0x0a, 0x01, 0xe2, 0xff, 0x0a, 0x01, 0xe2, 0xff, 0x0a, 0x01, 0xe2, 0xff,
    0x0a, 0x01, 0xe2, 0xff, 0x0a, 0x01, 0xe2, 0xff, 0x09, 0x00, 0xe2, 0xff, 0x09, 0x00, 0xe2, 0xff,
    0x09, 0x00, 0xe2, 0xff, 0x09, 0x00, 0xe2, 0xff, 0x08, 0x00, 0xe2, 0xff, 0x09, 0x00, 0xe2, 0xff,
    0x09, 0x00, 0xe2, 0xff, 0x09, 0x00, 0xe2, 0xff, 0x09, 0x00, 0xe2, 0xff, 0x09, 0x00, 0xe2, 0xff,
    0x09, 0x00, 0xe2, 0xff, 0x09, 0x00, 0xe2, 0xff, 0x09, 0x00, 0xe2, 0xff, 0x0a, 0x01, 0xe2, 0xff,
    0x09, 0x00, 0xe2, 0xff, 0x09, 0x00, 0xe2, 0xff, 0x09, 0x00, 0xe2, 0xff, 0x09, 0x00, 0xe2, 0xff,
    0x09, 0x00, 0xe2, 0xff, 0x09, 0x00, 0xe2, 0xff, 0x09, 0x00, 0xe2, 0xff, 0x0a, 0x01, 0xe2, 0xff,
    0x0d, 0x04, 0xe2, 0xff, 0x0b, 0x02, 0xe2, 0xff, 0x0a, 0x01, 0xe2, 0xff, 0x0a, 0x01, 0xe2, 0xff,
    0x0a, 0x01, 0xe2, 0xff, 0x0a, 0x01, 0xe2, 0xff, 0x0a, 0x01, 0xe2, 0xff, 0x0a, 0x01, 0xe2, 0xff,
    0x0a, 0x01, 0xe2, 0xff, 0x0a, 0x01, 0xe2, 0xff, 0x0a, 0x01, 0xe2, 0xff, 0x0a, 0x01, 0xe2, 0xff,
    0x0a, 0x01, 0xe2, 0xff, 0x0a, 0x01, 0xe2, 0xff, 0x0a, 0x01, 0xe2, 0xff, 0x0a, 0x01, 0xe2, 0xff,
    0x0a, 0x01, 0xe2, 0xff, 0x0a, 0x01, 0xe2, 0xff, 0x0a, 0x01, 0xe2, 0xff, 0x0a, 0x01, 0xe2, 0xff,
    0x0a, 0x01, 0xe2, 0xff, 0x0a, 0x01, 0xe2, 0xff, 0x0a, 0x01, 0xe2, 0xff, 0x0a, 0x01, 0xe2, 0xff,
    0x0a, 0x01, 0xe2, 0xff, 0x0a, 0x01, 0xe2, 0xff, 0x0a, 0x01, 0xe2, 0xff, 0x0a, 0x01, 0xe2, 0xff,
    0x0a, 0x01, 0xe2, 0xff, 0x0c, 0x03, 0xe2, 0xff, 0x0c, 0x03, 0xe2, 0xff, 0x0a, 0x01, 0xe2, 0xff,
    0x09, 0x00, 0xe2, 0xff, 0x09, 0x00, 0xe2, 0xff, 0x09, 0x00, 0xe2, 0xff, 0x09, 0x00, 0xe2, 0xff,
    0x09, 0x00, 0xe2, 0xff, 0x09, 0x00, 0xe2, 0xff, 0x0a, 0x01, 0xe2, 0xff, 0x0a, 0x01, 0xe2, 0xff,
    0x0a, 0x01, 0xe2, 0xff, 0x0a, 0x01, 0xe2, 0xff, 0x0a, 0x01, 0xe2, 0xff, 0x0a, 0x01, 0xe2, 0xff,
    0x0a, 0x01, 0xe2, 0xff, 0x0a, 0x01, 0xe2, 0xff, 0x0a, 0x01, 0xe2, 0xff, 0x0a, 0x01, 0xe2, 0xff,
    0x0a, 0x01, 0xe2, 0xff, 0x0a, 0x01, 0xe2, 0xff, 0x0a, 0x01, 0xe2, 0xff, 0x0a, 0x01, 0xe2, 0xff,
    0x0a, 0x01, 0xe2, 0xff, 0x0a, 0x01, 0xe2, 0xff, 0x0a, 0x01, 0xe2, 0xff, 0x0a, 0x01, 0xe2, 0xff,
    0x0a, 0x01, 0xe2, 0xff, 0x0a, 0x01, 0xe2, 0xff, 0x0a, 0x01, 0xe2, 0xff, 0x0a, 0x01, 0xe2, 0xff,
    0x0a, 0x01, 0xe2, 0xff, 0x0a, 0x01, 0xe2, 0xff, 0x0a, 0x01, 0xe2, 0xff, 0x0a, 0x01, 0xe2, 0xff,
    0x0a, 0x01, 0xe2, 0xff, 0x0a, 0x01, 0xe2, 0xff, 0x0a, 0x01, 0xe2, 0xff, 0x0a, 0x01, 0xe2, 0xff,
    0x0a, 0x01, 0xe2, 0xff, 0x0a, 0x01, 0xe2, 0xff, 0x0b, 0x02, 0xe2, 0xff, 0x0d, 0x04, 0xe2, 0xff,
    0x0c, 0x03, 0xe2, 0xff, 0x09, 0x00, 0xe2, 0xff, 0x09, 0x00, 0xe2, 0xff, 0x09, 0x00, 0xe2, 0xff,
    0x09, 0x00, 0xe2, 0xff, 0x09, 0x00, 0xe2, 0xff, 0x09, 0x00, 0xe2, 0xff, 0x09, 0x00, 0xe2, 0xff,
    0x09, 0x00, 0xe2, 0xff, 0x09, 0x00, 0xe2, 0xff, 0x09, 0x00, 0xe2, 0xff, 0x09, 0x00, 0xe2, 0xff,
    0x09, 0x00, 0xe2, 0xff, 0x09, 0x00, 0xe2, 0xff, 0x09, 0x00, 0xe2, 0xff, 0x09, 0x00, 0xe2, 0xff,
    0x09, 0x00, 0xe2, 0xff, 0x09, 0x00, 0xe2, 0xff, 0x09, 0x00, 0xe2, 0xff, 0x09, 0x00, 0xe2, 0xff,
    0x09, 0x00, 0xe2, 0xff, 0x09, 0x00, 0xe2, 0xff, 0x09, 0x00, 0xe1, 0xfc, 0x09, 0x00, 0xe2, 0xff,
    0x0a, 0x00, 0xf1, 0xff, 0x09, 0x00, 0xe6, 0xe2, 0x08, 0x00, 0xe3, 0x5c, 0x00, 0x00, 0x00, 0x00,
    0x00, 0x00, 0x00, 0x00, 0x00, 0x00, 0xff, 0x03, 0x00, 0x00, 0x00, 0x00, 0x00, 0x00, 0x00, 0x00,
    0x00, 0x00, 0x00, 0x00, 0x00, 0x00, 0x00, 0x00, 0x00, 0x00, 0x00, 0x00, 0x00, 0x00, 0x00, 0x00,
    0x00, 0x00, 0x00, 0x00, 0x00, 0x00, 0x00, 0x00, 0x00, 0x00, 0x00, 0x00, 0x00, 0x00, 0x00, 0x00,
    0x00, 0x00, 0x00, 0x00, 0x00, 0x00, 0x00, 0x00, 0x00, 0x00, 0x00, 0x00, 0x00, 0x00, 0x00, 0x00,
    0x00, 0x00, 0x00, 0x00, 0x00, 0x00, 0x00, 0x00, 0x00, 0x00, 0x00, 0x00, 0x00, 0x00, 0x00, 0x00,
    0x00, 0x00, 0x00, 0x00, 0x00, 0x00, 0x00, 0x00, 0x00, 0x00, 0x00, 0x00, 0x00, 0x00, 0x7f, 0x02,
    0x00, 0x00, 0xff, 0x02, 0x00, 0x00, 0x00, 0x00, 0x0c, 0x00, 0xda, 0x15, 0x08, 0x00, 0xe7, 0x8f,
    0x09, 0x00, 0xe7, 0xf8, 0x0a, 0x00, 0xef, 0xff, 0x09, 0x00, 0xe1, 0xfe, 0x09, 0x00, 0xe1, 0xfc,
    0x09, 0x00, 0xe2, 0xff, 0x09, 0x00, 0xe2, 0xff, 0x09, 0x00, 0xe2, 0xff, 0x09, 0x00, 0xe2, 0xff,
    0x09, 0x00, 0xe2, 0xff, 0x09, 0x00, 0xe2, 0xff, 0x09, 0x00, 0xe2, 0xff, 0x09, 0x00, 0xe2, 0xff,
    0x09, 0x00, 0xe2, 0xff, 0x09, 0x00, 0xe2, 0xff, 0x09, 0x00, 0xe2, 0xff, 0x09, 0x00, 0xe2, 0xff,
    0x09, 0x00, 0xe2, 0xff, 0x09, 0x00, 0xe2, 0xff, 0x09, 0x00, 0xe2, 0xff, 0x09, 0x00, 0xe2, 0xff,
    0x09, 0x00, 0xe2, 0xff, 0x09, 0x00, 0xe2, 0xff, 0x09, 0x00, 0xe2, 0xff, 0x09, 0x00, 0xe2, 0xff,
    0x09, 0x00, 0xe2, 0xff, 0x09, 0x00, 0xe2, 0xff, 0x09, 0x00, 0xe2, 0xff, 0x09, 0x00, 0xe2, 0xff,
    0x09, 0x00, 0xe2, 0xff, 0x09, 0x00, 0xe2, 0xff, 0x09, 0x00, 0xe2, 0xff, 0x09, 0x00, 0xe2, 0xff,
    0x09, 0x00, 0xe2, 0xff, 0x09, 0x00, 0xe2, 0xff, 0x09, 0x00, 0xe2, 0xff, 0x09, 0x00, 0xe2, 0xff,
    0x09, 0x00, 0xe2, 0xff, 0x09, 0x00, 0xe2, 0xff, 0x09, 0x00, 0xe2, 0xff, 0x09, 0x00, 0xe2, 0xff,
    0x09, 0x00, 0xe2, 0xff, 0x09, 0x00, 0xe2, 0xff, 0x09, 0x00, 0xe2, 0xff, 0x09, 0x00, 0xe2, 0xff,
    0x09, 0x00, 0xe2, 0xff, 0x09, 0x00, 0xe2, 0xff, 0x09, 0x00, 0xe2, 0xff, 0x09, 0x00, 0xe2, 0xff,
    0x09, 0x00, 0xe2, 0xff, 0x09, 0x00, 0xe2, 0xff, 0x09, 0x00, 0xe2, 0xff, 0x09, 0x00, 0xe2, 0xff,
    0x09, 0x00, 0xe2, 0xff, 0x09, 0x00, 0xe2, 0xff, 0x09, 0x00, 0xe2, 0xff, 0x09, 0x00, 0xe2, 0xff,
    0x09, 0x00, 0xe2, 0xff, 0x09, 0x00, 0xe2, 0xff, 0x09, 0x00, 0xe2, 0xff, 0x09, 0x00, 0xe2, 0xff,
    0x09, 0x00, 0xe2, 0xff, 0x09, 0x00, 0xe2, 0xff, 0x09, 0x00, 0xe2, 0xff, 0x09, 0x00, 0xe2, 0xff,
    0x09, 0x00, 0xe2, 0xff, 0x09, 0x00, 0xe2, 0xff, 0x09, 0x00, 0xe2, 0xff, 0x09, 0x00, 0xe2, 0xff,
    0x09, 0x00, 0xe2, 0xff, 0x09, 0x00, 0xe2, 0xff, 0x09, 0x00, 0xe2, 0xff, 0x09, 0x00, 0xe2, 0xff,
    0x09, 0x00, 0xe2, 0xff, 0x09, 0x00, 0xe2, 0xff, 0x09, 0x00, 0xe2, 0xff, 0x09, 0x00, 0xe2, 0xff,
    0x09, 0x00, 0xe2, 0xff, 0x09, 0x00, 0xe2, 0xff, 0x09, 0x00, 0xe2, 0xff, 0x09, 0x00, 0xe2, 0xff,
    0x09, 0x00, 0xe2, 0xff, 0x09, 0x00, 0xe2, 0xff, 0x09, 0x00, 0xe2, 0xff, 0x09, 0x00, 0xe2, 0xff,
    0x09, 0x00, 0xe2, 0xff, 0x09, 0x00, 0xe2, 0xff, 0x09, 0x00, 0xe2, 0xff, 0x09, 0x00, 0xe2, 0xff,
    0x09, 0x00, 0xe2, 0xff, 0x09, 0x00, 0xe2, 0xff, 0x09, 0x00, 0xe2, 0xff, 0x09, 0x00, 0xe2, 0xff,
    0x09, 0x00, 0xe2, 0xff, 0x09, 0x00, 0xe2, 0xff, 0x09, 0x00, 0xe2, 0xff, 0x09, 0x00, 0xe2, 0xff,
    0x09, 0x00, 0xe2, 0xff, 0x09, 0x00, 0xe2, 0xff, 0x09, 0x00, 0xe2, 0xff, 0x09, 0x00, 0xe2, 0xff,
    0x09, 0x00, 0xe2, 0xff, 0x09, 0x00, 0xe2, 0xff, 0x09, 0x00, 0xe2, 0xff, 0x09, 0x00, 0xe2, 0xff,
    0x09, 0x00, 0xe2, 0xff, 0x09, 0x00, 0xe2, 0xff, 0x09, 0x00, 0xe2, 0xff, 0x09, 0x00, 0xe2, 0xff,
    0x09, 0x00, 0xe2, 0xff, 0x09, 0x00, 0xe2, 0xff, 0x09, 0x00, 0xe2, 0xff, 0x09, 0x00, 0xe2, 0xff,
    0x09, 0x00, 0xe2, 0xff, 0x09, 0x00, 0xe2, 0xff, 0x09, 0x00, 0xe2, 0xff, 0x09, 0x00, 0xe2, 0xff,
    0x09, 0x00, 0xe2, 0xff, 0x09, 0x00, 0xe2, 0xff, 0x09, 0x00, 0xe2, 0xff, 0x09, 0x00, 0xe2, 0xff,
    0x09, 0x00, 0xe2, 0xff, 0x09, 0x00, 0xe2, 0xff, 0x09, 0x00, 0xe2, 0xff, 0x09, 0x00, 0xe2, 0xff,
    0x09, 0x00, 0xe2, 0xff, 0x09, 0x00, 0xe2, 0xff, 0x09, 0x00, 0xe2, 0xff, 0x09, 0x00, 0xe2, 0xff,
    0x09, 0x00, 0xe2, 0xff, 0x09, 0x00, 0xe2, 0xff, 0x09, 0x00, 0xe2, 0xff, 0x09, 0x00, 0xe2, 0xff,
    0x09, 0x00, 0xe2, 0xff, 0x09, 0x00, 0xe2, 0xff, 0x09, 0x00, 0xe2, 0xff, 0x09, 0x00, 0xe2, 0xff,
    0x09, 0x00, 0xe2, 0xff, 0x09, 0x00, 0xe2, 0xff, 0x09, 0x00, 0xe2, 0xff, 0x09, 0x00, 0xe2, 0xff,
    0x09, 0x00, 0xe2, 0xff, 0x09, 0x00, 0xe2, 0xff, 0x09, 0x00, 0xe2, 0xff, 0x09, 0x00, 0xe2, 0xff,
    0x09, 0x00, 0xe2, 0xff, 0x09, 0x00, 0xe2, 0xff, 0x09, 0x00, 0xe2, 0xff, 0x09, 0x00, 0xe2, 0xff,
    0x09, 0x00, 0xe2, 0xff, 0x09, 0x00, 0xe2, 0xff, 0x09, 0x00, 0xe2, 0xff, 0x09, 0x00, 0xe2, 0xff,
    0x09, 0x00, 0xe2, 0xff, 0x09, 0x00, 0xe2, 0xff, 0x09, 0x00, 0xe2, 0xff, 0x09, 0x00, 0xe2, 0xff,
    0x09, 0x00, 0xe2, 0xff, 0x09, 0x00, 0xe2, 0xff, 0x09, 0x00, 0xe2, 0xff, 0x09, 0x00, 0xe2, 0xff,
    0x09, 0x00, 0xe2, 0xff, 0x09, 0x00, 0xe2, 0xff, 0x09, 0x00, 0xe2, 0xff, 0x09, 0x00, 0xe2, 0xff,
    0x09, 0x00, 0xe2, 0xff, 0x09, 0x00, 0xe2, 0xff, 0x09, 0x00, 0xe2, 0xff, 0x09, 0x00, 0xe2, 0xff,
    0x09, 0x00, 0xe2, 0xff, 0x09, 0x00, 0xe2, 0xff, 0x09, 0x00, 0xe2, 0xff, 0x09, 0x00, 0xe2, 0xff,
    0x09, 0x00, 0xe2, 0xff, 0x09, 0x00, 0xe2, 0xff, 0x09, 0x00, 0xe2, 0xff, 0x09, 0x00, 0xe2, 0xff,
    0x09, 0x00, 0xe2, 0xff, 0x09, 0x00, 0xe2, 0xff, 0x09, 0x00, 0xe2, 0xff, 0x09, 0x00, 0xe2, 0xff,
    0x09, 0x00, 0xe2, 0xff, 0x09, 0x00, 0xe2, 0xff, 0x09, 0x00, 0xe2, 0xff, 0x09, 0x00, 0xe2, 0xff,
    0x09, 0x00, 0xe2, 0xff, 0x09, 0x00, 0xe2, 0xff, 0x09, 0x00, 0xe2, 0xff, 0x09, 0x00, 0xe2, 0xff,
    0x09, 0x00, 0xe2, 0xff, 0x09, 0x00, 0xe2, 0xff, 0x09, 0x00, 0xe2, 0xff, 0x09, 0x00, 0xe2, 0xff,
    0x09, 0x00, 0xe2, 0xff, 0x09, 0x00, 0xe2, 0xff, 0x09, 0x00, 0xe2, 0xff, 0x09, 0x00, 0xe2, 0xff,
    0x09, 0x00, 0xe2, 0xff, 0x09, 0x00, 0xe2, 0xff, 0x09, 0x00, 0xe2, 0xff, 0x09, 0x00, 0xe2, 0xff,
    0x09, 0x00, 0xe2, 0xff, 0x09, 0x00, 0xe2, 0xff, 0x09, 0x00, 0xe2, 0xff, 0x09, 0x00, 0xe2, 0xff,
    0x09, 0x00, 0xe2, 0xff, 0x09, 0x00, 0xe2, 0xff, 0x09, 0x00, 0xe2, 0xff, 0x09, 0x00, 0xe2, 0xff,
    0x09, 0x00, 0xe2, 0xff, 0x09, 0x00, 0xe2, 0xff, 0x09, 0x00, 0xe2, 0xff, 0x09, 0x00, 0xe2, 0xff,
    0x09, 0x00, 0xe2, 0xff, 0x09, 0x00, 0xe2, 0xff, 0x09, 0x00, 0xe2, 0xff, 0x09, 0x00, 0xe2, 0xff,
    0x09, 0x00, 0xe2, 0xff, 0x09, 0x00, 0xe2, 0xff, 0x09, 0x00, 0xe2, 0xff, 0x09, 0x00, 0xe2, 0xff,
    0x09, 0x00, 0xe2, 0xff, 0x09, 0x00, 0xe2, 0xff, 0x09, 0x00, 0xe2, 0xff, 0x09, 0x00, 0xe2, 0xff,
    0x09, 0x00, 0xe2, 0xff, 0x09, 0x00, 0xe2, 0xff, 0x09, 0x00, 0xe2, 0xff, 0x09, 0x00, 0xe2, 0xff,
    0x09, 0x00, 0xe2, 0xff, 0x09, 0x00, 0xe2, 0xff, 0x09, 0x00, 0xe2, 0xff, 0x09, 0x00, 0xe2, 0xff,
    0x09, 0x00, 0xe2, 0xff, 0x09, 0x00, 0xe2, 0xff, 0x09, 0x00, 0xe2, 0xff, 0x09, 0x00, 0xe2, 0xff,
    0x09, 0x00, 0xe2, 0xff, 0x09, 0x00, 0xe2, 0xff, 0x09, 0x00, 0xe2, 0xff, 0x09, 0x00, 0xe2, 0xff,
    0x09, 0x00, 0xe2, 0xff, 0x09, 0x00, 0xe2, 0xff, 0x09, 0x00, 0xe2, 0xff, 0x09, 0x00, 0xe2, 0xff,
    0x09, 0x00, 0xe2, 0xff, 0x09, 0x00, 0xe2, 0xff, 0x09, 0x00, 0xe2, 0xff, 0x09, 0x00, 0xe2, 0xff,
    0x09, 0x00, 0xe2, 0xff, 0x09, 0x00, 0xe2, 0xff, 0x09, 0x00, 0xe2, 0xff, 0x09, 0x00, 0xe2, 0xff,
    0x09, 0x00, 0xe2, 0xff, 0x09, 0x00, 0xe2, 0xff, 0x09, 0x00, 0xe2, 0xff, 0x09, 0x00, 0xe2, 0xff,
    0x09, 0x00, 0xe2, 0xff, 0x09, 0x00, 0xe2, 0xff, 0x09, 0x00, 0xe2, 0xff, 0x09, 0x00, 0xe2, 0xff,
    0x09, 0x00, 0xe2, 0xff, 0x09, 0x00, 0xe2, 0xff, 0x09, 0x00, 0xe2, 0xff, 0x09, 0x00, 0xe2, 0xff,
    0x09, 0x00, 0xe2, 0xff, 0x09, 0x00, 0xe2, 0xff, 0x09, 0x00, 0xe2, 0xff, 0x09, 0x00, 0xe2, 0xff,
    0x09, 0x00, 0xe2, 0xff, 0x09, 0x00, 0xe2, 0xff, 0x09, 0x00, 0xe2, 0xff, 0x09, 0x00, 0xe2, 0xff,
    0x09, 0x00, 0xe2, 0xff, 0x09, 0x00, 0xe2, 0xff, 0x09, 0x00, 0xe2, 0xff, 0x09, 0x00, 0xe2, 0xff,
    0x09, 0x00, 0xe2, 0xff, 0x09, 0x00, 0xe2, 0xff, 0x09, 0x00, 0xe2, 0xff, 0x09, 0x00, 0xe2, 0xff,
    0x09, 0x00, 0xe2, 0xff, 0x09, 0x00, 0xe2, 0xff, 0x09, 0x00, 0xe2, 0xff, 0x09, 0x00, 0xe2, 0xff,
    0x09, 0x00, 0xe1, 0xfc, 0x09, 0x00, 0xe1, 0xfe, 0x09, 0x00, 0xef, 0xff, 0x09, 0x00, 0xe6, 0xf9,
    0x08, 0x00, 0xe6, 0x90, 0x0b, 0x00, 0xdc, 0x16, 0x00, 0x00, 0x00, 0x00, 0x00, 0x00, 0xff, 0x02,
    0x00, 0x00, 0x7f, 0x02, 0x00, 0x00, 0x00, 0x00, 0x00, 0x00, 0x00, 0x00, 0x00, 0x00, 0x00, 0x00,
    0x00, 0x00, 0x00, 0x00, 0x00, 0x00, 0x00, 0x00, 0x00, 0x00, 0x00, 0x00, 0x00, 0x00, 0x00, 0x00,
    0x00, 0x00, 0x00, 0x00, 0x00, 0x00, 0x00, 0x00, 0x00, 0x00, 0x00, 0x00, 0x00, 0x00, 0x00, 0x00,
    0x00, 0x00, 0x00, 0x00, 0x00, 0x00, 0x00, 0x00, 0x00, 0x00, 0x00, 0x00, 0x00, 0x00, 0x00, 0x00,
    0x00, 0x00, 0x00, 0x00, 0x00, 0x00, 0x00, 0x00, 0x00, 0x00, 0x00, 0x00, 0x00, 0x00, 0x00, 0x00,
    0x00, 0x00, 0x00, 0x00, 0x00, 0x00, 0x00, 0x00, 0x00, 0x00, 0x00, 0x00, 0x00, 0x00, 0x00, 0x00,
    0x00, 0x00, 0x00, 0x00, 0x00, 0x00, 0xff, 0x03, 0x00, 0x00, 0x00, 0x00, 0x00, 0x00, 0x00, 0x00,
    0x0a, 0x00, 0xe3, 0x2f, 0x08, 0x00, 0xe4, 0xae, 0x09, 0x00, 0xe8, 0xff, 0x09, 0x00, 0xee, 0xff,
    0x09, 0x00, 0xe0, 0xfe, 0x09, 0x00, 0xe1, 0xfc, 0x09, 0x00, 0xe2, 0xff, 0x09, 0x00, 0xe2, 0xff,
    0x09, 0x00, 0xe2, 0xff, 0x09, 0x00, 0xe2, 0xff, 0x09, 0x00, 0xe2, 0xff, 0x09, 0x00, 0xe2, 0xff,
    0x09, 0x00, 0xe2, 0xff, 0x09, 0x00, 0xe2, 0xff, 0x09, 0x00, 0xe2, 0xff, 0x09, 0x00, 0xe2, 0xff,
    0x09, 0x00, 0xe2, 0xff, 0x09, 0x00, 0xe2, 0xff, 0x09, 0x00, 0xe2, 0xff, 0x09, 0x00, 0xe2, 0xff,
    0x09, 0x00, 0xe2, 0xff, 0x09, 0x00, 0xe2, 0xff, 0x09, 0x00, 0xe2, 0xff, 0x09, 0x00, 0xe2, 0xff,
    0x09, 0x00, 0xe2, 0xff, 0x09, 0x00, 0xe2, 0xff, 0x09, 0x00, 0xe2, 0xff, 0x09, 0x00, 0xe2, 0xff,
    0x09, 0x00, 0xe2, 0xff, 0x09, 0x00, 0xe2, 0xff, 0x09, 0x00, 0xe2, 0xff, 0x09, 0x00, 0xe2, 0xff,
    0x09, 0x00, 0xe2, 0xff, 0x09, 0x00, 0xe2, 0xff, 0x09, 0x00, 0xe2, 0xff, 0x09, 0x00, 0xe2, 0xff,
    0x09, 0x00, 0xe2, 0xff, 0x09, 0x00, 0xe2, 0xff, 0x09, 0x00, 0xe2, 0xff, 0x09, 0x00, 0xe2, 0xff,
    0x09, 0x00, 0xe2, 0xff, 0x09, 0x00, 0xe2, 0xff, 0x09, 0x00, 0xe2, 0xff, 0x09, 0x00, 0xe2, 0xff,
    0x09, 0x00, 0xe2, 0xff, 0x09, 0x00, 0xe2, 0xff, 0x09, 0x00, 0xe2, 0xff, 0x09, 0x00, 0xe2, 0xff,
    0x09, 0x00, 0xe2, 0xff, 0x09, 0x00, 0xe2, 0xff, 0x09, 0x00, 0xe2, 0xff, 0x09, 0x00, 0xe2, 0xff,
    0x09, 0x00, 0xe2, 0xff, 0x09, 0x00, 0xe2, 0xff, 0x09, 0x00, 0xe2, 0xff, 0x09, 0x00, 0xe2, 0xff,
    0x09, 0x00, 0xe2, 0xff, 0x09, 0x00, 0xe2, 0xff, 0x09, 0x00, 0xe2, 0xff, 0x09, 0x00, 0xe2, 0xff,
    0x09, 0x00, 0xe2, 0xff, 0x09, 0x00, 0xe2, 0xff, 0x09, 0x00, 0xe2, 0xff, 0x09, 0x00, 0xe2, 0xff,
    0x09, 0x00, 0xe2, 0xff, 0x09, 0x00, 0xe2, 0xff, 0x09, 0x00, 0xe2, 0xff, 0x09, 0x00, 0xe2, 0xff,
    0x09, 0x00, 0xe2, 0xff, 0x09, 0x00, 0xe2, 0xff, 0x09, 0x00, 0xe2, 0xff, 0x09, 0x00, 0xe2, 0xff,
    0x09, 0x00, 0xe2, 0xff, 0x09, 0x00, 0xe2, 0xff, 0x09, 0x00, 0xe2, 0xff, 0x09, 0x00, 0xe2, 0xff,
    0x09, 0x00, 0xe2, 0xff, 0x09, 0x00, 0xe2, 0xff, 0x09, 0x00, 0xe2, 0xff, 0x09, 0x00, 0xe2, 0xff,
    0x09, 0x00, 0xe2, 0xff, 0x09, 0x00, 0xe2, 0xff, 0x09, 0x00, 0xe2, 0xff, 0x09, 0x00, 0xe2, 0xff,
    0x09, 0x00, 0xe2, 0xff, 0x09, 0x00, 0xe2, 0xff, 0x09, 0x00, 0xe2, 0xff, 0x09, 0x00, 0xe2, 0xff,
    0x09, 0x00, 0xe2, 0xff, 0x09, 0x00, 0xe2, 0xff, 0x09, 0x00, 0xe2, 0xff, 0x09, 0x00, 0xe2, 0xff,
    0x09, 0x00, 0xe2, 0xff, 0x09, 0x00, 0xe2, 0xff, 0x09, 0x00, 0xe2, 0xff, 0x09, 0x00, 0xe2, 0xff,
    0x09, 0x00, 0xe2, 0xff, 0x09, 0x00, 0xe2, 0xff, 0x09, 0x00, 0xe2, 0xff, 0x09, 0x00, 0xe2, 0xff,
    0x09, 0x00, 0xe2, 0xff, 0x09, 0x00, 0xe2, 0xff, 0x09, 0x00, 0xe2, 0xff, 0x09, 0x00, 0xe2, 0xff,
    0x09, 0x00, 0xe2, 0xff, 0x09, 0x00, 0xe2, 0xff, 0x09, 0x00, 0xe2, 0xff, 0x09, 0x00, 0xe2, 0xff,
    0x09, 0x00, 0xe2, 0xff, 0x09, 0x00, 0xe2, 0xff, 0x09, 0x00, 0xe2, 0xff, 0x09, 0x00, 0xe2, 0xff,
    0x09, 0x00, 0xe2, 0xff, 0x09, 0x00, 0xe2, 0xff, 0x09, 0x00, 0xe2, 0xff, 0x09, 0x00, 0xe2, 0xff,
    0x09, 0x00, 0xe2, 0xff, 0x09, 0x00, 0xe2, 0xff, 0x09, 0x00, 0xe2, 0xff, 0x09, 0x00, 0xe2, 0xff,
    0x09, 0x00, 0xe2, 0xff, 0x09, 0x00, 0xe2, 0xff, 0x09, 0x00, 0xe2, 0xff, 0x09, 0x00, 0xe2, 0xff,
    0x09, 0x00, 0xe2, 0xff, 0x09, 0x00, 0xe2, 0xff, 0x09, 0x00, 0xe2, 0xff, 0x09, 0x00, 0xe2, 0xff,
    0x09, 0x00, 0xe2, 0xff, 0x09, 0x00, 0xe2, 0xff, 0x09, 0x00, 0xe2, 0xff, 0x09, 0x00, 0xe2, 0xff,
    0x09, 0x00, 0xe2, 0xff, 0x09, 0x00, 0xe2, 0xff, 0x09, 0x00, 0xe2, 0xff, 0x09, 0x00, 0xe2, 0xff,
    0x09, 0x00, 0xe2, 0xff, 0x09, 0x00, 0xe2, 0xff, 0x09, 0x00, 0xe2, 0xff, 0x09, 0x00, 0xe2, 0xff,
    0x09, 0x00, 0xe2, 0xff, 0x09, 0x00, 0xe2, 0xff, 0x09, 0x00, 0xe2, 0xff, 0x09, 0x00, 0xe2, 0xff,
    0x09, 0x00, 0xe2, 0xff, 0x09, 0x00, 0xe2, 0xff, 0x09, 0x00, 0xe2, 0xff, 0x09, 0x00, 0xe2, 0xff,
    0x09, 0x00, 0xe2, 0xff, 0x09, 0x00, 0xe2, 0xff, 0x09, 0x00, 0xe2, 0xff, 0x09, 0x00, 0xe2, 0xff,
    0x09, 0x00, 0xe2, 0xff, 0x09, 0x00, 0xe2, 0xff, 0x09, 0x00, 0xe2, 0xff, 0x09, 0x00, 0xe2, 0xff,
    0x09, 0x00, 0xe2, 0xff, 0x09, 0x00, 0xe2, 0xff, 0x09, 0x00, 0xe2, 0xff, 0x09, 0x00, 0xe2, 0xff,
    0x09, 0x00, 0xe2, 0xff, 0x09, 0x00, 0xe2, 0xff, 0x09, 0x00, 0xe2, 0xff, 0x09, 0x00, 0xe2, 0xff,
    0x09, 0x00, 0xe2, 0xff, 0x09, 0x00, 0xe2, 0xff, 0x09, 0x00, 0xe2, 0xff, 0x09, 0x00, 0xe2, 0xff,
    0x09, 0x00, 0xe2, 0xff, 0x09, 0x00, 0xe2, 0xff, 0x09, 0x00, 0xe2, 0xff, 0x09, 0x00, 0xe2, 0xff,
    0x09, 0x00, 0xe2, 0xff, 0x09, 0x00, 0xe2, 0xff, 0x09, 0x00, 0xe2, 0xff, 0x09, 0x00, 0xe2, 0xff,
    0x09, 0x00, 0xe2, 0xff, 0x09, 0x00, 0xe2, 0xff, 0x09, 0x00, 0xe2, 0xff, 0x09, 0x00, 0xe2, 0xff,
    0x09, 0x00, 0xe2, 0xff, 0x09, 0x00, 0xe2, 0xff, 0x09, 0x00, 0xe2, 0xff, 0x09, 0x00, 0xe2, 0xff,
    0x09, 0x00, 0xe2, 0xff, 0x09, 0x00, 0xe2, 0xff, 0x09, 0x00, 0xe2, 0xff, 0x09, 0x00, 0xe2, 0xff,
    0x09, 0x00, 0xe2, 0xff, 0x09, 0x00, 0xe2, 0xff, 0x09, 0x00, 0xe2, 0xff, 0x09, 0x00, 0xe2, 0xff,
    0x09, 0x00, 0xe2, 0xff, 0x09, 0x00, 0xe2, 0xff, 0x09, 0x00, 0xe2, 0xff, 0x09, 0x00, 0xe2, 0xff,
    0x09, 0x00, 0xe2, 0xff, 0x09, 0x00, 0xe2, 0xff, 0x09, 0x00, 0xe2, 0xff, 0x09, 0x00, 0xe2, 0xff,
    0x09, 0x00, 0xe2, 0xff, 0x09, 0x00, 0xe2, 0xff, 0x09, 0x00, 0xe2, 0xff, 0x09, 0x00, 0xe2, 0xff,
    0x09, 0x00, 0xe2, 0xff, 0x09, 0x00, 0xe2, 0xff, 0x09, 0x00, 0xe2, 0xff, 0x09, 0x00, 0xe2, 0xff,
    0x09, 0x00, 0xe2, 0xff, 0x09, 0x00, 0xe2, 0xff, 0x09, 0x00, 0xe2, 0xff, 0x09, 0x00, 0xe2, 0xff,
    0x09, 0x00, 0xe2, 0xff, 0x09, 0x00, 0xe2, 0xff, 0x09, 0x00, 0xe2, 0xff, 0x09, 0x00, 0xe2, 0xff,
    0x09, 0x00, 0xe2, 0xff, 0x09, 0x00, 0xe2, 0xff, 0x09, 0x00, 0xe2, 0xff, 0x09, 0x00, 0xe2, 0xff,
    0x09, 0x00, 0xe2, 0xff, 0x09, 0x00, 0xe2, 0xff, 0x09, 0x00, 0xe2, 0xff, 0x09, 0x00, 0xe2, 0xff,
    0x09, 0x00, 0xe2, 0xff, 0x09, 0x00, 0xe2, 0xff, 0x09, 0x00, 0xe2, 0xff, 0x09, 0x00, 0xe2, 0xff,
    0x09, 0x00, 0xe2, 0xff, 0x09, 0x00, 0xe2, 0xff, 0x09, 0x00, 0xe2, 0xff, 0x09, 0x00, 0xe2, 0xff,
    0x09, 0x00, 0xe2, 0xff, 0x09, 0x00, 0xe2, 0xff, 0x09, 0x00, 0xe2, 0xff, 0x09, 0x00, 0xe2, 0xff,
    0x09, 0x00, 0xe2, 0xff, 0x09, 0x00, 0xe2, 0xff, 0x09, 0x00, 0xe2, 0xff, 0x09, 0x00, 0xe2, 0xff,
    0x09, 0x00, 0xe2, 0xff, 0x09, 0x00, 0xe2, 0xff, 0x09, 0x00, 0xe2, 0xff, 0x09, 0x00, 0xe2, 0xff,
    0x09, 0x00, 0xe2, 0xff, 0x09, 0x00, 0xe2, 0xff, 0x09, 0x00, 0xe2, 0xff, 0x09, 0x00, 0xe2, 0xff,
    0x09, 0x00, 0xe2, 0xff, 0x09, 0x00, 0xe2, 0xff, 0x09, 0x00, 0xe2, 0xff, 0x09, 0x00, 0xe2, 0xff,
    0x09, 0x00, 0xe2, 0xff, 0x09, 0x00, 0xe2, 0xff, 0x09, 0x00, 0xe2, 0xff, 0x09, 0x00, 0xe2, 0xff,
    0x09, 0x00, 0xe2, 0xff, 0x09, 0x00, 0xe2, 0xff, 0x09, 0x00, 0xe2, 0xff, 0x09, 0x00, 0xe2, 0xff,
    0x09, 0x00, 0xe2, 0xff, 0x09, 0x00, 0xe2, 0xff, 0x09, 0x00, 0xe2, 0xff, 0x09, 0x00, 0xe2, 0xff,
    0x09, 0x00, 0xe2, 0xff, 0x09, 0x00, 0xe2, 0xff, 0x09, 0x00, 0xe2, 0xff, 0x09, 0x00, 0xe2, 0xff,
    0x09, 0x00, 0xe2, 0xff, 0x09, 0x00, 0xe2, 0xff, 0x09, 0x00, 0xe2, 0xff, 0x09, 0x00, 0xe2, 0xff,
    0x09, 0x00, 0xe2, 0xff, 0x09, 0x00, 0xe2, 0xff, 0x09, 0x00, 0xe2, 0xff, 0x09, 0x00, 0xe2, 0xff,
    0x09, 0x00, 0xe2, 0xff, 0x09, 0x00, 0xe2, 0xff, 0x09, 0x00, 0xe2, 0xff, 0x09, 0x00, 0xe2, 0xff,
    0x09, 0x00, 0xe2, 0xff, 0x09, 0x00, 0xe2, 0xff, 0x09, 0x00, 0xe1, 0xfc, 0x09, 0x00, 0xe0, 0xfe,
    0x09, 0x00, 0xee, 0xff, 0x09, 0x00, 0xe8, 0xff, 0x08, 0x00, 0xe4, 0xaf, 0x0a, 0x00, 0xe4, 0x30,
    0x00, 0x00, 0x00, 0x00, 0x00, 0x00, 0x00, 0x00, 0x00, 0x00, 0xff, 0x03, 0x00, 0x00, 0x00, 0x00,
    0x00, 0x00, 0x00, 0x00, 0x00, 0x00, 0x00, 0x00, 0x00, 0x00, 0x00, 0x00, 0x00, 0x00, 0x00, 0x00,
    0x00, 0x00, 0x00, 0x00, 0x00, 0x00, 0x00, 0x00, 0x00, 0x00, 0x00, 0x00, 0x00, 0x00, 0x00, 0x00,
    0x00, 0x00, 0x00, 0x00, 0x00, 0x00, 0x00, 0x00, 0x00, 0x00, 0x00, 0x00, 0x00, 0x00, 0x00, 0x00,
    0x00, 0x00, 0x00, 0x00, 0x00, 0x00, 0x00, 0x00, 0x00, 0x00, 0x00, 0x00, 0x00, 0x00, 0x00, 0x00,
    0x00, 0x00, 0x00, 0x00, 0x00, 0x00, 0x00, 0x00, 0x00, 0x00, 0x00, 0x00, 0x00, 0x00, 0x00, 0x00,
    0x00, 0x00, 0x00, 0x00, 0x00, 0x00, 0x00, 0x00, 0x00, 0x00, 0x00, 0x00, 0x00, 0x00, 0x00, 0x00,
    0x00, 0x00, 0x00, 0x00, 0x00, 0x00, 0x00, 0x00, 0x00, 0x00, 0xff, 0x01, 0x00, 0x00, 0xff, 0x03,
    0x00, 0x00, 0x00, 0x00, 0x00, 0x00, 0x00, 0x00, 0x07, 0x00, 0xe3, 0x42, 0x08, 0x00, 0xe7, 0xb9,
    0x09, 0x00, 0xea, 0xff, 0x09, 0x00, 0xee, 0xff, 0x09, 0x00, 0xe1, 0xfe, 0x09, 0x00, 0xe1, 0xfc,
    0x09, 0x00, 0xe1, 0xfe, 0x09, 0x00, 0xe2, 0xff, 0x09, 0x00, 0xe2, 0xff, 0x09, 0x00, 0xe2, 0xff,
    0x09, 0x00, 0xe2, 0xff, 0x09, 0x00, 0xe2, 0xff, 0x09, 0x00, 0xe2, 0xff, 0x09, 0x00, 0xe2, 0xff,
    0x09, 0x00, 0xe2, 0xff, 0x09, 0x00, 0xe2, 0xff, 0x09, 0x00, 0xe2, 0xff, 0x09, 0x00, 0xe2, 0xff,
    0x09, 0x00, 0xe2, 0xff, 0x09, 0x00, 0xe2, 0xff, 0x09, 0x00, 0xe2, 0xff, 0x09, 0x00, 0xe2, 0xff,
    0x09, 0x00, 0xe2, 0xff, 0x09, 0x00, 0xe2, 0xff, 0x09, 0x00, 0xe2, 0xff, 0x09, 0x00, 0xe2, 0xff,
    0x09, 0x00, 0xe2, 0xff, 0x09, 0x00, 0xe2, 0xff, 0x09, 0x00, 0xe2, 0xff, 0x09, 0x00, 0xe2, 0xff,
    0x09, 0x00, 0xe2, 0xff, 0x09, 0x00, 0xe2, 0xff, 0x09, 0x00, 0xe2, 0xff, 0x09, 0x00, 0xe2, 0xff,
    0x09, 0x00, 0xe2, 0xff, 0x09, 0x00, 0xe2, 0xff, 0x09, 0x00, 0xe2, 0xff, 0x09, 0x00, 0xe2, 0xff,
    0x09, 0x00, 0xe2, 0xff, 0x09, 0x00, 0xe2, 0xff, 0x09, 0x00, 0xe2, 0xff, 0x09, 0x00, 0xe2, 0xff,
    0x09, 0x00, 0xe2, 0xff, 0x09, 0x00, 0xe2, 0xff, 0x09, 0x00, 0xe2, 0xff, 0x09, 0x00, 0xe2, 0xff,
    0x09, 0x00, 0xe2, 0xff, 0x09, 0x00, 0xe2, 0xff, 0x09, 0x00, 0xe2, 0xff, 0x09, 0x00, 0xe2, 0xff,
    0x09, 0x00, 0xe2, 0xff, 0x09, 0x00, 0xe2, 0xff, 0x09, 0x00, 0xe2, 0xff, 0x09, 0x00, 0xe2, 0xff,
    0x09, 0x00, 0xe2, 0xff, 0x09, 0x00, 0xe2, 0xff, 0x09, 0x00, 0xe2, 0xff, 0x09, 0x00, 0xe2, 0xff,
    0x09, 0x00, 0xe2, 0xff, 0x09, 0x00, 0xe2, 0xff, 0x09, 0x00, 0xe2, 0xff, 0x09, 0x00, 0xe2, 0xff,
    0x09, 0x00, 0xe2, 0xff, 0x09, 0x00, 0xe2, 0xff, 0x09, 0x00, 0xe2, 0xff, 0x09, 0x00, 0xe2, 0xff,
    0x09, 0x00, 0xe2, 0xff, 0x09, 0x00, 0xe2, 0xff, 0x09, 0x00, 0xe2, 0xff, 0x09, 0x00, 0xe2, 0xff,
    0x09, 0x00, 0xe2, 0xff, 0x09, 0x00, 0xe2, 0xff, 0x09, 0x00, 0xe2, 0xff, 0x09, 0x00, 0xe2, 0xff,
    0x09, 0x00, 0xe2, 0xff, 0x09, 0x00, 0xe2, 0xff, 0x09, 0x00, 0xe2, 0xff, 0x09, 0x00, 0xe2, 0xff,
    0x09, 0x00, 0xe2, 0xff, 0x09, 0x00, 0xe2, 0xff, 0x09, 0x00, 0xe2, 0xff, 0x09, 0x00, 0xe2, 0xff,
    0x09, 0x00, 0xe2, 0xff, 0x09, 0x00, 0xe2, 0xff, 0x09, 0x00, 0xe2, 0xff, 0x09, 0x00, 0xe2, 0xff,
    0x09, 0x00, 0xe2, 0xff, 0x09, 0x00, 0xe2, 0xff, 0x09, 0x00, 0xe2, 0xff, 0x09, 0x00, 0xe2, 0xff,
    0x09, 0x00, 0xe2, 0xff, 0x09, 0x00, 0xe2, 0xff, 0x09, 0x00, 0xe2, 0xff, 0x09, 0x00, 0xe2, 0xff,
    0x09, 0x00, 0xe2, 0xff, 0x09, 0x00, 0xe2, 0xff, 0x09, 0x00, 0xe2, 0xff, 0x09, 0x00, 0xe2, 0xff,
    0x09, 0x00, 0xe2, 0xff, 0x09, 0x00, 0xe2, 0xff, 0x09, 0x00, 0xe2, 0xff, 0x09, 0x00, 0xe2, 0xff,
    0x09, 0x00, 0xe2, 0xff, 0x09, 0x00, 0xe2, 0xff, 0x09, 0x00, 0xe2, 0xff, 0x09, 0x00, 0xe2, 0xff,
    0x09, 0x00, 0xe2, 0xff, 0x09, 0x00, 0xe2, 0xff, 0x09, 0x00, 0xe2, 0xff, 0x09, 0x00, 0xe2, 0xff,
    0x09, 0x00, 0xe2, 0xff, 0x09, 0x00, 0xe2, 0xff, 0x09, 0x00, 0xe2, 0xff, 0x09, 0x00, 0xe2, 0xff,
    0x09, 0x00, 0xe2, 0xff, 0x09, 0x00, 0xe2, 0xff, 0x09, 0x00, 0xe2, 0xff, 0x09, 0x00, 0xe2, 0xff,
    0x09, 0x00, 0xe2, 0xff, 0x09, 0x00, 0xe2, 0xff, 0x09, 0x00, 0xe2, 0xff, 0x09, 0x00, 0xe2, 0xff,
    0x09, 0x00, 0xe2, 0xff, 0x09, 0x00, 0xe2, 0xff, 0x09, 0x00, 0xe2, 0xff, 0x09, 0x00, 0xe2, 0xff,
    0x09, 0x00, 0xe2, 0xff, 0x09, 0x00, 0xe2, 0xff, 0x09, 0x00, 0xe2, 0xff, 0x09, 0x00, 0xe2, 0xff,
    0x09, 0x00, 0xe2, 0xff, 0x09, 0x00, 0xe2, 0xff, 0x09, 0x00, 0xe2, 0xff, 0x09, 0x00, 0xe2, 0xff,
    0x09, 0x00, 0xe2, 0xff, 0x09, 0x00, 0xe2, 0xff, 0x09, 0x00, 0xe2, 0xff, 0x09, 0x00, 0xe2, 0xff,
    0x09, 0x00, 0xe2, 0xff, 0x09, 0x00, 0xe2, 0xff, 0x09, 0x00, 0xe2, 0xff, 0x09, 0x00, 0xe2, 0xff,
    0x09, 0x00, 0xe2, 0xff, 0x09, 0x00, 0xe2, 0xff, 0x09, 0x00, 0xe2, 0xff, 0x09, 0x00, 0xe2, 0xff,
    0x09, 0x00, 0xe2, 0xff, 0x09, 0x00, 0xe2, 0xff, 0x09, 0x00, 0xe2, 0xff, 0x09, 0x00, 0xe2, 0xff,
    0x09, 0x00, 0xe2, 0xff, 0x09, 0x00, 0xe2, 0xff, 0x09, 0x00, 0xe2, 0xff, 0x09, 0x00, 0xe2, 0xff,
    0x09, 0x00, 0xe2, 0xff, 0x09, 0x00, 0xe2, 0xff, 0x09, 0x00, 0xe2, 0xff, 0x09, 0x00, 0xe2, 0xff,
    0x09, 0x00, 0xe2, 0xff, 0x09, 0x00, 0xe2, 0xff, 0x09, 0x00, 0xe2, 0xff, 0x09, 0x00, 0xe2, 0xff,
    0x09, 0x00, 0xe2, 0xff, 0x09, 0x00, 0xe2, 0xff, 0x09, 0x00, 0xe2, 0xff, 0x09, 0x00, 0xe2, 0xff,
    0x09, 0x00, 0xe2, 0xff, 0x09, 0x00, 0xe2, 0xff, 0x09, 0x00, 0xe2, 0xff, 0x09, 0x00, 0xe2, 0xff,
    0x09, 0x00, 0xe2, 0xff, 0x09, 0x00, 0xe2, 0xff, 0x09, 0x00, 0xe2, 0xff, 0x09, 0x00, 0xe2, 0xff,
    0x09, 0x00, 0xe2, 0xff, 0x09, 0x00, 0xe2, 0xff, 0x09, 0x00, 0xe2, 0xff, 0x09, 0x00, 0xe2, 0xff,
    0x09, 0x00, 0xe2, 0xff, 0x09, 0x00, 0xe2, 0xff, 0x09, 0x00, 0xe2, 0xff, 0x09, 0x00, 0xe2, 0xff,
    0x09, 0x00, 0xe2, 0xff, 0x09, 0x00, 0xe2, 0xff, 0x09, 0x00, 0xe2, 0xff, 0x09, 0x00, 0xe2, 0xff,
    0x09, 0x00, 0xe2, 0xff, 0x09, 0x00, 0xe2, 0xff, 0x09, 0x00, 0xe2, 0xff, 0x09, 0x00, 0xe2, 0xff,
    0x09, 0x00, 0xe2, 0xff, 0x09, 0x00, 0xe2, 0xff, 0x09, 0x00, 0xe2, 0xff, 0x09, 0x00, 0xe2, 0xff,
    0x09, 0x00, 0xe2, 0xff, 0x09, 0x00, 0xe2, 0xff, 0x09, 0x00, 0xe2, 0xff, 0x09, 0x00, 0xe2, 0xff,
    0x09, 0x00, 0xe2, 0xff, 0x09, 0x00, 0xe2, 0xff, 0x09, 0x00, 0xe2, 0xff, 0x09, 0x00, 0xe2, 0xff,
    0x09, 0x00, 0xe2, 0xff, 0x09, 0x00, 0xe2, 0xff, 0x09, 0x00, 0xe2, 0xff, 0x09, 0x00, 0xe2, 0xff,
    0x09, 0x00, 0xe2, 0xff, 0x09, 0x00, 0xe2, 0xff, 0x09, 0x00, 0xe2, 0xff, 0x09, 0x00, 0xe2, 0xff,
    0x09, 0x00, 0xe2, 0xff, 0x09, 0x00, 0xe2, 0xff, 0x09, 0x00, 0xe2, 0xff, 0x09, 0x00, 0xe2, 0xff,
    0x09, 0x00, 0xe2, 0xff, 0x09, 0x00, 0xe2, 0xff, 0x09, 0x00, 0xe2, 0xff, 0x09, 0x00, 0xe2, 0xff,
    0x09, 0x00, 0xe2, 0xff, 0x09, 0x00, 0xe2, 0xff, 0x09, 0x00, 0xe2, 0xff, 0x09, 0x00, 0xe2, 0xff,
    0x09, 0x00, 0xe2, 0xff, 0x09, 0x00, 0xe2, 0xff, 0x09, 0x00, 0xe2, 0xff, 0x09, 0x00, 0xe2, 0xff,
    0x09, 0x00, 0xe2, 0xff, 0x09, 0x00, 0xe2, 0xff, 0x09, 0x00, 0xe2, 0xff, 0x09, 0x00, 0xe2, 0xff,
    0x09, 0x00, 0xe2, 0xff, 0x09, 0x00, 0xe2, 0xff, 0x09, 0x00, 0xe2, 0xff, 0x09, 0x00, 0xe2, 0xff,
    0x09, 0x00, 0xe2, 0xff, 0x09, 0x00, 0xe2, 0xff, 0x09, 0x00, 0xe2, 0xff, 0x09, 0x00, 0xe2, 0xff,
    0x09, 0x00, 0xe2, 0xff, 0x09, 0x00, 0xe2, 0xff, 0x09, 0x00, 0xe2, 0xff, 0x09, 0x00, 0xe2, 0xff,
    0x09, 0x00, 0xe2, 0xff, 0x09, 0x00, 0xe2, 0xff, 0x09, 0x00, 0xe2, 0xff, 0x09, 0x00, 0xe2, 0xff,
    0x09, 0x00, 0xe2, 0xff, 0x09, 0x00, 0xe2, 0xff, 0x09, 0x00, 0xe2, 0xff, 0x09, 0x00, 0xe2, 0xff,
    0x09, 0x00, 0xe2, 0xff, 0x09, 0x00, 0xe2, 0xff, 0x09, 0x00, 0xe2, 0xff, 0x09, 0x00, 0xe2, 0xff,
    0x09, 0x00, 0xe2, 0xff, 0x09, 0x00, 0xe2, 0xff, 0x09, 0x00, 0xe2, 0xff, 0x09, 0x00, 0xe2, 0xff,
    0x09, 0x00, 0xe2, 0xff, 0x09, 0x00, 0xe2, 0xff, 0x09, 0x00, 0xe2, 0xff, 0x09, 0x00, 0xe2, 0xff,
    0x09, 0x00, 0xe2, 0xff, 0x09, 0x00, 0xe2, 0xff, 0x09, 0x00, 0xe2, 0xff, 0x09, 0x00, 0xe2, 0xff,
    0x09, 0x00, 0xe2, 0xff, 0x09, 0x00, 0xe2, 0xff, 0x09, 0x00, 0xe2, 0xff, 0x09, 0x00, 0xe2, 0xff,
    0x09, 0x00, 0xe2, 0xff, 0x09, 0x00, 0xe2, 0xff, 0x09, 0x00, 0xe2, 0xff, 0x09, 0x00, 0xe2, 0xff,
    0x09, 0x00, 0xe2, 0xff, 0x09, 0x00, 0xe2, 0xff, 0x09, 0x00, 0xe2, 0xff, 0x09, 0x00, 0xe1, 0xfe,
    0x09, 0x00, 0xe1, 0xfc, 0x09, 0x00, 0xe1, 0xfe, 0x09, 0x00, 0xee, 0xff, 0x09, 0x00, 0xea, 0xff,
    0x09, 0x00, 0xe7, 0xba, 0x07, 0x00, 0xe4, 0x43, 0x00, 0x00, 0x00, 0x00, 0x00, 0x00, 0x00, 0x00,
    0x00, 0x00, 0xff, 0x03, 0x00, 0x00, 0xff, 0x01, 0x00, 0x00, 0x00, 0x00, 0x00, 0x00, 0x00, 0x00,
    0x00, 0x00, 0x00, 0x00, 0x00, 0x00, 0x00, 0x00, 0x00, 0x00, 0x00, 0x00, 0x00, 0x00, 0x00, 0x00,
    0x00, 0x00, 0x00, 0x00, 0x00, 0x00, 0x00, 0x00, 0x00, 0x00, 0x00, 0x00, 0x00, 0x00, 0x00, 0x00,
    0x00, 0x00, 0x00, 0x00, 0x00, 0x00, 0x00, 0x00, 0x00, 0x00, 0x00, 0x00, 0x00, 0x00, 0x00, 0x00,
    0x00, 0x00, 0x00, 0x00, 0x00, 0x00, 0x00, 0x00, 0x00, 0x00, 0x00, 0x00, 0x00, 0x00, 0x00, 0x00,
    0x00, 0x00, 0x00, 0x00, 0x00, 0x00, 0x00, 0x00, 0x00, 0x00, 0x00, 0x00, 0x00, 0x00, 0x00, 0x00,
    0x00, 0x00, 0x00, 0x00, 0x00, 0x00, 0x00, 0x00, 0x00, 0x00, 0x00, 0x00, 0x00, 0x00, 0x00, 0x00,
    0x00, 0x00, 0x00, 0x00, 0x00, 0x00, 0x00, 0x00, 0x00, 0x00, 0x00, 0x00, 0x00, 0x00, 0x00, 0x00,
    0x00, 0x00, 0xff, 0x02, 0x00, 0x00, 0xff, 0x02, 0x00, 0x00, 0x00, 0x00, 0x00, 0x00, 0x00, 0x00,
    0x0a, 0x00, 0xe5, 0x46, 0x09, 0x00, 0xe7, 0xb7, 0x09, 0x00, 0xe7, 0xff, 0x0a, 0x00, 0xef, 0xff,
    0x09, 0x00, 0xe3, 0xff, 0x09, 0x00, 0xe1, 0xfb, 0x09, 0x00, 0xe1, 0xfe, 0x09, 0x00, 0xe2, 0xff,
    0x09, 0x00, 0xe2, 0xff, 0x09, 0x00, 0xe2, 0xff, 0x09, 0x00, 0xe2, 0xff, 0x09, 0x00, 0xe2, 0xff,
    0x09, 0x00, 0xe2, 0xff, 0x09, 0x00, 0xe2, 0xff, 0x09, 0x00, 0xe2, 0xff, 0x09, 0x00, 0xe2, 0xff,
    0x09, 0x00, 0xe2, 0xff, 0x09, 0x00, 0xe2, 0xff, 0x09, 0x00, 0xe2, 0xff, 0x09, 0x00, 0xe2, 0xff,
    0x09, 0x00, 0xe2, 0xff, 0x09, 0x00, 0xe2, 0xff, 0x09, 0x00, 0xe2, 0xff, 0x09, 0x00, 0xe2, 0xff,
    0x09, 0x00, 0xe2, 0xff, 0x09, 0x00, 0xe2, 0xff, 0x09, 0x00, 0xe2, 0xff, 0x09, 0x00, 0xe2, 0xff,
    0x09, 0x00, 0xe2, 0xff, 0x09, 0x00, 0xe2, 0xff, 0x09, 0x00, 0xe2, 0xff, 0x09, 0x00, 0xe2, 0xff,
    0x09, 0x00, 0xe2, 0xff, 0x09, 0x00, 0xe2, 0xff, 0x09, 0x00, 0xe2, 0xff, 0x09, 0x00, 0xe2, 0xff,
    0x09, 0x00, 0xe2, 0xff, 0x09, 0x00, 0xe2, 0xff, 0x09, 0x00, 0xe2, 0xff, 0x09, 0x00, 0xe2, 0xff,
    0x09, 0x00, 0xe2, 0xff, 0x09, 0x00, 0xe2, 0xff, 0x09, 0x00, 0xe2, 0xff, 0x09, 0x00, 0xe2, 0xff,
    0x09, 0x00, 0xe2, 0xff, 0x09, 0x00, 0xe2, 0xff, 0x09, 0x00, 0xe2, 0xff, 0x09, 0x00, 0xe2, 0xff,
    0x09, 0x00, 0xe2, 0xff, 0x09, 0x00, 0xe2, 0xff, 0x09, 0x00, 0xe2, 0xff, 0x09, 0x00, 0xe2, 0xff,
    0x09, 0x00, 0xe2, 0xff, 0x09, 0x00, 0xe2, 0xff, 0x09, 0x00, 0xe2, 0xff, 0x09, 0x00, 0xe2, 0xff,
    0x09, 0x00, 0xe2, 0xff, 0x09, 0x00, 0xe2, 0xff, 0x09, 0x00, 0xe2, 0xff, 0x09, 0x00, 0xe2, 0xff,
    0x09, 0x00, 0xe2, 0xff, 0x09, 0x00, 0xe2, 0xff, 0x09, 0x00, 0xe2, 0xff, 0x09, 0x00, 0xe2, 0xff,
    0x09, 0x00, 0xe2, 0xff, 0x09, 0x00, 0xe2, 0xff, 0x09, 0x00, 0xe2, 0xff, 0x09, 0x00, 0xe2, 0xff,
    0x09, 0x00, 0xe2, 0xff, 0x09, 0x00, 0xe2, 0xff, 0x09, 0x00, 0xe2, 0xff, 0x09, 0x00, 0xe2, 0xff,
    0x09, 0x00, 0xe2, 0xff, 0x09, 0x00, 0xe2, 0xff, 0x09, 0x00, 0xe2, 0xff, 0x09, 0x00, 0xe2, 0xff,
    0x09, 0x00, 0xe2, 0xff, 0x09, 0x00, 0xe2, 0xff, 0x09, 0x00, 0xe2, 0xff, 0x09, 0x00, 0xe2, 0xff,
    0x09, 0x00, 0xe2, 0xff, 0x09, 0x00, 0xe2, 0xff, 0x09, 0x00, 0xe2, 0xff, 0x09, 0x00, 0xe2, 0xff,
    0x09, 0x00, 0xe2, 0xff, 0x09, 0x00, 0xe2, 0xff, 0x09, 0x00, 0xe2, 0xff, 0x09, 0x00, 0xe2, 0xff,
    0x09, 0x00, 0xe2, 0xff, 0x09, 0x00, 0xe2, 0xff, 0x09, 0x00, 0xe2, 0xff, 0x09, 0x00, 0xe2, 0xff,
    0x09, 0x00, 0xe2, 0xff, 0x09, 0x00, 0xe2, 0xff, 0x09, 0x00, 0xe2, 0xff, 0x09, 0x00, 0xe2, 0xff,
    0x09, 0x00, 0xe2, 0xff, 0x09, 0x00, 0xe2, 0xff, 0x09, 0x00, 0xe2, 0xff, 0x09, 0x00, 0xe2, 0xff,
    0x09, 0x00, 0xe2, 0xff, 0x09, 0x00, 0xe2, 0xff, 0x09, 0x00, 0xe2, 0xff, 0x09, 0x00, 0xe2, 0xff,
    0x09, 0x00, 0xe2, 0xff, 0x09, 0x00, 0xe2, 0xff, 0x09, 0x00, 0xe2, 0xff, 0x09, 0x00, 0xe2, 0xff,
    0x09, 0x00, 0xe2, 0xff, 0x09, 0x00, 0xe2, 0xff, 0x09, 0x00, 0xe2, 0xff, 0x09, 0x00, 0xe2, 0xff,
    0x09, 0x00, 0xe2, 0xff, 0x09, 0x00, 0xe2, 0xff, 0x09, 0x00, 0xe2, 0xff, 0x09, 0x00, 0xe2, 0xff,
    0x09, 0x00, 0xe2, 0xff, 0x09, 0x00, 0xe2, 0xff, 0x09, 0x00, 0xe2, 0xff, 0x09, 0x00, 0xe2, 0xff,
    0x09, 0x00, 0xe2, 0xff, 0x09, 0x00, 0xe2, 0xff, 0x09, 0x00, 0xe2, 0xff, 0x09, 0x00, 0xe2, 0xff,
    0x09, 0x00, 0xe2, 0xff, 0x09, 0x00, 0xe2, 0xff, 0x09, 0x00, 0xe2, 0xff, 0x09, 0x00, 0xe2, 0xff,
    0x09, 0x00, 0xe2, 0xff, 0x09, 0x00, 0xe2, 0xff, 0x09, 0x00, 0xe2, 0xff, 0x09, 0x00, 0xe2, 0xff,
    0x09, 0x00, 0xe2, 0xff, 0x09, 0x00, 0xe2, 0xff, 0x09, 0x00, 0xe2, 0xff, 0x09, 0x00, 0xe2, 0xff,
    0x09, 0x00, 0xe2, 0xff, 0x09, 0x00, 0xe2, 0xff, 0x09, 0x00, 0xe2, 0xff, 0x09, 0x00, 0xe2, 0xff,
    0x09, 0x00, 0xe2, 0xff, 0x09, 0x00, 0xe2, 0xff, 0x09, 0x00, 0xe2, 0xff, 0x09, 0x00, 0xe2, 0xff,
    0x09, 0x00, 0xe2, 0xff, 0x09, 0x00, 0xe2, 0xff, 0x09, 0x00, 0xe2, 0xff, 0x09, 0x00, 0xe2, 0xff,
    0x09, 0x00, 0xe2, 0xff, 0x09, 0x00, 0xe2, 0xff, 0x09, 0x00, 0xe2, 0xff, 0x09, 0x00, 0xe2, 0xff,
    0x09, 0x00, 0xe2, 0xff, 0x09, 0x00, 0xe2, 0xff, 0x09, 0x00, 0xe2, 0xff, 0x09, 0x00, 0xe2, 0xff,
    0x09, 0x00, 0xe2, 0xff, 0x09, 0x00, 0xe2, 0xff, 0x09, 0x00, 0xe2, 0xff, 0x09, 0x00, 0xe2, 0xff,
    0x09, 0x00, 0xe2, 0xff, 0x09, 0x00, 0xe2, 0xff, 0x09, 0x00, 0xe2, 0xff, 0x09, 0x00, 0xe2, 0xff,
    0x09, 0x00, 0xe2, 0xff, 0x09, 0x00, 0xe2, 0xff, 0x09, 0x00, 0xe2, 0xff, 0x09, 0x00, 0xe2, 0xff,
    0x09, 0x00, 0xe2, 0xff, 0x09, 0x00, 0xe2, 0xff, 0x09, 0x00, 0xe2, 0xff, 0x09, 0x00, 0xe2, 0xff,
    0x09, 0x00, 0xe2, 0xff, 0x09, 0x00, 0xe2, 0xff, 0x09, 0x00, 0xe2, 0xff, 0x09, 0x00, 0xe2, 0xff,
    0x09, 0x00, 0xe2, 0xff, 0x09, 0x00, 0xe2, 0xff, 0x09, 0x00, 0xe2, 0xff, 0x09, 0x00, 0xe2, 0xff,
    0x09, 0x00, 0xe2, 0xff, 0x09, 0x00, 0xe2, 0xff, 0x09, 0x00, 0xe2, 0xff, 0x09, 0x00, 0xe2, 0xff,
    0x09, 0x00, 0xe2, 0xff, 0x09, 0x00, 0xe2, 0xff, 0x09, 0x00, 0xe2, 0xff, 0x09, 0x00, 0xe2, 0xff,
    0x09, 0x00, 0xe2, 0xff, 0x09, 0x00, 0xe2, 0xff, 0x09, 0x00, 0xe2, 0xff, 0x09, 0x00, 0xe2, 0xff,
    0x09, 0x00, 0xe2, 0xff, 0x09, 0x00, 0xe2, 0xff, 0x09, 0x00, 0xe2, 0xff, 0x09, 0x00, 0xe2, 0xff,
    0x09, 0x00, 0xe2, 0xff, 0x09, 0x00, 0xe2, 0xff, 0x09, 0x00, 0xe2, 0xff, 0x09, 0x00, 0xe2, 0xff,
    0x09, 0x00, 0xe2, 0xff, 0x09, 0x00, 0xe2, 0xff, 0x09, 0x00, 0xe2, 0xff, 0x09, 0x00, 0xe2, 0xff,
    0x09, 0x00, 0xe2, 0xff, 0x09, 0x00, 0xe2, 0xff, 0x09, 0x00, 0xe2, 0xff, 0x09, 0x00, 0xe2, 0xff,
    0x09, 0x00, 0xe2, 0xff, 0x09, 0x00, 0xe2, 0xff, 0x09, 0x00, 0xe2, 0xff, 0x09, 0x00, 0xe2, 0xff,
    0x09, 0x00, 0xe2, 0xff, 0x09, 0x00, 0xe2, 0xff, 0x09, 0x00, 0xe2, 0xff, 0x09, 0x00, 0xe2, 0xff,
    0x09, 0x00, 0xe2, 0xff, 0x09, 0x00, 0xe2, 0xff, 0x09, 0x00, 0xe2, 0xff, 0x09, 0x00, 0xe2, 0xff,
    0x09, 0x00, 0xe2, 0xff, 0x09, 0x00, 0xe2, 0xff, 0x09, 0x00, 0xe2, 0xff, 0x09, 0x00, 0xe2, 0xff,
    0x09, 0x00, 0xe2, 0xff, 0x09, 0x00, 0xe2, 0xff, 0x09, 0x00, 0xe2, 0xff, 0x09, 0x00, 0xe2, 0xff,
    0x09, 0x00, 0xe2, 0xff, 0x09, 0x00, 0xe2, 0xff, 0x09, 0x00, 0xe2, 0xff, 0x09, 0x00, 0xe2, 0xff,
    0x09, 0x00, 0xe2, 0xff, 0x09, 0x00, 0xe2, 0xff, 0x09, 0x00, 0xe2, 0xff, 0x09, 0x00, 0xe2, 0xff,
    0x09, 0x00, 0xe2, 0xff, 0x09, 0x00, 0xe2, 0xff, 0x09, 0x00, 0xe2, 0xff, 0x09, 0x00, 0xe2, 0xff,
    0x09, 0x00, 0xe2, 0xff, 0x09, 0x00, 0xe2, 0xff, 0x09, 0x00, 0xe2, 0xff, 0x09, 0x00, 0xe2, 0xff,
    0x09, 0x00, 0xe2, 0xff, 0x09, 0x00, 0xe2, 0xff, 0x09, 0x00, 0xe2, 0xff, 0x09, 0x00, 0xe2, 0xff,
    0x09, 0x00, 0xe2, 0xff, 0x09, 0x00, 0xe2, 0xff, 0x09, 0x00, 0xe2, 0xff, 0x09, 0x00, 0xe2, 0xff,
    0x09, 0x00, 0xe2, 0xff, 0x09, 0x00, 0xe2, 0xff, 0x09, 0x00, 0xe2, 0xff, 0x09, 0x00, 0xe2, 0xff,
    0x09, 0x00, 0xe2, 0xff, 0x09, 0x00, 0xe2, 0xff, 0x09, 0x00, 0xe2, 0xff, 0x09, 0x00, 0xe2, 0xff,
    0x09, 0x00, 0xe2, 0xff, 0x09, 0x00, 0xe2, 0xff, 0x09, 0x00, 0xe2, 0xff, 0x09, 0x00, 0xe2, 0xff,
    0x09, 0x00, 0xe2, 0xff, 0x09, 0x00, 0xe2, 0xff, 0x09, 0x00, 0xe2, 0xff, 0x09, 0x00, 0xe2, 0xff,
    0x09, 0x00, 0xe2, 0xff, 0x09, 0x00, 0xe2, 0xff, 0x09, 0x00, 0xe2, 0xff, 0x09, 0x00, 0xe2, 0xff,
    0x09, 0x00, 0xe2, 0xff, 0x09, 0x00, 0xe1, 0xfe, 0x09, 0x00, 0xe2, 0xfb, 0x09, 0x00, 0xe3, 0xff,
    0x0a, 0x00, 0xef, 0xff, 0x09, 0x00, 0xe8, 0xff, 0x09, 0x00, 0xe7, 0xb8, 0x0a, 0x00, 0xe5, 0x47,
    0x00, 0x00, 0x00, 0x00, 0x00, 0x00, 0x00, 0x00, 0x00, 0x00, 0xff, 0x02, 0x00, 0x00, 0xff, 0x02,
    0x00, 0x00, 0x00, 0x00, 0x00, 0x00, 0x00, 0x00, 0x00, 0x00, 0x00, 0x00, 0x00, 0x00, 0x00, 0x00,
    0x00, 0x00, 0x00, 0x00, 0x00, 0x00, 0x00, 0x00, 0x00, 0x00, 0x00, 0x00, 0x00, 0x00, 0x00, 0x00,
    0x00, 0x00, 0x00, 0x00, 0x00, 0x00, 0x00, 0x00, 0x00, 0x00, 0x00, 0x00, 0x00, 0x00, 0x00, 0x00,
    0x00, 0x00, 0x00, 0x00, 0x00, 0x00, 0x00, 0x00, 0x00, 0x00, 0x00, 0x00, 0x00, 0x00, 0x00, 0x00,
    0x00, 0x00, 0x00, 0x00, 0x00, 0x00, 0x00, 0x00, 0x00, 0x00, 0x00, 0x00, 0x00, 0x00, 0x00, 0x00,
    0x00, 0x00, 0x00, 0x00, 0x00, 0x00, 0x00, 0x00, 0x00, 0x00, 0x00, 0x00, 0x00, 0x00, 0x00, 0x00,
    0x00, 0x00, 0x00, 0x00, 0x00, 0x00, 0x00, 0x00, 0x00, 0x00, 0x00, 0x00, 0x00, 0x00, 0x00, 0x00,
    0x00, 0x00, 0x00, 0x00, 0x00, 0x00, 0x00, 0x00, 0x00, 0x00, 0x00, 0x00, 0x00, 0x00, 0x00, 0x00,
    0x00, 0x00, 0x00, 0x00, 0x00, 0x00, 0x00, 0x00, 0x00, 0x00, 0xaa, 0x03, 0x00, 0x00, 0xff, 0x01,
    0x00, 0x00, 0x00, 0x00, 0x00, 0x00, 0x00, 0x00, 0x08, 0x00, 0xe5, 0x3d, 0x08, 0x00, 0xe5, 0xab,
    0x09, 0x00, 0xe4, 0xfa, 0x0a, 0x00, 0xf1, 0xff, 0x09, 0x00, 0xe6, 0xff, 0x09, 0x00, 0xe1, 0xfc,
    0x09, 0x00, 0xe1, 0xfd, 0x09, 0x00, 0xe2, 0xff, 0x09, 0x00, 0xe2, 0xff, 0x09, 0x00, 0xe2, 0xff,
    0x09, 0x00, 0xe2, 0xff, 0x09, 0x00, 0xe2, 0xff, 0x09, 0x00, 0xe2, 0xff, 0x09, 0x00, 0xe2, 0xff,
    0x09, 0x00, 0xe2, 0xff, 0x09, 0x00, 0xe2, 0xff, 0x09, 0x00, 0xe2, 0xff, 0x09, 0x00, 0xe2, 0xff,
    0x09, 0x00, 0xe2, 0xff, 0x09, 0x00, 0xe2, 0xff, 0x09, 0x00, 0xe2, 0xff, 0x09, 0x00, 0xe2, 0xff,
    0x09, 0x00, 0xe2, 0xff, 0x09, 0x00, 0xe2, 0xff, 0x09, 0x00, 0xe2, 0xff, 0x09, 0x00, 0xe2, 0xff,
    0x09, 0x00, 0xe2, 0xff, 0x09, 0x00, 0xe2, 0xff, 0x09, 0x00, 0xe2, 0xff, 0x09, 0x00, 0xe2, 0xff,
    0x09, 0x00, 0xe2, 0xff, 0x09, 0x00, 0xe2, 0xff, 0x09, 0x00, 0xe2, 0xff, 0x09, 0x00, 0xe2, 0xff,
    0x09, 0x00, 0xe2, 0xff, 0x09, 0x00, 0xe2, 0xff, 0x09, 0x00, 0xe2, 0xff, 0x09, 0x00, 0xe2, 0xff,
    0x09, 0x00, 0xe2, 0xff, 0x09, 0x00, 0xe2, 0xff, 0x09, 0x00, 0xe2, 0xff, 0x09, 0x00, 0xe2, 0xff,
    0x09, 0x00, 0xe2, 0xff, 0x09, 0x00, 0xe2, 0xff, 0x09, 0x00, 0xe2, 0xff, 0x09, 0x00, 0xe2, 0xff,
    0x09, 0x00, 0xe2, 0xff, 0x09, 0x00, 0xe2, 0xff, 0x09, 0x00, 0xe2, 0xff, 0x09, 0x00, 0xe2, 0xff,
    0x09, 0x00, 0xe2, 0xff, 0x09, 0x00, 0xe2, 0xff, 0x09, 0x00, 0xe2, 0xff, 0x09, 0x00, 0xe2, 0xff,
    0x09, 0x00, 0xe2, 0xff, 0x09, 0x00, 0xe2, 0xff, 0x09, 0x00, 0xe2, 0xff, 0x09, 0x00, 0xe2, 0xff,
    0x09, 0x00, 0xe2, 0xff, 0x09, 0x00, 0xe2, 0xff, 0x09, 0x00, 0xe2, 0xff, 0x09, 0x00, 0xe2, 0xff,
    0x09, 0x00, 0xe2, 0xff, 0x09, 0x00, 0xe2, 0xff, 0x09, 0x00, 0xe2, 0xff, 0x09, 0x00, 0xe2, 0xff,
    0x09, 0x00, 0xe2, 0xff, 0x09, 0x00, 0xe2, 0xff, 0x09, 0x00, 0xe2, 0xff, 0x09, 0x00, 0xe2, 0xff,
    0x09, 0x00, 0xe2, 0xff, 0x09, 0x00, 0xe2, 0xff, 0x09, 0x00, 0xe2, 0xff, 0x09, 0x00, 0xe2, 0xff,
    0x09, 0x00, 0xe2, 0xff, 0x09, 0x00, 0xe2, 0xff, 0x09, 0x00, 0xe2, 0xff, 0x09, 0x00, 0xe2, 0xff,
    0x09, 0x00, 0xe2, 0xff, 0x09, 0x00, 0xe2, 0xff, 0x09, 0x00, 0xe2, 0xff, 0x09, 0x00, 0xe2, 0xff,
    0x09, 0x00, 0xe2, 0xff, 0x09, 0x00, 0xe2, 0xff, 0x09, 0x00, 0xe2, 0xff, 0x09, 0x00, 0xe2, 0xff,
    0x09, 0x00, 0xe2, 0xff, 0x09, 0x00, 0xe2, 0xff, 0x09, 0x00, 0xe2, 0xff, 0x09, 0x00, 0xe2, 0xff,
    0x09, 0x00, 0xe2, 0xff, 0x09, 0x00, 0xe2, 0xff, 0x09, 0x00, 0xe2, 0xff, 0x09, 0x00, 0xe2, 0xff,
    0x09, 0x00, 0xe2, 0xff, 0x09, 0x00, 0xe2, 0xff, 0x09, 0x00, 0xe2, 0xff, 0x09, 0x00, 0xe2, 0xff,
    0x09, 0x00, 0xe2, 0xff, 0x09, 0x00, 0xe2, 0xff, 0x09, 0x00, 0xe2, 0xff, 0x09, 0x00, 0xe2, 0xff,
    0x09, 0x00, 0xe2, 0xff, 0x09, 0x00, 0xe2, 0xff, 0x09, 0x00, 0xe2, 0xff, 0x09, 0x00, 0xe2, 0xff,
    0x09, 0x00, 0xe2, 0xff, 0x09, 0x00, 0xe2, 0xff, 0x09, 0x00, 0xe2, 0xff, 0x09, 0x00, 0xe2, 0xff,
    0x09, 0x00, 0xe2, 0xff, 0x09, 0x00, 0xe2, 0xff, 0x09, 0x00, 0xe2, 0xff, 0x09, 0x00, 0xe2, 0xff,
    0x09, 0x00, 0xe2, 0xff, 0x09, 0x00, 0xe2, 0xff, 0x09, 0x00, 0xe2, 0xff, 0x09, 0x00, 0xe2, 0xff,
    0x09, 0x00, 0xe2, 0xff, 0x09, 0x00, 0xe2, 0xff, 0x09, 0x00, 0xe2, 0xff, 0x09, 0x00, 0xe2, 0xff,
    0x09, 0x00, 0xe2, 0xff, 0x09, 0x00, 0xe2, 0xff, 0x09, 0x00, 0xe2, 0xff, 0x09, 0x00, 0xe2, 0xff,
    0x09, 0x00, 0xe2, 0xff, 0x09, 0x00, 0xe2, 0xff, 0x09, 0x00, 0xe2, 0xff, 0x09, 0x00, 0xe2, 0xff,
    0x09, 0x00, 0xe2, 0xff, 0x09, 0x00, 0xe2, 0xff, 0x09, 0x00, 0xe2, 0xff, 0x09, 0x00, 0xe2, 0xff,
    0x09, 0x00, 0xe2, 0xff, 0x09, 0x00, 0xe2, 0xff, 0x09, 0x00, 0xe2, 0xff, 0x09, 0x00, 0xe2, 0xff,
    0x09, 0x00, 0xe2, 0xff, 0x09, 0x00, 0xe2, 0xff, 0x09, 0x00, 0xe2, 0xff, 0x09, 0x00, 0xe2, 0xff,
    0x09, 0x00, 0xe2, 0xff, 0x09, 0x00, 0xe2, 0xff, 0x09, 0x00, 0xe2, 0xff, 0x09, 0x00, 0xe2, 0xff,
    0x09, 0x00, 0xe2, 0xff, 0x09, 0x00, 0xe2, 0xff, 0x09, 0x00, 0xe2, 0xff, 0x09, 0x00, 0xe2, 0xff,
    0x09, 0x00, 0xe2, 0xff, 0x09, 0x00, 0xe2, 0xff, 0x09, 0x00, 0xe2, 0xff, 0x09, 0x00, 0xe2, 0xff,
    0x09, 0x00, 0xe2, 0xff, 0x09, 0x00, 0xe2, 0xff, 0x09, 0x00, 0xe2, 0xff, 0x09, 0x00, 0xe2, 0xff,
    0x09, 0x00, 0xe2, 0xff, 0x09, 0x00, 0xe2, 0xff, 0x09, 0x00, 0xe2, 0xff, 0x09, 0x00, 0xe2, 0xff,
    0x09, 0x00, 0xe2, 0xff, 0x09, 0x00, 0xe2, 0xff, 0x09, 0x00, 0xe2, 0xff, 0x09, 0x00, 0xe2, 0xff,
    0x09, 0x00, 0xe2, 0xff, 0x09, 0x00, 0xe2, 0xff, 0x09, 0x00, 0xe2, 0xff, 0x09, 0x00, 0xe2, 0xff,
    0x09, 0x00, 0xe2, 0xff, 0x09, 0x00, 0xe2, 0xff, 0x09, 0x00, 0xe2, 0xff, 0x09, 0x00, 0xe2, 0xff,
    0x09, 0x00, 0xe2, 0xff, 0x09, 0x00, 0xe2, 0xff, 0x09, 0x00, 0xe2, 0xff, 0x09, 0x00, 0xe2, 0xff,
    0x09, 0x00, 0xe2, 0xff, 0x09, 0x00, 0xe2, 0xff, 0x09, 0x00, 0xe2, 0xff, 0x09, 0x00, 0xe2, 0xff,
    0x09, 0x00, 0xe2, 0xff, 0x09, 0x00, 0xe2, 0xff, 0x09, 0x00, 0xe2, 0xff, 0x09, 0x00, 0xe2, 0xff,
    0x09, 0x00, 0xe2, 0xff, 0x09, 0x00, 0xe2, 0xff, 0x09, 0x00, 0xe2, 0xff, 0x09, 0x00, 0xe2, 0xff,
    0x09, 0x00, 0xe2, 0xff, 0x09, 0x00, 0xe2, 0xff, 0x09, 0x00, 0xe2, 0xff, 0x09, 0x00, 0xe2, 0xff,
    0x09, 0x00, 0xe2, 0xff, 0x09, 0x00, 0xe2, 0xff, 0x09, 0x00, 0xe2, 0xff, 0x09, 0x00, 0xe2, 0xff,
    0x09, 0x00, 0xe2, 0xff, 0x09, 0x00, 0xe2, 0xff, 0x09, 0x00, 0xe2, 0xff, 0x09, 0x00, 0xe2, 0xff,
    0x09, 0x00, 0xe2, 0xff, 0x09, 0x00, 0xe2, 0xff, 0x09, 0x00, 0xe2, 0xff, 0x09, 0x00, 0xe2, 0xff,
    0x09, 0x00, 0xe2, 0xff, 0x09, 0x00, 0xe2, 0xff, 0x09, 0x00, 0xe2, 0xff, 0x09, 0x00, 0xe2, 0xff,
    0x09, 0x00, 0xe2, 0xff, 0x09, 0x00, 0xe2, 0xff, 0x09, 0x00, 0xe2, 0xff, 0x09, 0x00, 0xe2, 0xff,
    0x09, 0x00, 0xe2, 0xff, 0x09, 0x00, 0xe2, 0xff, 0x09, 0x00, 0xe2, 0xff, 0x09, 0x00, 0xe2, 0xff,
    0x09, 0x00, 0xe2, 0xff, 0x09, 0x00, 0xe2, 0xff, 0x09, 0x00, 0xe2, 0xff, 0x09, 0x00, 0xe2, 0xff,
    0x09, 0x00, 0xe2, 0xff, 0x09, 0x00, 0xe2, 0xff, 0x09, 0x00, 0xe2, 0xff, 0x09, 0x00, 0xe2, 0xff,
    0x09, 0x00, 0xe2, 0xff, 0x09, 0x00, 0xe2, 0xff, 0x09, 0x00, 0xe2, 0xff, 0x09, 0x00, 0xe2, 0xff,
    0x09, 0x00, 0xe2, 0xff, 0x09, 0x00, 0xe2, 0xff, 0x09, 0x00, 0xe2, 0xff, 0x09, 0x00, 0xe2, 0xff,
    0x09, 0x00, 0xe2, 0xff, 0x09, 0x00, 0xe2, 0xff, 0x09, 0x00, 0xe2, 0xff, 0x09, 0x00, 0xe2, 0xff,
    0x09, 0x00, 0xe2, 0xff, 0x09, 0x00, 0xe2, 0xff, 0x09, 0x00, 0xe2, 0xff, 0x09, 0x00, 0xe2, 0xff,
    0x09, 0x00, 0xe2, 0xff, 0x09, 0x00, 0xe2, 0xff, 0x09, 0x00, 0xe2, 0xff, 0x09, 0x00, 0xe2, 0xff,
    0x09, 0x00, 0xe2, 0xff, 0x09, 0x00, 0xe2, 0xff, 0x09, 0x00, 0xe2, 0xff, 0x09, 0x00, 0xe2, 0xff,
    0x09, 0x00, 0xe2, 0xff, 0x09, 0x00, 0xe2, 0xff, 0x09, 0x00, 0xe2, 0xff, 0x09, 0x00, 0xe2, 0xff,
    0x09, 0x00, 0xe2, 0xff, 0x09, 0x00, 0xe2, 0xff, 0x09, 0x00, 0xe2, 0xff, 0x09, 0x00, 0xe2, 0xff,
    0x09, 0x00, 0xe2, 0xff, 0x09, 0x00, 0xe2, 0xff, 0x09, 0x00, 0xe2, 0xff, 0x09, 0x00, 0xe2, 0xff,
    0x09, 0x00, 0xe2, 0xff, 0x09, 0x00, 0xe2, 0xff, 0x09, 0x00, 0xe2, 0xff, 0x09, 0x00, 0xe2, 0xff,
    0x09, 0x00, 0xe2, 0xff, 0x09, 0x00, 0xe2, 0xff, 0x09, 0x00, 0xe2, 0xff, 0x09, 0x00, 0xe1, 0xfd,
    0x09, 0x00, 0xe1, 0xfc, 0x09, 0x00, 0xe6, 0xff, 0x0a, 0x00, 0xf1, 0xff, 0x09, 0x00, 0xe4, 0xfa,
    0x08, 0x00, 0xe5, 0xab, 0x08, 0x00, 0xe6, 0x3e, 0x00, 0x00, 0x00, 0x00, 0x00, 0x00, 0x00, 0x00,
    0x00, 0x00, 0xff, 0x01, 0x00, 0x00, 0xaa, 0x03, 0x00, 0x00, 0x00, 0x00, 0x00, 0x00, 0x00, 0x00,
    0x00, 0x00, 0x00, 0x00, 0x00, 0x00, 0x00, 0x00, 0x00, 0x00, 0x00, 0x00, 0x00, 0x00, 0x00, 0x00,
    0x00, 0x00, 0x00, 0x00, 0x00, 0x00, 0x00, 0x00, 0x00, 0x00, 0x00, 0x00, 0x00, 0x00, 0x00, 0x00,
    0x00, 0x00, 0x00, 0x00, 0x00, 0x00, 0x00, 0x00, 0x00, 0x00, 0x00, 0x00, 0x00, 0x00, 0x00, 0x00,
    0x00, 0x00, 0x00, 0x00, 0x00, 0x00, 0x00, 0x00, 0x00, 0x00, 0x00, 0x00, 0x00, 0x00, 0x00, 0x00,
    0x00, 0x00, 0x00, 0x00, 0x00, 0x00, 0x00, 0x00, 0x00, 0x00, 0x00, 0x00, 0x00, 0x00, 0x00, 0x00,
    0x00, 0x00, 0x00, 0x00, 0x00, 0x00, 0x00, 0x00, 0x00, 0x00, 0x00, 0x00, 0x00, 0x00, 0x00, 0x00,
    0x00, 0x00, 0x00, 0x00, 0x00, 0x00, 0x00, 0x00, 0x00, 0x00, 0x00, 0x00, 0x00, 0x00, 0x00, 0x00,
    0x00, 0x00, 0x00, 0x00, 0x00, 0x00, 0x00, 0x00, 0x00, 0x00, 0x00, 0x00, 0x00, 0x00, 0x00, 0x00,
    0x00, 0x00, 0x00, 0x00, 0x00, 0x00, 0x00, 0x00, 0x00, 0x00, 0x00, 0x00, 0x00, 0x00, 0x00, 0x00,
    0x00, 0x00, 0xaa, 0x03, 0x00, 0x00, 0xff, 0x01, 0x00, 0x00, 0x00, 0x00, 0x00, 0x00, 0x00, 0x00,
    0x0b, 0x00, 0xe2, 0x2d, 0x08, 0x00, 0xe6, 0x90, 0x08, 0x00, 0xe5, 0xe7, 0x0a, 0x00, 0xf0, 0xff,
    0x09, 0x00, 0xec, 0xff, 0x09, 0x00, 0xe1, 0xfe, 0x09, 0x00, 0xe2, 0xfb, 0x09, 0x00, 0xe1, 0xfe,
    0x09, 0x00, 0xe2, 0xff, 0x09, 0x00, 0xe2, 0xff, 0x09, 0x00, 0xe2, 0xff, 0x09, 0x00, 0xe2, 0xff,
    0x09, 0x00, 0xe2, 0xff, 0x09, 0x00, 0xe2, 0xff, 0x09, 0x00, 0xe2, 0xff, 0x09, 0x00, 0xe2, 0xff,
    0x09, 0x00, 0xe2, 0xff, 0x09, 0x00, 0xe2, 0xff, 0x09, 0x00, 0xe2, 0xff, 0x09, 0x00, 0xe2, 0xff,
    0x09, 0x00, 0xe2, 0xff, 0x09, 0x00, 0xe2, 0xff, 0x09, 0x00, 0xe2, 0xff, 0x09, 0x00, 0xe2, 0xff,
    0x09, 0x00, 0xe2, 0xff, 0x09, 0x00, 0xe2, 0xff, 0x09, 0x00, 0xe2, 0xff, 0x09, 0x00, 0xe2, 0xff,
    0x09, 0x00, 0xe2, 0xff, 0x09, 0x00, 0xe2, 0xff, 0x09, 0x00, 0xe2, 0xff, 0x09, 0x00, 0xe2, 0xff,
    0x09, 0x00, 0xe2, 0xff, 0x09, 0x00, 0xe2, 0xff, 0x09, 0x00, 0xe2, 0xff, 0x09, 0x00, 0xe2, 0xff,
    0x09, 0x00, 0xe2, 0xff, 0x09, 0x00, 0xe2, 0xff, 0x09, 0x00, 0xe2, 0xff, 0x09, 0x00, 0xe2, 0xff,
    0x09, 0x00, 0xe2, 0xff, 0x09, 0x00, 0xe2, 0xff, 0x09, 0x00, 0xe2, 0xff, 0x09, 0x00, 0xe2, 0xff,
    0x09, 0x00, 0xe2, 0xff, 0x09, 0x00, 0xe2, 0xff, 0x09, 0x00, 0xe2, 0xff, 0x09, 0x00, 0xe2, 0xff,
    0x09, 0x00, 0xe2, 0xff, 0x09, 0x00, 0xe2, 0xff, 0x09, 0x00, 0xe2, 0xff, 0x09, 0x00, 0xe2, 0xff,
    0x09, 0x00, 0xe2, 0xff, 0x09, 0x00, 0xe2, 0xff, 0x09, 0x00, 0xe2, 0xff, 0x09, 0x00, 0xe2, 0xff,
    0x09, 0x00, 0xe2, 0xff, 0x09, 0x00, 0xe2, 0xff, 0x09, 0x00, 0xe2, 0xff, 0x09, 0x00, 0xe2, 0xff,
    0x09, 0x00, 0xe2, 0xff, 0x09, 0x00, 0xe2, 0xff, 0x09, 0x00, 0xe2, 0xff, 0x09, 0x00, 0xe2, 0xff,
    0x09, 0x00, 0xe2, 0xff, 0x09, 0x00, 0xe2, 0xff, 0x09, 0x00, 0xe2, 0xff, 0x09, 0x00, 0xe2, 0xff,
    0x09, 0x00, 0xe2, 0xff, 0x09, 0x00, 0xe2, 0xff, 0x09, 0x00, 0xe2, 0xff, 0x09, 0x00, 0xe2, 0xff,
    0x09, 0x00, 0xe2, 0xff, 0x09, 0x00, 0xe2, 0xff, 0x09, 0x00, 0xe2, 0xff, 0x09, 0x00, 0xe2, 0xff,
    0x09, 0x00, 0xe2, 0xff, 0x09, 0x00, 0xe2, 0xff, 0x09, 0x00, 0xe2, 0xff, 0x09, 0x00, 0xe2, 0xff,
    0x09, 0x00, 0xe2, 0xff, 0x09, 0x00, 0xe2, 0xff, 0x09, 0x00, 0xe2, 0xff, 0x09, 0x00, 0xe2, 0xff,
    0x09, 0x00, 0xe2, 0xff, 0x09, 0x00, 0xe2, 0xff, 0x09, 0x00, 0xe2, 0xff, 0x09, 0x00, 0xe2, 0xff,
    0x09, 0x00, 0xe2, 0xff, 0x09, 0x00, 0xe2, 0xff, 0x09, 0x00, 0xe2, 0xff, 0x09, 0x00, 0xe2, 0xff,
    0x09, 0x00, 0xe2, 0xff, 0x09, 0x00, 0xe2, 0xff, 0x09, 0x00, 0xe2, 0xff, 0x09, 0x00, 0xe2, 0xff,
    0x09, 0x00, 0xe2, 0xff, 0x09, 0x00, 0xe2, 0xff, 0x09, 0x00, 0xe2, 0xff, 0x09, 0x00, 0xe2, 0xff,
    0x09, 0x00, 0xe2, 0xff, 0x09, 0x00, 0xe2, 0xff, 0x09, 0x00, 0xe2, 0xff, 0x09, 0x00, 0xe2, 0xff,
    0x09, 0x00, 0xe2, 0xff, 0x09, 0x00, 0xe2, 0xff, 0x09, 0x00, 0xe2, 0xff, 0x09, 0x00, 0xe2, 0xff,
    0x09, 0x00, 0xe2, 0xff, 0x09, 0x00, 0xe2, 0xff, 0x09, 0x00, 0xe2, 0xff, 0x09, 0x00, 0xe2, 0xff,
    0x09, 0x00, 0xe2, 0xff, 0x09, 0x00, 0xe2, 0xff, 0x09, 0x00, 0xe2, 0xff, 0x09, 0x00, 0xe2, 0xff,
    0x09, 0x00, 0xe2, 0xff, 0x09, 0x00, 0xe2, 0xff, 0x09, 0x00, 0xe2, 0xff, 0x09, 0x00, 0xe2, 0xff,
    0x09, 0x00, 0xe2, 0xff, 0x09, 0x00, 0xe2, 0xff, 0x09, 0x00, 0xe2, 0xff, 0x09, 0x00, 0xe2, 0xff,
    0x09, 0x00, 0xe2, 0xff, 0x09, 0x00, 0xe2, 0xff, 0x09, 0x00, 0xe2, 0xff, 0x09, 0x00, 0xe2, 0xff,
    0x09, 0x00, 0xe2, 0xff, 0x09, 0x00, 0xe2, 0xff, 0x09, 0x00, 0xe2, 0xff, 0x09, 0x00, 0xe2, 0xff,
    0x09, 0x00, 0xe2, 0xff, 0x09, 0x00, 0xe2, 0xff, 0x09, 0x00, 0xe2, 0xff, 0x09, 0x00, 0xe2, 0xff,
    0x09, 0x00, 0xe2, 0xff, 0x09, 0x00, 0xe2, 0xff, 0x09, 0x00, 0xe2, 0xff, 0x09, 0x00, 0xe2, 0xff,
    0x09, 0x00, 0xe2, 0xff, 0x09, 0x00, 0xe2, 0xff, 0x09, 0x00, 0xe2, 0xff, 0x09, 0x00, 0xe2, 0xff,
    0x09, 0x00, 0xe2, 0xff, 0x09, 0x00, 0xe2, 0xff, 0x09, 0x00, 0xe2, 0xff, 0x09, 0x00, 0xe2, 0xff,
    0x09, 0x00, 0xe2, 0xff, 0x09, 0x00, 0xe2, 0xff, 0x09, 0x00, 0xe2, 0xff, 0x09, 0x00, 0xe2, 0xff,
    0x09, 0x00, 0xe2, 0xff, 0x09, 0x00, 0xe2, 0xff, 0x09, 0x00, 0xe2, 0xff, 0x09, 0x00, 0xe2, 0xff,
    0x09, 0x00, 0xe2, 0xff, 0x09, 0x00, 0xe2, 0xff, 0x09, 0x00, 0xe2, 0xff, 0x09, 0x00, 0xe2, 0xff,
    0x09, 0x00, 0xe2, 0xff, 0x09, 0x00, 0xe2, 0xff, 0x09, 0x00, 0xe2, 0xff, 0x09, 0x00, 0xe2, 0xff,
    0x09, 0x00, 0xe2, 0xff, 0x09, 0x00, 0xe2, 0xff, 0x09, 0x00, 0xe2, 0xff, 0x09, 0x00, 0xe2, 0xff,
    0x09, 0x00, 0xe2, 0xff, 0x09, 0x00, 0xe2, 0xff, 0x09, 0x00, 0xe2, 0xff, 0x09, 0x00, 0xe2, 0xff,
    0x09, 0x00, 0xe2, 0xff, 0x09, 0x00, 0xe2, 0xff, 0x09, 0x00, 0xe2, 0xff, 0x09, 0x00, 0xe2, 0xff,
    0x09, 0x00, 0xe2, 0xff, 0x09, 0x00, 0xe2, 0xff, 0x09, 0x00, 0xe2, 0xff, 0x09, 0x00, 0xe2, 0xff,
    0x09, 0x00, 0xe2, 0xff, 0x09, 0x00, 0xe2, 0xff, 0x09, 0x00, 0xe2, 0xff, 0x09, 0x00, 0xe2, 0xff,
    0x09, 0x00, 0xe2, 0xff, 0x09, 0x00, 0xe2, 0xff, 0x09, 0x00, 0xe2, 0xff, 0x09, 0x00, 0xe2, 0xff,
    0x09, 0x00, 0xe2, 0xff, 0x09, 0x00, 0xe2, 0xff, 0x09, 0x00, 0xe2, 0xff, 0x09, 0x00, 0xe2, 0xff,
    0x09, 0x00, 0xe2, 0xff, 0x09, 0x00, 0xe2, 0xff, 0x09, 0x00, 0xe2, 0xff, 0x09, 0x00, 0xe2, 0xff,
    0x09, 0x00, 0xe2, 0xff, 0x09, 0x00, 0xe2, 0xff, 0x09, 0x00, 0xe2, 0xff, 0x09, 0x00, 0xe2, 0xff,
    0x09, 0x00, 0xe2, 0xff, 0x09, 0x00, 0xe2, 0xff, 0x09, 0x00, 0xe2, 0xff, 0x09, 0x00, 0xe2, 0xff,
    0x09, 0x00, 0xe2, 0xff, 0x09, 0x00, 0xe2, 0xff, 0x09, 0x00, 0xe2, 0xff, 0x09, 0x00, 0xe2, 0xff,
    0x09, 0x00, 0xe2, 0xff, 0x09, 0x00, 0xe2, 0xff, 0x09, 0x00, 0xe2, 0xff, 0x09, 0x00, 0xe2, 0xff,
    0x09, 0x00, 0xe2, 0xff, 0x09, 0x00, 0xe2, 0xff, 0x09, 0x00, 0xe2, 0xff, 0x09, 0x00, 0xe2, 0xff,
    0x09, 0x00, 0xe2, 0xff, 0x09, 0x00, 0xe2, 0xff, 0x09, 0x00, 0xe2, 0xff, 0x09, 0x00, 0xe2, 0xff,
    0x09, 0x00, 0xe2, 0xff, 0x09, 0x00, 0xe2, 0xff, 0x09, 0x00, 0xe2, 0xff, 0x09, 0x00, 0xe2, 0xff,
    0x09, 0x00, 0xe2, 0xff, 0x09, 0x00, 0xe2, 0xff, 0x09, 0x00, 0xe2, 0xff, 0x09, 0x00, 0xe2, 0xff,
    0x09, 0x00, 0xe2, 0xff, 0x09, 0x00, 0xe2, 0xff, 0x09, 0x00, 0xe2, 0xff, 0x09, 0x00, 0xe2, 0xff,
    0x09, 0x00, 0xe2, 0xff, 0x09, 0x00, 0xe2, 0xff, 0x09, 0x00, 0xe2, 0xff, 0x09, 0x00, 0xe2, 0xff,
    0x09, 0x00, 0xe2, 0xff, 0x09, 0x00, 0xe2, 0xff, 0x09, 0x00, 0xe2, 0xff, 0x09, 0x00, 0xe2, 0xff,
    0x09, 0x00, 0xe2, 0xff, 0x09, 0x00, 0xe2, 0xff, 0x09, 0x00, 0xe2, 0xff, 0x09, 0x00, 0xe2, 0xff,
    0x09, 0x00, 0xe2, 0xff, 0x09, 0x00, 0xe2, 0xff, 0x09, 0x00, 0xe2, 0xff, 0x09, 0x00, 0xe2, 0xff,
    0x09, 0x00, 0xe2, 0xff, 0x09, 0x00, 0xe2, 0xff, 0x09, 0x00, 0xe2, 0xff, 0x09, 0x00, 0xe2, 0xff,
    0x09, 0x00, 0xe2, 0xff, 0x09, 0x00, 0xe2, 0xff, 0x09, 0x00, 0xe2, 0xff, 0x09, 0x00, 0xe2, 0xff,
    0x09, 0x00, 0xe2, 0xff, 0x09, 0x00, 0xe2, 0xff, 0x09, 0x00, 0xe2, 0xff, 0x09, 0x00, 0xe2, 0xff,
    0x09, 0x00, 0xe2, 0xff, 0x09, 0x00, 0xe2, 0xff, 0x09, 0x00, 0xe2, 0xff, 0x09, 0x00, 0xe2, 0xff,
    0x09, 0x00, 0xe1, 0xfe, 0x09, 0x00, 0xe2, 0xfb, 0x09, 0x00, 0xe1, 0xfe, 0x09, 0x00, 0xeb, 0xff,
    0x0a, 0x00, 0xf0, 0xff, 0x08, 0x00, 0xe5, 0xe7, 0x08, 0x00, 0xe4, 0x91, 0x0b, 0x00, 0xe3, 0x2e,
    0x00, 0x00, 0x00, 0x00, 0x00, 0x00, 0x00, 0x00, 0x00, 0x00, 0xff, 0x01, 0x00, 0x00, 0xff, 0x03,
    0x00, 0x00, 0x00, 0x00, 0x00, 0x00, 0x00, 0x00, 0x00, 0x00, 0x00, 0x00, 0x00, 0x00, 0x00, 0x00,
    0x00, 0x00, 0x00, 0x00, 0x00, 0x00, 0x00, 0x00, 0x00, 0x00, 0x00, 0x00, 0x00, 0x00, 0x00, 0x00,
    0x00, 0x00, 0x00, 0x00, 0x00, 0x00, 0x00, 0x00, 0x00, 0x00, 0x00, 0x00, 0x00, 0x00, 0x00, 0x00,
    0x00, 0x00, 0x00, 0x00, 0x00, 0x00, 0x00, 0x00, 0x00, 0x00, 0x00, 0x00, 0x00, 0x00, 0x00, 0x00,
    0x00, 0x00, 0x00, 0x00, 0x00, 0x00, 0x00, 0x00, 0x00, 0x00, 0x00, 0x00, 0x00, 0x00, 0x00, 0x00,
    0x00, 0x00, 0x00, 0x00, 0x00, 0x00, 0x00, 0x00, 0x00, 0x00, 0x00, 0x00, 0x00, 0x00, 0x00, 0x00,
    0x00, 0x00, 0x00, 0x00, 0x00, 0x00, 0x00, 0x00, 0x00, 0x00, 0x00, 0x00, 0x00, 0x00, 0x00, 0x00,
    0x00, 0x00, 0x00, 0x00, 0x00, 0x00, 0x00, 0x00, 0x00, 0x00, 0x00, 0x00, 0x00, 0x00, 0x00, 0x00,
    0x00, 0x00, 0x00, 0x00, 0x00, 0x00, 0x00, 0x00, 0x00, 0x00, 0x00, 0x00, 0x00, 0x00, 0x00, 0x00,
    0x00, 0x00, 0x00, 0x00, 0x00, 0x00, 0x00, 0x00, 0x00, 0x00, 0x00, 0x00, 0x00, 0x00, 0x00, 0x00,
    0x00, 0x00, 0x00, 0x00, 0x00, 0x00, 0x00, 0x00, 0x00, 0x00, 0xaa, 0x03, 0x00, 0x00, 0xff, 0x02,
    0x00, 0x00, 0x00, 0x00, 0x00, 0x00, 0x00, 0x00, 0x0c, 0x00, 0xe5, 0x14, 0x09, 0x00, 0xe4, 0x6b,
    0x08, 0x00, 0xe5, 0xc8, 0x09, 0x00, 0xe7, 0xff, 0x0a, 0x00, 0xf1, 0xff, 0x09, 0x00, 0xe7, 0xff,
    0x09, 0x00, 0xe1, 0xfc, 0x09, 0x00, 0xe1, 0xfc, 0x09, 0x00, 0xe1, 0xfe, 0x09, 0x00, 0xe2, 0xff,
    0x09, 0x00, 0xe2, 0xff, 0x09, 0x00, 0xe2, 0xff, 0x09, 0x00, 0xe2, 0xff, 0x09, 0x00, 0xe2, 0xff,
    0x09, 0x00, 0xe2, 0xff, 0x09, 0x00, 0xe2, 0xff, 0x09, 0x00, 0xe2, 0xff, 0x09, 0x00, 0xe2, 0xff,
    0x09, 0x00, 0xe2, 0xff, 0x09, 0x00, 0xe2, 0xff, 0x09, 0x00, 0xe2, 0xff, 0x09, 0x00, 0xe2, 0xff,
    0x09, 0x00, 0xe2, 0xff, 0x09, 0x00, 0xe2, 0xff, 0x09, 0x00, 0xe2, 0xff, 0x09, 0x00, 0xe2, 0xff,
    0x09, 0x00, 0xe2, 0xff, 0x09, 0x00, 0xe2, 0xff, 0x09, 0x00, 0xe2, 0xff, 0x09, 0x00, 0xe2, 0xff,
    0x09, 0x00, 0xe2, 0xff, 0x09, 0x00, 0xe2, 0xff, 0x09, 0x00, 0xe2, 0xff, 0x09, 0x00, 0xe2, 0xff,
    0x09, 0x00, 0xe2, 0xff, 0x09, 0x00, 0xe2, 0xff, 0x09, 0x00, 0xe2, 0xff, 0x09, 0x00, 0xe2, 0xff,
    0x09, 0x00, 0xe2, 0xff, 0x09, 0x00, 0xe2, 0xff, 0x09, 0x00, 0xe2, 0xff, 0x09, 0x00, 0xe2, 0xff,
    0x09, 0x00, 0xe2, 0xff, 0x09, 0x00, 0xe2, 0xff, 0x09, 0x00, 0xe2, 0xff, 0x09, 0x00, 0xe2, 0xff,
    0x09, 0x00, 0xe2, 0xff, 0x09, 0x00, 0xe2, 0xff, 0x09, 0x00, 0xe2, 0xff, 0x09, 0x00, 0xe2, 0xff,
    0x09, 0x00, 0xe2, 0xff, 0x09, 0x00, 0xe2, 0xff, 0x09, 0x00, 0xe2, 0xff, 0x09, 0x00, 0xe2, 0xff,
    0x09, 0x00, 0xe2, 0xff, 0x09, 0x00, 0xe2, 0xff, 0x09, 0x00, 0xe2, 0xff, 0x09, 0x00, 0xe2, 0xff,
    0x09, 0x00, 0xe2, 0xff, 0x09, 0x00, 0xe2, 0xff, 0x09, 0x00, 0xe2, 0xff, 0x09, 0x00, 0xe2, 0xff,
    0x09, 0x00, 0xe2, 0xff, 0x09, 0x00, 0xe2, 0xff, 0x09, 0x00, 0xe2, 0xff, 0x09, 0x00, 0xe2, 0xff,
    0x09, 0x00, 0xe2, 0xff, 0x09, 0x00, 0xe2, 0xff, 0x09, 0x00, 0xe2, 0xff, 0x09, 0x00, 0xe2, 0xff,
    0x09, 0x00, 0xe2, 0xff, 0x09, 0x00, 0xe2, 0xff, 0x09, 0x00, 0xe2, 0xff, 0x09, 0x00, 0xe2, 0xff,
    0x09, 0x00, 0xe2, 0xff, 0x09, 0x00, 0xe2, 0xff, 0x09, 0x00, 0xe2, 0xff, 0x09, 0x00, 0xe2, 0xff,
    0x09, 0x00, 0xe2, 0xff, 0x09, 0x00, 0xe2, 0xff, 0x09, 0x00, 0xe2, 0xff, 0x09, 0x00, 0xe2, 0xff,
    0x09, 0x00, 0xe2, 0xff, 0x09, 0x00, 0xe2, 0xff, 0x09, 0x00, 0xe2, 0xff, 0x09, 0x00, 0xe2, 0xff,
    0x09, 0x00, 0xe2, 0xff, 0x09, 0x00, 0xe2, 0xff, 0x09, 0x00, 0xe2, 0xff, 0x09, 0x00, 0xe2, 0xff,
    0x09, 0x00, 0xe2, 0xff, 0x09, 0x00, 0xe2, 0xff, 0x09, 0x00, 0xe2, 0xff, 0x09, 0x00, 0xe2, 0xff,
    0x09, 0x00, 0xe2, 0xff, 0x09, 0x00, 0xe2, 0xff, 0x09, 0x00, 0xe2, 0xff, 0x09, 0x00, 0xe2, 0xff,
    0x09, 0x00, 0xe2, 0xff, 0x09, 0x00, 0xe2, 0xff, 0x09, 0x00, 0xe2, 0xff, 0x09, 0x00, 0xe2, 0xff,
    0x09, 0x00, 0xe2, 0xff, 0x09, 0x00, 0xe2, 0xff, 0x09, 0x00, 0xe2, 0xff, 0x09, 0x00, 0xe2, 0xff,
    0x09, 0x00, 0xe2, 0xff, 0x09, 0x00, 0xe2, 0xff, 0x09, 0x00, 0xe2, 0xff, 0x09, 0x00, 0xe2, 0xff,
    0x09, 0x00, 0xe2, 0xff, 0x09, 0x00, 0xe2, 0xff, 0x09, 0x00, 0xe2, 0xff, 0x09, 0x00, 0xe2, 0xff,
    0x09, 0x00, 0xe2, 0xff, 0x09, 0x00, 0xe2, 0xff, 0x09, 0x00, 0xe2, 0xff, 0x09, 0x00, 0xe2, 0xff,
    0x09, 0x00, 0xe2, 0xff, 0x09, 0x00, 0xe2, 0xff, 0x09, 0x00, 0xe2, 0xff, 0x09, 0x00, 0xe2, 0xff,
    0x09, 0x00, 0xe2, 0xff, 0x09, 0x00, 0xe2, 0xff, 0x09, 0x00, 0xe2, 0xff, 0x09, 0x00, 0xe2, 0xff,
    0x09, 0x00, 0xe2, 0xff, 0x09, 0x00, 0xe2, 0xff, 0x09, 0x00, 0xe2, 0xff, 0x09, 0x00, 0xe2, 0xff,
    0x09, 0x00, 0xe2, 0xff, 0x09, 0x00, 0xe2, 0xff, 0x09, 0x00, 0xe2, 0xff, 0x09, 0x00, 0xe2, 0xff,
    0x09, 0x00, 0xe2, 0xff, 0x09, 0x00, 0xe2, 0xff, 0x09, 0x00, 0xe2, 0xff, 0x09, 0x00, 0xe2, 0xff,
    0x09, 0x00, 0xe2, 0xff, 0x09, 0x00, 0xe2, 0xff, 0x09, 0x00, 0xe2, 0xff, 0x09, 0x00, 0xe2, 0xff,
    0x09, 0x00, 0xe2, 0xff, 0x09, 0x00, 0xe2, 0xff, 0x09, 0x00, 0xe2, 0xff, 0x09, 0x00, 0xe2, 0xff,
    0x09, 0x00, 0xe2, 0xff, 0x09, 0x00, 0xe2, 0xff, 0x09, 0x00, 0xe2, 0xff, 0x09, 0x00, 0xe2, 0xff,
    0x09, 0x00, 0xe2, 0xff, 0x09, 0x00, 0xe2, 0xff, 0x09, 0x00, 0xe2, 0xff, 0x09, 0x00, 0xe2, 0xff,
    0x09, 0x00, 0xe2, 0xff, 0x09, 0x00, 0xe2, 0xff, 0x09, 0x00, 0xe2, 0xff, 0x09, 0x00, 0xe2, 0xff,
    0x09, 0x00, 0xe2, 0xff, 0x09, 0x00, 0xe2, 0xff, 0x09, 0x00, 0xe2, 0xff, 0x09, 0x00, 0xe2, 0xff,
    0x09, 0x00, 0xe2, 0xff, 0x09, 0x00, 0xe2, 0xff, 0x09, 0x00, 0xe2, 0xff, 0x09, 0x00, 0xe2, 0xff,
    0x09, 0x00, 0xe2, 0xff, 0x09, 0x00, 0xe2, 0xff, 0x09, 0x00, 0xe2, 0xff, 0x09, 0x00, 0xe2, 0xff,
    0x09, 0x00, 0xe2, 0xff, 0x09, 0x00, 0xe2, 0xff, 0x09, 0x00, 0xe2, 0xff, 0x09, 0x00, 0xe2, 0xff,
    0x09, 0x00, 0xe2, 0xff, 0x09, 0x00, 0xe2, 0xff, 0x09, 0x00, 0xe2, 0xff, 0x09, 0x00, 0xe2, 0xff,
    0x09, 0x00, 0xe2, 0xff, 0x09, 0x00, 0xe2, 0xff, 0x09, 0x00, 0xe2, 0xff, 0x09, 0x00, 0xe2, 0xff,
    0x09, 0x00, 0xe2, 0xff, 0x09, 0x00, 0xe2, 0xff, 0x09, 0x00, 0xe2, 0xff, 0x09, 0x00, 0xe2, 0xff,
    0x09, 0x00, 0xe2, 0xff, 0x09, 0x00, 0xe2, 0xff, 0x09, 0x00, 0xe2, 0xff, 0x09, 0x00, 0xe2, 0xff,
    0x09, 0x00, 0xe2, 0xff, 0x09, 0x00, 0xe2, 0xff, 0x09, 0x00, 0xe2, 0xff, 0x09, 0x00, 0xe2, 0xff,
    0x09, 0x00, 0xe2, 0xff, 0x09, 0x00, 0xe2, 0xff, 0x09, 0x00, 0xe2, 0xff, 0x09, 0x00, 0xe2, 0xff,
    0x09, 0x00, 0xe2, 0xff, 0x09, 0x00, 0xe2, 0xff, 0x09, 0x00, 0xe2, 0xff, 0x09, 0x00, 0xe2, 0xff,
    0x09, 0x00, 0xe2, 0xff, 0x09, 0x00, 0xe2, 0xff, 0x09, 0x00, 0xe2, 0xff, 0x09, 0x00, 0xe2, 0xff,
    0x09, 0x00, 0xe2, 0xff, 0x09, 0x00, 0xe2, 0xff, 0x09, 0x00, 0xe2, 0xff, 0x09, 0x00, 0xe2, 0xff,
    0x09, 0x00, 0xe2, 0xff, 0x09, 0x00, 0xe2, 0xff, 0x09, 0x00, 0xe2, 0xff, 0x09, 0x00, 0xe2, 0xff,
    0x09, 0x00, 0xe2, 0xff, 0x09, 0x00, 0xe2, 0xff, 0x09, 0x00, 0xe2, 0xff, 0x09, 0x00, 0xe2, 0xff,
    0x09, 0x00, 0xe2, 0xff, 0x09, 0x00, 0xe2, 0xff, 0x09, 0x00, 0xe2, 0xff, 0x09, 0x00, 0xe2, 0xff,
    0x09, 0x00, 0xe2, 0xff, 0x09, 0x00, 0xe2, 0xff, 0x09, 0x00, 0xe2, 0xff, 0x09, 0x00, 0xe2, 0xff,
    0x09, 0x00, 0xe2, 0xff, 0x09, 0x00, 0xe2, 0xff, 0x09, 0x00, 0xe2, 0xff, 0x09, 0x00, 0xe2, 0xff,
    0x09, 0x00, 0xe2, 0xff, 0x09, 0x00, 0xe2, 0xff, 0x09, 0x00, 0xe2, 0xff, 0x09, 0x00, 0xe2, 0xff,
    0x09, 0x00, 0xe2, 0xff, 0x09, 0x00, 0xe2, 0xff, 0x09, 0x00, 0xe2, 0xff, 0x09, 0x00, 0xe2, 0xff,
    0x09, 0x00, 0xe2, 0xff, 0x09, 0x00, 0xe2, 0xff, 0x09, 0x00, 0xe2, 0xff, 0x09, 0x00, 0xe2, 0xff,
    0x09, 0x00, 0xe2, 0xff, 0x09, 0x00, 0xe2, 0xff, 0x09, 0x00, 0xe2, 0xff, 0x09, 0x00, 0xe2, 0xff,
    0x09, 0x00, 0xe2, 0xff, 0x09, 0x00, 0xe2, 0xff, 0x09, 0x00, 0xe2, 0xff, 0x09, 0x00, 0xe2, 0xff,
    0x09, 0x00, 0xe2, 0xff, 0x09, 0x00, 0xe2, 0xff, 0x09, 0x00, 0xe2, 0xff, 0x09, 0x00, 0xe2, 0xff,
    0x09, 0x00, 0xe2, 0xff, 0x09, 0x00, 0xe2, 0xff, 0x09, 0x00, 0xe2, 0xff, 0x09, 0x00, 0xe2, 0xff,
    0x09, 0x00, 0xe2, 0xff, 0x09, 0x00, 0xe1, 0xfe, 0x09, 0x00, 0xe1, 0xfc, 0x09, 0x00, 0xe1, 0xfc,
    0x09, 0x00, 0xe6, 0xff, 0x0a, 0x00, 0xf0, 0xff, 0x09, 0x00, 0xe8, 0xff, 0x08, 0x00, 0xe4, 0xca,
    0x09, 0x00, 0xe5, 0x6c, 0x0c, 0x00, 0xe6, 0x15, 0x00, 0x00, 0x00, 0x00, 0x00, 0x00, 0x00, 0x00,
    0x00, 0x00, 0xff, 0x02, 0x00, 0x00, 0xaa, 0x03, 0x00, 0x00, 0x00, 0x00, 0x00, 0x00, 0x00, 0x00,
    0x00, 0x00, 0x00, 0x00, 0x00, 0x00, 0x00, 0x00, 0x00, 0x00, 0x00, 0x00, 0x00, 0x00, 0x00, 0x00,
    0x00, 0x00, 0x00, 0x00, 0x00, 0x00, 0x00, 0x00, 0x00, 0x00, 0x00, 0x00, 0x00, 0x00, 0x00, 0x00,
    0x00, 0x00, 0x00, 0x00, 0x00, 0x00, 0x00, 0x00, 0x00, 0x00, 0x00, 0x00, 0x00, 0x00, 0x00, 0x00,
    0x00, 0x00, 0x00, 0x00, 0x00, 0x00, 0x00, 0x00, 0x00, 0x00, 0x00, 0x00, 0x00, 0x00, 0x00, 0x00,
    0x00, 0x00, 0x00, 0x00, 0x00, 0x00, 0x00, 0x00, 0x00, 0x00, 0x00, 0x00, 0x00, 0x00, 0x00, 0x00,
    0x00, 0x00, 0x00, 0x00, 0x00, 0x00, 0x00, 0x00, 0x00, 0x00, 0x00, 0x00, 0x00, 0x00, 0x00, 0x00,
    0x00, 0x00, 0x00, 0x00, 0x00, 0x00, 0x00, 0x00, 0x00, 0x00, 0x00, 0x00, 0x00, 0x00, 0x00, 0x00,
    0x00, 0x00, 0x00, 0x00, 0x00, 0x00, 0x00, 0x00, 0x00, 0x00, 0x00, 0x00, 0x00, 0x00, 0x00, 0x00,
    0x00, 0x00, 0x00, 0x00, 0x00, 0x00, 0x00, 0x00, 0x00, 0x00, 0x00, 0x00, 0x00, 0x00, 0x00, 0x00,
    0x00, 0x00, 0x00, 0x00, 0x00, 0x00, 0x00, 0x00, 0x00, 0x00, 0x00, 0x00, 0x00, 0x00, 0x00, 0x00,
    0x00, 0x00, 0x00, 0x00, 0x00, 0x00, 0x00, 0x00, 0x00, 0x00, 0x00, 0x00, 0x00, 0x00, 0x00, 0x00,
    0x00, 0x00, 0xff, 0x02, 0x00, 0x00, 0xff, 0x03, 0x00, 0x00, 0x00, 0x00, 0x00, 0x00, 0x00, 0x00,
    0x00, 0x00, 0x00, 0x00, 0x08, 0x00, 0xe5, 0x3d, 0x08, 0x00, 0xe4, 0x98, 0x08, 0x00, 0xe5, 0xe6,
    0x09, 0x00, 0xef, 0xff, 0x09, 0x00, 0xee, 0xff, 0x09, 0x00, 0xe4, 0xff, 0x09, 0x00, 0xe1, 0xfc,
    0x09, 0x00, 0xe1, 0xfc, 0x09, 0x00, 0xe1, 0xfe, 0x09, 0x00, 0xe2, 0xff, 0x09, 0x00, 0xe2, 0xff,
    0x09, 0x00, 0xe2, 0xff, 0x09, 0x00, 0xe2, 0xff, 0x09, 0x00, 0xe2, 0xff, 0x09, 0x00, 0xe2, 0xff,
    0x09, 0x00, 0xe2, 0xff, 0x09, 0x00, 0xe2, 0xff, 0x09, 0x00, 0xe2, 0xff, 0x09, 0x00, 0xe2, 0xff,
    0x09, 0x00, 0xe2, 0xff, 0x09, 0x00, 0xe2, 0xff, 0x09, 0x00, 0xe2, 0xff, 0x09, 0x00, 0xe2, 0xff,
    0x09, 0x00, 0xe2, 0xff, 0x09, 0x00, 0xe2, 0xff, 0x09, 0x00, 0xe2, 0xff, 0x09, 0x00, 0xe2, 0xff,
    0x09, 0x00, 0xe2, 0xff, 0x09, 0x00, 0xe2, 0xff, 0x09, 0x00, 0xe2, 0xff, 0x09, 0x00, 0xe2, 0xff,
    0x09, 0x00, 0xe2, 0xff, 0x09, 0x00, 0xe2, 0xff, 0x09, 0x00, 0xe2, 0xff, 0x09, 0x00, 0xe2, 0xff,
    0x09, 0x00, 0xe2, 0xff, 0x09, 0x00, 0xe2, 0xff, 0x09, 0x00, 0xe2, 0xff, 0x09, 0x00, 0xe2, 0xff,
    0x09, 0x00, 0xe2, 0xff, 0x09, 0x00, 0xe2, 0xff, 0x09, 0x00, 0xe2, 0xff, 0x09, 0x00, 0xe2, 0xff,
    0x09, 0x00, 0xe2, 0xff, 0x09, 0x00, 0xe2, 0xff, 0x09, 0x00, 0xe2, 0xff, 0x09, 0x00, 0xe2, 0xff,
    0x09, 0x00, 0xe2, 0xff, 0x09, 0x00, 0xe2, 0xff, 0x09, 0x00, 0xe2, 0xff, 0x09, 0x00, 0xe2, 0xff,
    0x09, 0x00, 0xe2, 0xff, 0x09, 0x00, 0xe2, 0xff, 0x09, 0x00, 0xe2, 0xff, 0x09, 0x00, 0xe2, 0xff,
    0x09, 0x00, 0xe2, 0xff, 0x09, 0x00, 0xe2, 0xff, 0x09, 0x00, 0xe2, 0xff, 0x09, 0x00, 0xe2, 0xff,
    0x09, 0x00, 0xe2, 0xff, 0x09, 0x00, 0xe2, 0xff, 0x09, 0x00, 0xe2, 0xff, 0x09, 0x00, 0xe2, 0xff,
    0x09, 0x00, 0xe2, 0xff, 0x09, 0x00, 0xe2, 0xff, 0x09, 0x00, 0xe2, 0xff, 0x09, 0x00, 0xe2, 0xff,
    0x09, 0x00, 0xe2, 0xff, 0x09, 0x00, 0xe2, 0xff, 0x09, 0x00, 0xe2, 0xff, 0x09, 0x00, 0xe2, 0xff,
    0x09, 0x00, 0xe2, 0xff, 0x09, 0x00, 0xe2, 0xff, 0x09, 0x00, 0xe2, 0xff, 0x09, 0x00, 0xe2, 0xff,
    0x09, 0x00, 0xe2, 0xff, 0x09, 0x00, 0xe2, 0xff, 0x09, 0x00, 0xe2, 0xff, 0x09, 0x00, 0xe2, 0xff,
    0x09, 0x00, 0xe2, 0xff, 0x09, 0x00, 0xe2, 0xff, 0x09, 0x00, 0xe2, 0xff, 0x09, 0x00, 0xe2, 0xff,
    0x09, 0x00, 0xe2, 0xff, 0x09, 0x00, 0xe2, 0xff, 0x09, 0x00, 0xe2, 0xff, 0x09, 0x00, 0xe2, 0xff,
    0x09, 0x00, 0xe2, 0xff, 0x09, 0x00, 0xe2, 0xff, 0x09, 0x00, 0xe2, 0xff, 0x09, 0x00, 0xe2, 0xff,
    0x09, 0x00, 0xe2, 0xff, 0x09, 0x00, 0xe2, 0xff, 0x09, 0x00, 0xe2, 0xff, 0x09, 0x00, 0xe2, 0xff,
    0x09, 0x00, 0xe2, 0xff, 0x09, 0x00, 0xe2, 0xff, 0x09, 0x00, 0xe2, 0xff, 0x09, 0x00, 0xe2, 0xff,
    0x09, 0x00, 0xe2, 0xff, 0x09, 0x00, 0xe2, 0xff, 0x09, 0x00, 0xe2, 0xff, 0x09, 0x00, 0xe2, 0xff,
    0x09, 0x00, 0xe2, 0xff, 0x09, 0x00, 0xe2, 0xff, 0x09, 0x00, 0xe2, 0xff, 0x09, 0x00, 0xe2, 0xff,
    0x09, 0x00, 0xe2, 0xff, 0x09, 0x00, 0xe2, 0xff, 0x09, 0x00, 0xe2, 0xff, 0x09, 0x00, 0xe2, 0xff,
    0x09, 0x00, 0xe2, 0xff, 0x09, 0x00, 0xe2, 0xff, 0x09, 0x00, 0xe2, 0xff, 0x09, 0x00, 0xe2, 0xff,
    0x09, 0x00, 0xe2, 0xff, 0x09, 0x00, 0xe2, 0xff, 0x09, 0x00, 0xe2, 0xff, 0x09, 0x00, 0xe2, 0xff,
    0x09, 0x00, 0xe2, 0xff, 0x09, 0x00, 0xe2, 0xff, 0x09, 0x00, 0xe2, 0xff, 0x09, 0x00, 0xe2, 0xff,
    0x09, 0x00, 0xe2, 0xff, 0x09, 0x00, 0xe2, 0xff, 0x09, 0x00, 0xe2, 0xff, 0x09, 0x00, 0xe2, 0xff,
    0x09, 0x00, 0xe2, 0xff, 0x09, 0x00, 0xe2, 0xff, 0x09, 0x00, 0xe2, 0xff, 0x09, 0x00, 0xe2, 0xff,
    0x09, 0x00, 0xe2, 0xff, 0x09, 0x00, 0xe2, 0xff, 0x09, 0x00, 0xe2, 0xff, 0x09, 0x00, 0xe2, 0xff,
    0x09, 0x00, 0xe2, 0xff, 0x09, 0x00, 0xe2, 0xff, 0x09, 0x00, 0xe2, 0xff, 0x09, 0x00, 0xe2, 0xff,
    0x09, 0x00, 0xe2, 0xff, 0x09, 0x00, 0xe2, 0xff, 0x09, 0x00, 0xe2, 0xff, 0x09, 0x00, 0xe2, 0xff,
    0x09, 0x00, 0xe2, 0xff, 0x09, 0x00, 0xe2, 0xff, 0x09, 0x00, 0xe2, 0xff, 0x09, 0x00, 0xe2, 0xff,
    0x09, 0x00, 0xe2, 0xff, 0x09, 0x00, 0xe2, 0xff, 0x09, 0x00, 0xe2, 0xff, 0x09, 0x00, 0xe2, 0xff,
    0x09, 0x00, 0xe2, 0xff, 0x09, 0x00, 0xe2, 0xff, 0x09, 0x00, 0xe2, 0xff, 0x09, 0x00, 0xe2, 0xff,
    0x09, 0x00, 0xe2, 0xff, 0x09, 0x00, 0xe2, 0xff, 0x09, 0x00, 0xe2, 0xff, 0x09, 0x00, 0xe2, 0xff,
    0x09, 0x00, 0xe2, 0xff, 0x09, 0x00, 0xe2, 0xff, 0x09, 0x00, 0xe2, 0xff, 0x09, 0x00, 0xe2, 0xff,
    0x09, 0x00, 0xe2, 0xff, 0x09, 0x00, 0xe2, 0xff, 0x09, 0x00, 0xe2, 0xff, 0x09, 0x00, 0xe2, 0xff,
    0x09, 0x00, 0xe2, 0xff, 0x09, 0x00, 0xe2, 0xff, 0x09, 0x00, 0xe2, 0xff, 0x09, 0x00, 0xe2, 0xff,
    0x09, 0x00, 0xe2, 0xff, 0x09, 0x00, 0xe2, 0xff, 0x09, 0x00, 0xe2, 0xff, 0x09, 0x00, 0xe2, 0xff,
    0x09, 0x00, 0xe2, 0xff, 0x09, 0x00, 0xe2, 0xff, 0x09, 0x00, 0xe2, 0xff, 0x09, 0x00, 0xe2, 0xff,
    0x09, 0x00, 0xe2, 0xff, 0x09, 0x00, 0xe2, 0xff, 0x09, 0x00, 0xe2, 0xff, 0x09, 0x00, 0xe2, 0xff,
    0x09, 0x00, 0xe2, 0xff, 0x09, 0x00, 0xe2, 0xff, 0x09, 0x00, 0xe2, 0xff, 0x09, 0x00, 0xe2, 0xff,
    0x09, 0x00, 0xe2, 0xff, 0x09, 0x00, 0xe2, 0xff, 0x09, 0x00, 0xe2, 0xff, 0x09, 0x00, 0xe2, 0xff,
    0x09, 0x00, 0xe2, 0xff, 0x09, 0x00, 0xe2, 0xff, 0x09, 0x00, 0xe2, 0xff, 0x09, 0x00, 0xe2, 0xff,
    0x09, 0x00, 0xe2, 0xff, 0x09, 0x00, 0xe2, 0xff, 0x09, 0x00, 0xe2, 0xff, 0x09, 0x00, 0xe2, 0xff,
    0x09, 0x00, 0xe2, 0xff, 0x09, 0x00, 0xe2, 0xff, 0x09, 0x00, 0xe2, 0xff, 0x09, 0x00, 0xe2, 0xff,
    0x09, 0x00, 0xe2, 0xff, 0x09, 0x00, 0xe2, 0xff, 0x09, 0x00, 0xe2, 0xff, 0x09, 0x00, 0xe2, 0xff,
    0x09, 0x00, 0xe2, 0xff, 0x09, 0x00, 0xe2, 0xff, 0x09, 0x00, 0xe2, 0xff, 0x09, 0x00, 0xe2, 0xff,
    0x09, 0x00, 0xe2, 0xff, 0x09, 0x00, 0xe2, 0xff, 0x09, 0x00, 0xe2, 0xff, 0x09, 0x00, 0xe2, 0xff,
    0x09, 0x00, 0xe2, 0xff, 0x09, 0x00, 0xe2, 0xff, 0x09, 0x00, 0xe2, 0xff, 0x09, 0x00, 0xe2, 0xff,
    0x09, 0x00, 0xe2, 0xff, 0x09, 0x00, 0xe2, 0xff, 0x09, 0x00, 0xe2, 0xff, 0x09, 0x00, 0xe2, 0xff,
    0x09, 0x00, 0xe2, 0xff, 0x09, 0x00, 0xe2, 0xff, 0x09, 0x00, 0xe2, 0xff, 0x09, 0x00, 0xe2, 0xff,
    0x09, 0x00, 0xe2, 0xff, 0x09, 0x00, 0xe2, 0xff, 0x09, 0x00, 0xe2, 0xff, 0x09, 0x00, 0xe2, 0xff,
    0x09, 0x00, 0xe2, 0xff, 0x09, 0x00, 0xe2, 0xff, 0x09, 0x00, 0xe2, 0xff, 0x09, 0x00, 0xe2, 0xff,
    0x09, 0x00, 0xe2, 0xff, 0x09, 0x00, 0xe2, 0xff, 0x09, 0x00, 0xe2, 0xff, 0x09, 0x00, 0xe2, 0xff,
    0x09, 0x00, 0xe2, 0xff, 0x09, 0x00, 0xe2, 0xff, 0x09, 0x00, 0xe2, 0xff, 0x09, 0x00, 0xe2, 0xff,
    0x09, 0x00, 0xe2, 0xff, 0x09, 0x00, 0xe2, 0xff, 0x09, 0x00, 0xe2, 0xff, 0x09, 0x00, 0xe2, 0xff,
    0x09, 0x00, 0xe2, 0xff, 0x09, 0x00, 0xe2, 0xff, 0x09, 0x00, 0xe2, 0xff, 0x09, 0x00, 0xe2, 0xff,
    0x09, 0x00, 0xe2, 0xff, 0x09, 0x00, 0xe2, 0xff, 0x09, 0x00, 0xe1, 0xfe, 0x09, 0x00, 0xe2, 0xfc,
    0x09, 0x00, 0xe1, 0xfc, 0x09, 0x00, 0xe4, 0xff, 0x09, 0x00, 0xee, 0xff, 0x09, 0x00, 0xef, 0xff,
    0x08, 0x00, 0xe4, 0xe7, 0x08, 0x00, 0xe2, 0x9a, 0x08, 0x00, 0xe6, 0x3e, 0x00, 0x00, 0x00, 0x00,
    0x00, 0x00, 0x00, 0x00, 0x00, 0x00, 0x00, 0x00, 0x00, 0x00, 0xff, 0x03, 0x00, 0x00, 0xff, 0x02,
    0x00, 0x00, 0x00, 0x00, 0x00, 0x00, 0x00, 0x00, 0x00, 0x00, 0x00, 0x00, 0x00, 0x00, 0x00, 0x00,
    0x00, 0x00, 0x00, 0x00, 0x00, 0x00, 0x00, 0x00, 0x00, 0x00, 0x00, 0x00, 0x00, 0x00, 0x00, 0x00,
    0x00, 0x00, 0x00, 0x00, 0x00, 0x00, 0x00, 0x00, 0x00, 0x00, 0x00, 0x00, 0x00, 0x00, 0x00, 0x00,
    0x00, 0x00, 0x00, 0x00, 0x00, 0x00, 0x00, 0x00, 0x00, 0x00, 0x00, 0x00, 0x00, 0x00, 0x00, 0x00,
    0x00, 0x00, 0x00, 0x00, 0x00, 0x00, 0x00, 0x00, 0x00, 0x00, 0x00, 0x00, 0x00, 0x00, 0x00, 0x00,
    0x00, 0x00, 0x00, 0x00, 0x00, 0x00, 0x00, 0x00, 0x00, 0x00, 0x00, 0x00, 0x00, 0x00, 0x00, 0x00,
    0x00, 0x00, 0x00, 0x00, 0x00, 0x00, 0x00, 0x00, 0x00, 0x00, 0x00, 0x00, 0x00, 0x00, 0x00, 0x00,
    0x00, 0x00, 0x00, 0x00, 0x00, 0x00, 0x00, 0x00, 0x00, 0x00, 0x00, 0x00, 0x00, 0x00, 0x00, 0x00,
    0x00, 0x00, 0x00, 0x00, 0x00, 0x00, 0x00, 0x00, 0x00, 0x00, 0x00, 0x00, 0x00, 0x00, 0x00, 0x00,
    0x00, 0x00, 0x00, 0x00, 0x00, 0x00, 0x00, 0x00, 0x00, 0x00, 0x00, 0x00, 0x00, 0x00, 0x00, 0x00,
    0x00, 0x00, 0x00, 0x00, 0x00, 0x00, 0x00, 0x00, 0x00, 0x00, 0x00, 0x00, 0x00, 0x00, 0x00, 0x00,
    0x00, 0x00, 0x00, 0x00, 0x00, 0x00, 0x00, 0x00, 0x00, 0x00, 0x00, 0x00, 0x00, 0x00, 0x00, 0x00,
    0x00, 0x00, 0x00, 0x00, 0x00, 0x00, 0x00, 0x00, 0x00, 0x00, 0xff, 0x01, 0x00, 0x00, 0xff, 0x03,
    0x00, 0x00, 0x00, 0x00, 0x00, 0x00, 0x00, 0x00, 0x00, 0x00, 0x00, 0x00, 0x0d, 0x00, 0xe4, 0x13,
    0x08, 0x00, 0xe3, 0x5c, 0x08, 0x00, 0xe3, 0xb3, 0x09, 0x00, 0xe3, 0xf4, 0x0a, 0x00, 0xf0, 0xff,
    0x09, 0x00, 0xed, 0xff, 0x09, 0x00, 0xe4, 0xff, 0x09, 0x00, 0xe1, 0xfc, 0x09, 0x00, 0xe1, 0xfc,
    0x09, 0x00, 0xe1, 0xfe, 0x09, 0x00, 0xe2, 0xff, 0x09, 0x00, 0xe2, 0xff, 0x09, 0x00, 0xe2, 0xff,
    0x09, 0x00, 0xe2, 0xff, 0x09, 0x00, 0xe2, 0xff, 0x09, 0x00, 0xe2, 0xff, 0x09, 0x00, 0xe2, 0xff,
    0x09, 0x00, 0xe2, 0xff, 0x09, 0x00, 0xe2, 0xff, 0x09, 0x00, 0xe2, 0xff, 0x09, 0x00, 0xe2, 0xff,
    0x09, 0x00, 0xe2, 0xff, 0x09, 0x00, 0xe2, 0xff, 0x09, 0x00, 0xe2, 0xff, 0x09, 0x00, 0xe2, 0xff,
    0x09, 0x00, 0xe2, 0xff, 0x09, 0x00, 0xe2, 0xff, 0x09, 0x00, 0xe2, 0xff, 0x09, 0x00, 0xe2, 0xff,
    0x09, 0x00, 0xe2, 0xff, 0x09, 0x00, 0xe2, 0xff, 0x09, 0x00, 0xe2, 0xff, 0x09, 0x00, 0xe2, 0xff,
    0x09, 0x00, 0xe2, 0xff, 0x09, 0x00, 0xe2, 0xff, 0x09, 0x00, 0xe2, 0xff, 0x09, 0x00, 0xe2, 0xff,
    0x09, 0x00, 0xe2, 0xff, 0x09, 0x00, 0xe2, 0xff, 0x09, 0x00, 0xe2, 0xff, 0x09, 0x00, 0xe2, 0xff,
    0x09, 0x00, 0xe2, 0xff, 0x09, 0x00, 0xe2, 0xff, 0x09, 0x00, 0xe2, 0xff, 0x09, 0x00, 0xe2, 0xff,
    0x09, 0x00, 0xe2, 0xff, 0x09, 0x00, 0xe2, 0xff, 0x09, 0x00, 0xe2, 0xff, 0x09, 0x00, 0xe2, 0xff,
    0x09, 0x00, 0xe2, 0xff, 0x09, 0x00, 0xe2, 0xff, 0x09, 0x00, 0xe2, 0xff, 0x09, 0x00, 0xe2, 0xff,
    0x09, 0x00, 0xe2, 0xff, 0x09, 0x00, 0xe2, 0xff, 0x09, 0x00, 0xe2, 0xff, 0x09, 0x00, 0xe2, 0xff,
    0x09, 0x00, 0xe2, 0xff, 0x09, 0x00, 0xe2, 0xff, 0x09, 0x00, 0xe2, 0xff, 0x09, 0x00, 0xe2, 0xff,
    0x09, 0x00, 0xe2, 0xff, 0x09, 0x00, 0xe2, 0xff, 0x09, 0x00, 0xe2, 0xff, 0x09, 0x00, 0xe2, 0xff,
    0x09, 0x00, 0xe2, 0xff, 0x09, 0x00, 0xe2, 0xff, 0x09, 0x00, 0xe2, 0xff, 0x09, 0x00, 0xe2, 0xff,
    0x09, 0x00, 0xe2, 0xff, 0x09, 0x00, 0xe2, 0xff, 0x09, 0x00, 0xe2, 0xff, 0x09, 0x00, 0xe2, 0xff,
    0x09, 0x00, 0xe2, 0xff, 0x09, 0x00, 0xe2, 0xff, 0x09, 0x00, 0xe2, 0xff, 0x09, 0x00, 0xe2, 0xff,
    0x09, 0x00, 0xe2, 0xff, 0x09, 0x00, 0xe2, 0xff, 0x09, 0x00, 0xe2, 0xff, 0x09, 0x00, 0xe2, 0xff,
    0x09, 0x00, 0xe2, 0xff, 0x09, 0x00, 0xe2, 0xff, 0x09, 0x00, 0xe2, 0xff, 0x09, 0x00, 0xe2, 0xff,
    0x09, 0x00, 0xe2, 0xff, 0x09, 0x00, 0xe2, 0xff, 0x09, 0x00, 0xe2, 0xff, 0x09, 0x00, 0xe2, 0xff,
    0x09, 0x00, 0xe2, 0xff, 0x09, 0x00, 0xe2, 0xff, 0x09, 0x00, 0xe2, 0xff, 0x09, 0x00, 0xe2, 0xff,
    0x09, 0x00, 0xe2, 0xff, 0x09, 0x00, 0xe2, 0xff, 0x09, 0x00, 0xe2, 0xff, 0x09, 0x00, 0xe2, 0xff,
    0x09, 0x00, 0xe2, 0xff, 0x09, 0x00, 0xe2, 0xff, 0x09, 0x00, 0xe2, 0xff, 0x09, 0x00, 0xe2, 0xff,
    0x09, 0x00, 0xe2, 0xff, 0x09, 0x00, 0xe2, 0xff, 0x09, 0x00, 0xe2, 0xff, 0x09, 0x00, 0xe2, 0xff,
    0x09, 0x00, 0xe2, 0xff, 0x09, 0x00, 0xe2, 0xff, 0x09, 0x00, 0xe2, 0xff, 0x09, 0x00, 0xe2, 0xff,
    0x09, 0x00, 0xe2, 0xff, 0x09, 0x00, 0xe2, 0xff, 0x09, 0x00, 0xe2, 0xff, 0x09, 0x00, 0xe2, 0xff,
    0x09, 0x00, 0xe2, 0xff, 0x09, 0x00, 0xe2, 0xff, 0x09, 0x00, 0xe2, 0xff, 0x09, 0x00, 0xe2, 0xff,
    0x09, 0x00, 0xe2, 0xff, 0x09, 0x00, 0xe2, 0xff, 0x09, 0x00, 0xe2, 0xff, 0x09, 0x00, 0xe2, 0xff,
    0x09, 0x00, 0xe2, 0xff, 0x09, 0x00, 0xe2, 0xff, 0x09, 0x00, 0xe2, 0xff, 0x09, 0x00, 0xe2, 0xff,
    0x09, 0x00, 0xe2, 0xff, 0x09, 0x00, 0xe2, 0xff, 0x09, 0x00, 0xe2, 0xff, 0x09, 0x00, 0xe2, 0xff,
    0x09, 0x00, 0xe2, 0xff, 0x09, 0x00, 0xe2, 0xff, 0x09, 0x00, 0xe2, 0xff, 0x09, 0x00, 0xe2, 0xff,
    0x09, 0x00, 0xe2, 0xff, 0x09, 0x00, 0xe2, 0xff, 0x09, 0x00, 0xe2, 0xff, 0x09, 0x00, 0xe2, 0xff,
    0x09, 0x00, 0xe2, 0xff, 0x09, 0x00, 0xe2, 0xff, 0x09, 0x00, 0xe2, 0xff, 0x09, 0x00, 0xe2, 0xff,
    0x09, 0x00, 0xe2, 0xff, 0x09, 0x00, 0xe2, 0xff, 0x09, 0x00, 0xe2, 0xff, 0x09, 0x00, 0xe2, 0xff,
    0x09, 0x00, 0xe2, 0xff, 0x09, 0x00, 0xe2, 0xff, 0x09, 0x00, 0xe2, 0xff, 0x09, 0x00, 0xe2, 0xff,
    0x09, 0x00, 0xe2, 0xff, 0x09, 0x00, 0xe2, 0xff, 0x09, 0x00, 0xe2, 0xff, 0x09, 0x00, 0xe2, 0xff,
    0x09, 0x00, 0xe2, 0xff, 0x09, 0x00, 0xe2, 0xff, 0x09, 0x00, 0xe2, 0xff, 0x09, 0x00, 0xe2, 0xff,
    0x09, 0x00, 0xe2, 0xff, 0x09, 0x00, 0xe2, 0xff, 0x09, 0x00, 0xe2, 0xff, 0x09, 0x00, 0xe2, 0xff,
    0x09, 0x00, 0xe2, 0xff, 0x09, 0x00, 0xe2, 0xff, 0x09, 0x00, 0xe2, 0xff, 0x09, 0x00, 0xe2, 0xff,
    0x09, 0x00, 0xe2, 0xff, 0x09, 0x00, 0xe2, 0xff, 0x09, 0x00, 0xe2, 0xff, 0x09, 0x00, 0xe2, 0xff,
    0x09, 0x00, 0xe2, 0xff, 0x09, 0x00, 0xe2, 0xff, 0x09, 0x00, 0xe2, 0xff, 0x09, 0x00, 0xe2, 0xff,
    0x09, 0x00, 0xe2, 0xff, 0x09, 0x00, 0xe2, 0xff, 0x09, 0x00, 0xe2, 0xff, 0x09, 0x00, 0xe2, 0xff,
    0x09, 0x00, 0xe2, 0xff, 0x09, 0x00, 0xe2, 0xff, 0x09, 0x00, 0xe2, 0xff, 0x09, 0x00, 0xe2, 0xff,
    0x09, 0x00, 0xe2, 0xff, 0x09, 0x00, 0xe2, 0xff, 0x09, 0x00, 0xe2, 0xff, 0x09, 0x00, 0xe2, 0xff,
    0x09, 0x00, 0xe2, 0xff, 0x09, 0x00, 0xe2, 0xff, 0x09, 0x00, 0xe2, 0xff, 0x09, 0x00, 0xe2, 0xff,
    0x09, 0x00, 0xe2, 0xff, 0x09, 0x00, 0xe2, 0xff, 0x09, 0x00, 0xe2, 0xff, 0x09, 0x00, 0xe2, 0xff,
    0x09, 0x00, 0xe2, 0xff, 0x09, 0x00, 0xe2, 0xff, 0x09, 0x00, 0xe2, 0xff, 0x09, 0x00, 0xe2, 0xff,
    0x09, 0x00, 0xe2, 0xff, 0x09, 0x00, 0xe2, 0xff, 0x09, 0x00, 0xe2, 0xff, 0x09, 0x00, 0xe2, 0xff,
    0x09, 0x00, 0xe2, 0xff, 0x09, 0x00, 0xe2, 0xff, 0x09, 0x00, 0xe2, 0xff, 0x09, 0x00, 0xe2, 0xff,
    0x09, 0x00, 0xe2, 0xff, 0x09, 0x00, 0xe2, 0xff, 0x09, 0x00, 0xe2, 0xff, 0x09, 0x00, 0xe2, 0xff,
    0x09, 0x00, 0xe2, 0xff, 0x09, 0x00, 0xe2, 0xff, 0x09, 0x00, 0xe2, 0xff, 0x09, 0x00, 0xe2, 0xff,
    0x09, 0x00, 0xe2, 0xff, 0x09, 0x00, 0xe2, 0xff, 0x09, 0x00, 0xe2, 0xff, 0x09, 0x00, 0xe2, 0xff,
    0x09, 0x00, 0xe2, 0xff, 0x09, 0x00, 0xe2, 0xff, 0x09, 0x00, 0xe2, 0xff, 0x09, 0x00, 0xe2, 0xff,
    0x09, 0x00, 0xe2, 0xff, 0x09, 0x00, 0xe2, 0xff, 0x09, 0x00, 0xe2, 0xff, 0x09, 0x00, 0xe2, 0xff,
    0x09, 0x00, 0xe2, 0xff, 0x09, 0x00, 0xe2, 0xff, 0x09, 0x00, 0xe2, 0xff, 0x09, 0x00, 0xe2, 0xff,
    0x09, 0x00, 0xe2, 0xff, 0x09, 0x00, 0xe2, 0xff, 0x09, 0x00, 0xe2, 0xff, 0x09, 0x00, 0xe2, 0xff,
    0x09, 0x00, 0xe2, 0xff, 0x09, 0x00, 0xe2, 0xff, 0x09, 0x00, 0xe2, 0xff, 0x09, 0x00, 0xe2, 0xff,
    0x09, 0x00, 0xe2, 0xff, 0x09, 0x00, 0xe2, 0xff, 0x09, 0x00, 0xe2, 0xff, 0x09, 0x00, 0xe2, 0xff,
    0x09, 0x00, 0xe2, 0xff, 0x09, 0x00, 0xe2, 0xff, 0x09, 0x00, 0xe2, 0xff, 0x09, 0x00, 0xe2, 0xff,
    0x09, 0x00, 0xe2, 0xff, 0x09, 0x00, 0xe2, 0xff, 0x09, 0x00, 0xe2, 0xff, 0x09, 0x00, 0xe1, 0xfe,
    0x09, 0x00, 0xe1, 0xfc, 0x09, 0x00, 0xe1, 0xfc, 0x09, 0x00, 0xe3, 0xff, 0x09, 0x00, 0xed, 0xff,
    0x0a, 0x00, 0xf0, 0xff, 0x09, 0x00, 0xe3, 0xf4, 0x08, 0x00, 0xe4, 0xb4, 0x08, 0x00, 0xe6, 0x5d,
    0x0d, 0x00, 0xe4, 0x13, 0x00, 0x00, 0x00, 0x00, 0x00, 0x00, 0x00, 0x00, 0x00, 0x00, 0x00, 0x00,
    0x00, 0x00, 0xbf, 0x04, 0x00, 0x00, 0xff, 0x01, 0x00, 0x00, 0x00, 0x00, 0x00, 0x00, 0x00, 0x00,
    0x00, 0x00, 0x00, 0x00, 0x00, 0x00, 0x00, 0x00, 0x00, 0x00, 0x00, 0x00, 0x00, 0x00, 0x00, 0x00,
    0x00, 0x00, 0x00, 0x00, 0x00, 0x00, 0x00, 0x00, 0x00, 0x00, 0x00, 0x00, 0x00, 0x00, 0x00, 0x00,
    0x00, 0x00, 0x00, 0x00, 0x00, 0x00, 0x00, 0x00, 0x00, 0x00, 0x00, 0x00, 0x00, 0x00, 0x00, 0x00,
    0x00, 0x00, 0x00, 0x00, 0x00, 0x00, 0x00, 0x00, 0x00, 0x00, 0x00, 0x00, 0x00, 0x00, 0x00, 0x00,
    0x00, 0x00, 0x00, 0x00, 0x00, 0x00, 0x00, 0x00, 0x00, 0x00, 0x00, 0x00, 0x00, 0x00, 0x00, 0x00,
    0x00, 0x00, 0x00, 0x00, 0x00, 0x00, 0x00, 0x00, 0x00, 0x00, 0x00, 0x00, 0x00, 0x00, 0x00, 0x00,
    0x00, 0x00, 0x00, 0x00, 0x00, 0x00, 0x00, 0x00, 0x00, 0x00, 0x00, 0x00, 0x00, 0x00, 0x00, 0x00,
    0x00, 0x00, 0x00, 0x00, 0x00, 0x00, 0x00, 0x00, 0x00, 0x00, 0x00, 0x00, 0x00, 0x00, 0x00, 0x00,
    0x00, 0x00, 0x00, 0x00, 0x00, 0x00, 0x00, 0x00, 0x00, 0x00, 0x00, 0x00, 0x00, 0x00, 0x00, 0x00,
    0x00, 0x00, 0x00, 0x00, 0x00, 0x00, 0x00, 0x00, 0x00, 0x00, 0x00, 0x00, 0x00, 0x00, 0x00, 0x00,
    0x00, 0x00, 0x00, 0x00, 0x00, 0x00, 0x00, 0x00, 0x00, 0x00, 0x00, 0x00, 0x00, 0x00, 0x00, 0x00,
    0x00, 0x00, 0x00, 0x00, 0x00, 0x00, 0x00, 0x00, 0x00, 0x00, 0x00, 0x00, 0x00, 0x00, 0x00, 0x00,
    0x00, 0x00, 0x00, 0x00, 0x00, 0x00, 0x00, 0x00, 0x00, 0x00, 0x00, 0x00, 0x00, 0x00, 0x00, 0x00,
    0x00, 0x00, 0x00, 0x00, 0x00, 0x00, 0xaa, 0x03, 0x00, 0x00, 0xff, 0x03, 0x00, 0x00, 0x00, 0x00,
    0x00, 0x00, 0x00, 0x00, 0x00, 0x00, 0x00, 0x00, 0x07, 0x00, 0xe7, 0x20, 0x09, 0x00, 0xe4, 0x6b,
    0x09, 0x00, 0xe5, 0xbd, 0x09, 0x00, 0xe2, 0xf8, 0x0a, 0x00, 0xf0, 0xff, 0x09, 0x00, 0xed, 0xff,
    0x09, 0x00, 0xe4, 0xff, 0x09, 0x00, 0xe1, 0xfc, 0x09, 0x00, 0xe1, 0xfc, 0x09, 0x00, 0xe1, 0xfe,
    0x09, 0x00, 0xe2, 0xff, 0x09, 0x00, 0xe2, 0xff, 0x09, 0x00, 0xe2, 0xff, 0x09, 0x00, 0xe2, 0xff,
    0x09, 0x00, 0xe2, 0xff, 0x09, 0x00, 0xe2, 0xff, 0x09, 0x00, 0xe2, 0xff, 0x09, 0x00, 0xe2, 0xff,
    0x09, 0x00, 0xe2, 0xff, 0x09, 0x00, 0xe2, 0xff, 0x09, 0x00, 0xe2, 0xff, 0x09, 0x00, 0xe2, 0xff,
    0x09, 0x00, 0xe2, 0xff, 0x09, 0x00, 0xe2, 0xff, 0x09, 0x00, 0xe2, 0xff, 0x09, 0x00, 0xe2, 0xff,
    0x09, 0x00, 0xe2, 0xff, 0x09, 0x00, 0xe2, 0xff, 0x09, 0x00, 0xe2, 0xff, 0x09, 0x00, 0xe2, 0xff,
    0x09, 0x00, 0xe2, 0xff, 0x09, 0x00, 0xe2, 0xff, 0x09, 0x00, 0xe2, 0xff, 0x09, 0x00, 0xe2, 0xff,
    0x09, 0x00, 0xe2, 0xff, 0x09, 0x00, 0xe2, 0xff, 0x09, 0x00, 0xe2, 0xff, 0x09, 0x00, 0xe2, 0xff,
    0x09, 0x00, 0xe2, 0xff, 0x09, 0x00, 0xe2, 0xff, 0x09, 0x00, 0xe2, 0xff, 0x09, 0x00, 0xe2, 0xff,
    0x09, 0x00, 0xe2, 0xff, 0x09, 0x00, 0xe2, 0xff, 0x09, 0x00, 0xe2, 0xff, 0x09, 0x00, 0xe2, 0xff,
    0x09, 0x00, 0xe2, 0xff, 0x09, 0x00, 0xe2, 0xff, 0x09, 0x00, 0xe2, 0xff, 0x09, 0x00, 0xe2, 0xff,
    0x09, 0x00, 0xe2, 0xff, 0x09, 0x00, 0xe2, 0xff, 0x09, 0x00, 0xe2, 0xff, 0x09, 0x00, 0xe2, 0xff,
    0x09, 0x00, 0xe2, 0xff, 0x09, 0x00, 0xe2, 0xff, 0x09, 0x00, 0xe2, 0xff, 0x09, 0x00, 0xe2, 0xff,
    0x09, 0x00, 0xe2, 0xff, 0x09, 0x00, 0xe2, 0xff, 0x09, 0x00, 0xe2, 0xff, 0x09, 0x00, 0xe2, 0xff,
    0x09, 0x00, 0xe2, 0xff, 0x09, 0x00, 0xe2, 0xff, 0x09, 0x00, 0xe2, 0xff, 0x09, 0x00, 0xe2, 0xff,
    0x09, 0x00, 0xe2, 0xff, 0x09, 0x00, 0xe2, 0xff, 0x09, 0x00, 0xe2, 0xff, 0x09, 0x00, 0xe2, 0xff,
    0x09, 0x00, 0xe2, 0xff, 0x09, 0x00, 0xe2, 0xff, 0x09, 0x00, 0xe2, 0xff, 0x09, 0x00, 0xe2, 0xff,
    0x09, 0x00, 0xe2, 0xff, 0x09, 0x00, 0xe2, 0xff, 0x09, 0x00, 0xe2, 0xff, 0x09, 0x00, 0xe2, 0xff,
    0x09, 0x00, 0xe2, 0xff, 0x09, 0x00, 0xe2, 0xff, 0x09, 0x00, 0xe2, 0xff, 0x09, 0x00, 0xe2, 0xff,
    0x09, 0x00, 0xe2, 0xff, 0x09, 0x00, 0xe2, 0xff, 0x09, 0x00, 0xe2, 0xff, 0x09, 0x00, 0xe2, 0xff,
    0x09, 0x00, 0xe2, 0xff, 0x09, 0x00, 0xe2, 0xff, 0x09, 0x00, 0xe2, 0xff, 0x09, 0x00, 0xe2, 0xff,
    0x09, 0x00, 0xe2, 0xff, 0x09, 0x00, 0xe2, 0xff, 0x09, 0x00, 0xe2, 0xff, 0x09, 0x00, 0xe2, 0xff,
    0x09, 0x00, 0xe2, 0xff, 0x09, 0x00, 0xe2, 0xff, 0x09, 0x00, 0xe2, 0xff, 0x09, 0x00, 0xe2, 0xff,
    0x09, 0x00, 0xe2, 0xff, 0x09, 0x00, 0xe2, 0xff, 0x09, 0x00, 0xe2, 0xff, 0x09, 0x00, 0xe2, 0xff,
    0x09, 0x00, 0xe2, 0xff, 0x09, 0x00, 0xe2, 0xff, 0x09, 0x00, 0xe2, 0xff, 0x09, 0x00, 0xe2, 0xff,
    0x09, 0x00, 0xe2, 0xff, 0x09, 0x00, 0xe2, 0xff, 0x09, 0x00, 0xe2, 0xff, 0x09, 0x00, 0xe2, 0xff,
    0x09, 0x00, 0xe2, 0xff, 0x09, 0x00, 0xe2, 0xff, 0x09, 0x00, 0xe2, 0xff, 0x09, 0x00, 0xe2, 0xff,
    0x09, 0x00, 0xe2, 0xff, 0x09, 0x00, 0xe2, 0xff, 0x09, 0x00, 0xe2, 0xff, 0x09, 0x00, 0xe2, 0xff,
    0x09, 0x00, 0xe2, 0xff, 0x09, 0x00, 0xe2, 0xff, 0x09, 0x00, 0xe2, 0xff, 0x09, 0x00, 0xe2, 0xff,
    0x09, 0x00, 0xe2, 0xff, 0x09, 0x00, 0xe2, 0xff, 0x09, 0x00, 0xe2, 0xff, 0x09, 0x00, 0xe2, 0xff,
    0x09, 0x00, 0xe2, 0xff, 0x09, 0x00, 0xe2, 0xff, 0x09, 0x00, 0xe2, 0xff, 0x09, 0x00, 0xe2, 0xff,
    0x09, 0x00, 0xe2, 0xff, 0x09, 0x00, 0xe2, 0xff, 0x09, 0x00, 0xe2, 0xff, 0x09, 0x00, 0xe2, 0xff,
    0x09, 0x00, 0xe2, 0xff, 0x09, 0x00, 0xe2, 0xff, 0x09, 0x00, 0xe2, 0xff, 0x09, 0x00, 0xe2, 0xff,
    0x09, 0x00, 0xe2, 0xff, 0x09, 0x00, 0xe2, 0xff, 0x09, 0x00, 0xe2, 0xff, 0x09, 0x00, 0xe2, 0xff,
    0x09, 0x00, 0xe2, 0xff, 0x09, 0x00, 0xe2, 0xff, 0x09, 0x00, 0xe2, 0xff, 0x09, 0x00, 0xe2, 0xff,
    0x09, 0x00, 0xe2, 0xff, 0x09, 0x00, 0xe2, 0xff, 0x09, 0x00, 0xe2, 0xff, 0x09, 0x00, 0xe2, 0xff,
    0x09, 0x00, 0xe2, 0xff, 0x09, 0x00, 0xe2, 0xff, 0x09, 0x00, 0xe2, 0xff, 0x09, 0x00, 0xe2, 0xff,
    0x09, 0x00, 0xe2, 0xff, 0x09, 0x00, 0xe2, 0xff, 0x09, 0x00, 0xe2, 0xff, 0x09, 0x00, 0xe2, 0xff,
    0x09, 0x00, 0xe2, 0xff, 0x09, 0x00, 0xe2, 0xff, 0x09, 0x00, 0xe2, 0xff, 0x09, 0x00, 0xe2, 0xff,
    0x09, 0x00, 0xe2, 0xff, 0x09, 0x00, 0xe2, 0xff, 0x09, 0x00, 0xe2, 0xff, 0x09, 0x00, 0xe2, 0xff,
    0x09, 0x00, 0xe2, 0xff, 0x09, 0x00, 0xe2, 0xff, 0x09, 0x00, 0xe2, 0xff, 0x09, 0x00, 0xe2, 0xff,
    0x09, 0x00, 0xe2, 0xff, 0x09, 0x00, 0xe2, 0xff, 0x09, 0x00, 0xe2, 0xff, 0x09, 0x00, 0xe2, 0xff,
    0x09, 0x00, 0xe2, 0xff, 0x09, 0x00, 0xe2, 0xff, 0x09, 0x00, 0xe2, 0xff, 0x09, 0x00, 0xe2, 0xff,
    0x09, 0x00, 0xe2, 0xff, 0x09, 0x00, 0xe2, 0xff, 0x09, 0x00, 0xe2, 0xff, 0x09, 0x00, 0xe2, 0xff,
    0x09, 0x00, 0xe2, 0xff, 0x09, 0x00, 0xe2, 0xff, 0x09, 0x00, 0xe2, 0xff, 0x09, 0x00, 0xe2, 0xff,
    0x09, 0x00, 0xe2, 0xff, 0x09, 0x00, 0xe2, 0xff, 0x09, 0x00, 0xe2, 0xff, 0x09, 0x00, 0xe2, 0xff,
    0x09, 0x00, 0xe2, 0xff, 0x09, 0x00, 0xe2, 0xff, 0x09, 0x00, 0xe2, 0xff, 0x09, 0x00, 0xe2, 0xff,
    0x09, 0x00, 0xe2, 0xff, 0x09, 0x00, 0xe2, 0xff, 0x09, 0x00, 0xe2, 0xff, 0x09, 0x00, 0xe2, 0xff,
    0x09, 0x00, 0xe2, 0xff, 0x09, 0x00, 0xe2, 0xff, 0x09, 0x00, 0xe2, 0xff, 0x09, 0x00, 0xe2, 0xff,
    0x09, 0x00, 0xe2, 0xff, 0x09, 0x00, 0xe2, 0xff, 0x09, 0x00, 0xe2, 0xff, 0x09, 0x00, 0xe2, 0xff,
    0x09, 0x00, 0xe2, 0xff, 0x09, 0x00, 0xe2, 0xff, 0x09, 0x00, 0xe2, 0xff, 0x09, 0x00, 0xe2, 0xff,
    0x09, 0x00, 0xe2, 0xff, 0x09, 0x00, 0xe2, 0xff, 0x09, 0x00, 0xe2, 0xff, 0x09, 0x00, 0xe2, 0xff,
    0x09, 0x00, 0xe2, 0xff, 0x09, 0x00, 0xe2, 0xff, 0x09, 0x00, 0xe2, 0xff, 0x09, 0x00, 0xe2, 0xff,
    0x09, 0x00, 0xe2, 0xff, 0x09, 0x00, 0xe2, 0xff, 0x09, 0x00, 0xe2, 0xff, 0x09, 0x00, 0xe2, 0xff,
    0x09, 0x00, 0xe2, 0xff, 0x09, 0x00, 0xe2, 0xff, 0x09, 0x00, 0xe2, 0xff, 0x09, 0x00, 0xe2, 0xff,
    0x09, 0x00, 0xe2, 0xff, 0x09, 0x00, 0xe2, 0xff, 0x09, 0x00, 0xe2, 0xff, 0x09, 0x00, 0xe2, 0xff,
    0x09, 0x00, 0xe2, 0xff, 0x09, 0x00, 0xe2, 0xff, 0x09, 0x00, 0xe2, 0xff, 0x09, 0x00, 0xe2, 0xff,
    0x09, 0x00, 0xe2, 0xff, 0x09, 0x00, 0xe2, 0xff, 0x09, 0x00, 0xe2, 0xff, 0x09, 0x00, 0xe2, 0xff,
    0x09, 0x00, 0xe2, 0xff, 0x09, 0x00, 0xe2, 0xff, 0x09, 0x00, 0xe2, 0xff, 0x09, 0x00, 0xe2, 0xff,
    0x09, 0x00, 0xe1, 0xfe, 0x09, 0x00, 0xe1, 0xfc, 0x09, 0x00, 0xe1, 0xfc, 0x09, 0x00, 0xe4, 0xff,
    0x09, 0x00, 0xed, 0xff, 0x0a, 0x00, 0xf1, 0xff, 0x09, 0x00, 0xe3, 0xf8, 0x09, 0x00, 0xe4, 0xbe,
    0x09, 0x00, 0xe5, 0x6d, 0x07, 0x00, 0xe7, 0x21, 0x00, 0x00, 0x00, 0x00, 0x00, 0x00, 0x00, 0x00,
    0x00, 0x00, 0x00, 0x00, 0x00, 0x00, 0xff, 0x03, 0x00, 0x00, 0xaa, 0x03, 0x00, 0x00, 0x00, 0x00,
    0x00, 0x00, 0x00, 0x00, 0x00, 0x00, 0x00, 0x00, 0x00, 0x00, 0x00, 0x00, 0x00, 0x00, 0x00, 0x00,
    0x00, 0x00, 0x00, 0x00, 0x00, 0x00, 0x00, 0x00, 0x00, 0x00, 0x00, 0x00, 0x00, 0x00, 0x00, 0x00,
    0x00, 0x00, 0x00, 0x00, 0x00, 0x00, 0x00, 0x00, 0x00, 0x00, 0x00, 0x00, 0x00, 0x00, 0x00, 0x00,
    0x00, 0x00, 0x00, 0x00, 0x00, 0x00, 0x00, 0x00, 0x00, 0x00, 0x00, 0x00, 0x00, 0x00, 0x00, 0x00,
    0x00, 0x00, 0x00, 0x00, 0x00, 0x00, 0x00, 0x00, 0x00, 0x00, 0x00, 0x00, 0x00, 0x00, 0x00, 0x00,
    0x00, 0x00, 0x00, 0x00, 0x00, 0x00, 0x00, 0x00, 0x00, 0x00, 0x00, 0x00, 0x00, 0x00, 0x00, 0x00,
    0x00, 0x00, 0x00, 0x00, 0x00, 0x00, 0x00, 0x00, 0x00, 0x00, 0x00, 0x00, 0x00, 0x00, 0x00, 0x00,
    0x00, 0x00, 0x00, 0x00, 0x00, 0x00, 0x00, 0x00, 0x00, 0x00, 0x00, 0x00, 0x00, 0x00, 0x00, 0x00,
    0x00, 0x00, 0x00, 0x00, 0x00, 0x00, 0x00, 0x00, 0x00, 0x00, 0x00, 0x00, 0x00, 0x00, 0x00, 0x00,
    0x00, 0x00, 0x00, 0x00, 0x00, 0x00, 0x00, 0x00, 0x00, 0x00, 0x00, 0x00, 0x00, 0x00, 0x00, 0x00,
    0x00, 0x00, 0x00, 0x00, 0x00, 0x00, 0x00, 0x00, 0x00, 0x00, 0x00, 0x00, 0x00, 0x00, 0x00, 0x00,
    0x00, 0x00, 0x00, 0x00, 0x00, 0x00, 0x00, 0x00, 0x00, 0x00, 0x00, 0x00, 0x00, 0x00, 0x00, 0x00,
    0x00, 0x00, 0x00, 0x00, 0x00, 0x00, 0x00, 0x00, 0x00, 0x00, 0x00, 0x00, 0x00, 0x00, 0x00, 0x00,
    0x00, 0x00, 0x00, 0x00, 0x00, 0x00, 0x00, 0x00, 0x00, 0x00, 0x00, 0x00, 0x00, 0x00, 0x00, 0x00,
    0x00, 0x00, 0x00, 0x00, 0x00, 0x00, 0x00, 0x00, 0x00, 0x00, 0x00, 0x00, 0x00, 0x00, 0xff, 0x01,
    0x00, 0x00, 0xff, 0x03, 0x00, 0x00, 0xff, 0x02, 0x00, 0x00, 0x00, 0x00, 0x00, 0x00, 0x00, 0x00,
    0x00, 0x00, 0x00, 0x00, 0x06, 0x00, 0xe3, 0x25, 0x09, 0x00, 0xe5, 0x6d, 0x08, 0x00, 0xe4, 0xba,
    0x09, 0x00, 0xe3, 0xf3, 0x0a, 0x00, 0xf0, 0xff, 0x0a, 0x00, 0xef, 0xff, 0x09, 0x00, 0xe7, 0xff,
    0x09, 0x00, 0xe1, 0xfd, 0x09, 0x00, 0xe2, 0xfb, 0x09, 0x00, 0xe1, 0xfd, 0x09, 0x00, 0xe1, 0xfe,
    0x09, 0x00, 0xe2, 0xff, 0x09, 0x00, 0xe2, 0xff, 0x09, 0x00, 0xe2, 0xff, 0x09, 0x00, 0xe2, 0xff,
    0x09, 0x00, 0xe2, 0xff, 0x09, 0x00, 0xe2, 0xff, 0x09, 0x00, 0xe2, 0xff, 0x09, 0x00, 0xe2, 0xff,
    0x09, 0x00, 0xe2, 0xff, 0x09, 0x00, 0xe2, 0xff, 0x09, 0x00, 0xe2, 0xff, 0x09, 0x00, 0xe2, 0xff,
    0x09, 0x00, 0xe2, 0xff, 0x09, 0x00, 0xe2, 0xff, 0x09, 0x00, 0xe2, 0xff, 0x09, 0x00, 0xe2, 0xff,
    0x09, 0x00, 0xe2, 0xff, 0x09, 0x00, 0xe2, 0xff, 0x09, 0x00, 0xe2, 0xff, 0x09, 0x00, 0xe2, 0xff,
    0x09, 0x00, 0xe2, 0xff, 0x09, 0x00, 0xe2, 0xff, 0x09, 0x00, 0xe2, 0xff, 0x09, 0x00, 0xe2, 0xff,
    0x09, 0x00, 0xe2, 0xff, 0x09, 0x00, 0xe2, 0xff, 0x09, 0x00, 0xe2, 0xff, 0x09, 0x00, 0xe2, 0xff,
    0x09, 0x00, 0xe2, 0xff, 0x09, 0x00, 0xe2, 0xff, 0x09, 0x00, 0xe2, 0xff, 0x09, 0x00, 0xe2, 0xff,
    0x09, 0x00, 0xe2, 0xff, 0x09, 0x00, 0xe2, 0xff, 0x09, 0x00, 0xe2, 0xff, 0x09, 0x00, 0xe2, 0xff,
    0x09, 0x00, 0xe2, 0xff, 0x09, 0x00, 0xe2, 0xff, 0x09, 0x00, 0xe2, 0xff, 0x09, 0x00, 0xe2, 0xff,
    0x09, 0x00, 0xe2, 0xff, 0x09, 0x00, 0xe2, 0xff, 0x09, 0x00, 0xe2, 0xff, 0x09, 0x00, 0xe2, 0xff,
    0x09, 0x00, 0xe2, 0xff, 0x09, 0x00, 0xe2, 0xff, 0x09, 0x00, 0xe2, 0xff, 0x09, 0x00, 0xe2, 0xff,
    0x09, 0x00, 0xe2, 0xff, 0x09, 0x00, 0xe2, 0xff, 0x09, 0x00, 0xe2, 0xff, 0x09, 0x00, 0xe2, 0xff,
    0x09, 0x00, 0xe2, 0xff, 0x09, 0x00, 0xe2, 0xff, 0x09, 0x00, 0xe2, 0xff, 0x09, 0x00, 0xe2, 0xff,
    0x09, 0x00, 0xe2, 0xff, 0x09, 0x00, 0xe2, 0xff, 0x09, 0x00, 0xe2, 0xff, 0x09, 0x00, 0xe2, 0xff,
    0x09, 0x00, 0xe2, 0xff, 0x09, 0x00, 0xe2, 0xff, 0x09, 0x00, 0xe2, 0xff, 0x09, 0x00, 0xe2, 0xff,
    0x09, 0x00, 0xe2, 0xff, 0x09, 0x00, 0xe2, 0xff, 0x09, 0x00, 0xe2, 0xff, 0x09, 0x00, 0xe2, 0xff,
    0x09, 0x00, 0xe2, 0xff, 0x09, 0x00, 0xe2, 0xff, 0x09, 0x00, 0xe2, 0xff, 0x09, 0x00, 0xe2, 0xff,
    0x09, 0x00, 0xe2, 0xff, 0x09, 0x00, 0xe2, 0xff, 0x09, 0x00, 0xe2, 0xff, 0x09, 0x00, 0xe2, 0xff,
    0x09, 0x00, 0xe2, 0xff, 0x09, 0x00, 0xe2, 0xff, 0x09, 0x00, 0xe2, 0xff, 0x09, 0x00, 0xe2, 0xff,
    0x09, 0x00, 0xe2, 0xff, 0x09, 0x00, 0xe2, 0xff, 0x09, 0x00, 0xe2, 0xff, 0x09, 0x00, 0xe2, 0xff,
    0x09, 0x00, 0xe2, 0xff, 0x09, 0x00, 0xe2, 0xff, 0x09, 0x00, 0xe2, 0xff, 0x09, 0x00, 0xe2, 0xff,
    0x09, 0x00, 0xe2, 0xff, 0x09, 0x00, 0xe2, 0xff, 0x09, 0x00, 0xe2, 0xff, 0x09, 0x00, 0xe2, 0xff,
    0x09, 0x00, 0xe2, 0xff, 0x09, 0x00, 0xe2, 0xff, 0x09, 0x00, 0xe2, 0xff, 0x09, 0x00, 0xe2, 0xff,
    0x09, 0x00, 0xe2, 0xff, 0x09, 0x00, 0xe2, 0xff, 0x09, 0x00, 0xe2, 0xff, 0x09, 0x00, 0xe2, 0xff,
    0x09, 0x00, 0xe2, 0xff, 0x09, 0x00, 0xe2, 0xff, 0x09, 0x00, 0xe2, 0xff, 0x09, 0x00, 0xe2, 0xff,
    0x09, 0x00, 0xe2, 0xff, 0x09, 0x00, 0xe2, 0xff, 0x09, 0x00, 0xe2, 0xff, 0x09, 0x00, 0xe2, 0xff,
    0x09, 0x00, 0xe2, 0xff, 0x09, 0x00, 0xe2, 0xff, 0x09, 0x00, 0xe2, 0xff, 0x09, 0x00, 0xe2, 0xff,
    0x09, 0x00, 0xe2, 0xff, 0x09, 0x00, 0xe2, 0xff, 0x09, 0x00, 0xe2, 0xff, 0x09, 0x00, 0xe2, 0xff,
    0x09, 0x00, 0xe2, 0xff, 0x09, 0x00, 0xe2, 0xff, 0x09, 0x00, 0xe2, 0xff, 0x09, 0x00, 0xe2, 0xff,
    0x09, 0x00, 0xe2, 0xff, 0x09, 0x00, 0xe2, 0xff, 0x09, 0x00, 0xe2, 0xff, 0x09, 0x00, 0xe2, 0xff,
    0x09, 0x00, 0xe2, 0xff, 0x09, 0x00, 0xe2, 0xff, 0x09, 0x00, 0xe2, 0xff, 0x09, 0x00, 0xe2, 0xff,
    0x09, 0x00, 0xe2, 0xff, 0x09, 0x00, 0xe2, 0xff, 0x09, 0x00, 0xe2, 0xff, 0x09, 0x00, 0xe2, 0xff,
    0x09, 0x00, 0xe2, 0xff, 0x09, 0x00, 0xe2, 0xff, 0x09, 0x00, 0xe2, 0xff, 0x09, 0x00, 0xe2, 0xff,
    0x09, 0x00, 0xe2, 0xff, 0x09, 0x00, 0xe2, 0xff, 0x09, 0x00, 0xe2, 0xff, 0x09, 0x00, 0xe2, 0xff,
    0x09, 0x00, 0xe2, 0xff, 0x09, 0x00, 0xe2, 0xff, 0x09, 0x00, 0xe2, 0xff, 0x09, 0x00, 0xe2, 0xff,
    0x09, 0x00, 0xe2, 0xff, 0x09, 0x00, 0xe2, 0xff, 0x09, 0x00, 0xe2, 0xff, 0x09, 0x00, 0xe2, 0xff,
    0x09, 0x00, 0xe2, 0xff, 0x09, 0x00, 0xe2, 0xff, 0x09, 0x00, 0xe2, 0xff, 0x09, 0x00, 0xe2, 0xff,
    0x09, 0x00, 0xe2, 0xff, 0x09, 0x00, 0xe2, 0xff, 0x09, 0x00, 0xe2, 0xff, 0x09, 0x00, 0xe2, 0xff,
    0x09, 0x00, 0xe2, 0xff, 0x09, 0x00, 0xe2, 0xff, 0x09, 0x00, 0xe2, 0xff, 0x09, 0x00, 0xe2, 0xff,
    0x09, 0x00, 0xe2, 0xff, 0x09, 0x00, 0xe2, 0xff, 0x09, 0x00, 0xe2, 0xff, 0x09, 0x00, 0xe2, 0xff,
    0x09, 0x00, 0xe2, 0xff, 0x09, 0x00, 0xe2, 0xff, 0x09, 0x00, 0xe2, 0xff, 0x09, 0x00, 0xe2, 0xff,
    0x09, 0x00, 0xe2, 0xff, 0x09, 0x00, 0xe2, 0xff, 0x09, 0x00, 0xe2, 0xff, 0x09, 0x00, 0xe2, 0xff,
    0x09, 0x00, 0xe2, 0xff, 0x09, 0x00, 0xe2, 0xff, 0x09, 0x00, 0xe2, 0xff, 0x09, 0x00, 0xe2, 0xff,
    0x09, 0x00, 0xe2, 0xff, 0x09, 0x00, 0xe2, 0xff, 0x09, 0x00, 0xe2, 0xff, 0x09, 0x00, 0xe2, 0xff,
    0x09, 0x00, 0xe2, 0xff, 0x09, 0x00, 0xe2, 0xff, 0x09, 0x00, 0xe2, 0xff, 0x09, 0x00, 0xe2, 0xff,
    0x09, 0x00, 0xe2, 0xff, 0x09, 0x00, 0xe2, 0xff, 0x09, 0x00, 0xe2, 0xff, 0x09, 0x00, 0xe2, 0xff,
    0x09, 0x00, 0xe2, 0xff, 0x09, 0x00, 0xe2, 0xff, 0x09, 0x00, 0xe2, 0xff, 0x09, 0x00, 0xe2, 0xff,
    0x09, 0x00, 0xe2, 0xff, 0x09, 0x00, 0xe2, 0xff, 0x09, 0x00, 0xe2, 0xff, 0x09, 0x00, 0xe2, 0xff,
    0x09, 0x00, 0xe2, 0xff, 0x09, 0x00, 0xe2, 0xff, 0x09, 0x00, 0xe2, 0xff, 0x09, 0x00, 0xe2, 0xff,
    0x09, 0x00, 0xe2, 0xff, 0x09, 0x00, 0xe2, 0xff, 0x09, 0x00, 0xe2, 0xff, 0x09, 0x00, 0xe2, 0xff,
    0x09, 0x00, 0xe2, 0xff, 0x09, 0x00, 0xe2, 0xff, 0x09, 0x00, 0xe2, 0xff, 0x09, 0x00, 0xe2, 0xff,
    0x09, 0x00, 0xe2, 0xff, 0x09, 0x00, 0xe2, 0xff, 0x09, 0x00, 0xe2, 0xff, 0x09, 0x00, 0xe2, 0xff,
    0x09, 0x00, 0xe2, 0xff, 0x09, 0x00, 0xe2, 0xff, 0x09, 0x00, 0xe2, 0xff, 0x09, 0x00, 0xe2, 0xff,
    0x09, 0x00, 0xe2, 0xff, 0x09, 0x00, 0xe2, 0xff, 0x09, 0x00, 0xe2, 0xff, 0x09, 0x00, 0xe2, 0xff,
    0x09, 0x00, 0xe2, 0xff, 0x09, 0x00, 0xe2, 0xff, 0x09, 0x00, 0xe2, 0xff, 0x09, 0x00, 0xe2, 0xff,
    0x09, 0x00, 0xe1, 0xfe, 0x09, 0x00, 0xe1, 0xfd, 0x09, 0x00, 0xe2, 0xfb, 0x09, 0x00, 0xe1, 0xfd,
    0x09, 0x00, 0xe7, 0xff, 0x0a, 0x00, 0xef, 0xff, 0x0a, 0x00, 0xef, 0xff, 0x09, 0x00, 0xe3, 0xf4,
    0x09, 0x00, 0xe5, 0xbb, 0x09, 0x00, 0xe5, 0x6e, 0x06, 0x00, 0xe4, 0x26, 0x00, 0x00, 0x00, 0x00,
    0x00, 0x00, 0x00, 0x00, 0x00, 0x00, 0x00, 0x00, 0x00, 0x00, 0xff, 0x02, 0x00, 0x00, 0xff, 0x03,
    0x00, 0x00, 0xff, 0x01, 0x00, 0x00, 0x00, 0x00, 0x00, 0x00, 0x00, 0x00, 0x00, 0x00, 0x00, 0x00,
    0x00, 0x00, 0x00, 0x00, 0x00, 0x00, 0x00, 0x00, 0x00, 0x00, 0x00, 0x00, 0x00, 0x00, 0x00, 0x00,
    0x00, 0x00, 0x00, 0x00, 0x00, 0x00, 0x00, 0x00, 0x00, 0x00, 0x00, 0x00, 0x00, 0x00, 0x00, 0x00,
    0x00, 0x00, 0x00, 0x00, 0x00, 0x00, 0x00, 0x00, 0x00, 0x00, 0x00, 0x00, 0x00, 0x00, 0x00, 0x00,
    0x00, 0x00, 0x00, 0x00, 0x00, 0x00, 0x00, 0x00, 0x00, 0x00, 0x00, 0x00, 0x00, 0x00, 0x00, 0x00,
    0x00, 0x00, 0x00, 0x00, 0x00, 0x00, 0x00, 0x00, 0x00, 0x00, 0x00, 0x00, 0x00, 0x00, 0x00, 0x00,
    0x00, 0x00, 0x00, 0x00, 0x00, 0x00, 0x00, 0x00, 0x00, 0x00, 0x00, 0x00, 0x00, 0x00, 0x00, 0x00,
    0x00, 0x00, 0x00, 0x00, 0x00, 0x00, 0x00, 0x00, 0x00, 0x00, 0x00, 0x00, 0x00, 0x00, 0x00, 0x00,
    0x00, 0x00, 0x00, 0x00, 0x00, 0x00, 0x00, 0x00, 0x00, 0x00, 0x00, 0x00, 0x00, 0x00, 0x00, 0x00,
    0x00, 0x00, 0x00, 0x00, 0x00, 0x00, 0x00, 0x00, 0x00, 0x00, 0x00, 0x00, 0x00, 0x00, 0x00, 0x00,
    0x00, 0x00, 0x00, 0x00, 0x00, 0x00, 0x00, 0x00, 0x00, 0x00, 0x00, 0x00, 0x00, 0x00, 0x00, 0x00,
    0x00, 0x00, 0x00, 0x00, 0x00, 0x00, 0x00, 0x00, 0x00, 0x00, 0x00, 0x00, 0x00, 0x00, 0x00, 0x00,
    0x00, 0x00, 0x00, 0x00, 0x00, 0x00, 0x00, 0x00, 0x00, 0x00, 0x00, 0x00, 0x00, 0x00, 0x00, 0x00,
    0x00, 0x00, 0x00, 0x00, 0x00, 0x00, 0x00, 0x00, 0x00, 0x00, 0x00, 0x00, 0x00, 0x00, 0x00, 0x00,
    0x00, 0x00, 0x00, 0x00, 0x00, 0x00, 0x00, 0x00, 0x00, 0x00, 0x00, 0x00, 0x00, 0x00, 0x00, 0x00,
    0x00, 0x00, 0x00, 0x00, 0x00, 0x00, 0x00, 0x00, 0x00, 0x00, 0x00, 0x00, 0x00, 0x00, 0x00, 0x00,
    0x00, 0x00, 0x00, 0x00, 0x00, 0x00, 0x00, 0x00, 0x00, 0x00, 0x7f, 0x02, 0x00, 0x00, 0xbf, 0x04,
    0x00, 0x00, 0xff, 0x01, 0x00, 0x00, 0x00, 0x00, 0x00, 0x00, 0x00, 0x00, 0x00, 0x00, 0x00, 0x00,
    0x08, 0x00, 0xdd, 0x1e, 0x07, 0x00, 0xe7, 0x60, 0x09, 0x00, 0xe5, 0xa9, 0x08, 0x00, 0xe3, 0xe6,
    0x09, 0x00, 0xeb, 0xff, 0x0a, 0x00, 0xf1, 0xff, 0x09, 0x00, 0xeb, 0xff, 0x09, 0x00, 0xe3, 0xff,
    0x09, 0x00, 0xe1, 0xfc, 0x09, 0x00, 0xe1, 0xfc, 0x09, 0x00, 0xe1, 0xfd, 0x09, 0x00, 0xe2, 0xff,
    0x09, 0x00, 0xe2, 0xff, 0x09, 0x00, 0xe2, 0xff, 0x09, 0x00, 0xe2, 0xff, 0x09, 0x00, 0xe2, 0xff,
    0x09, 0x00, 0xe2, 0xff, 0x09, 0x00, 0xe2, 0xff, 0x09, 0x00, 0xe2, 0xff, 0x09, 0x00, 0xe2, 0xff,
    0x09, 0x00, 0xe2, 0xff, 0x09, 0x00, 0xe2, 0xff, 0x09, 0x00, 0xe2, 0xff, 0x09, 0x00, 0xe2, 0xff,
    0x09, 0x00, 0xe2, 0xff, 0x09, 0x00, 0xe2, 0xff, 0x09, 0x00, 0xe2, 0xff, 0x09, 0x00, 0xe2, 0xff,
    0x09, 0x00, 0xe2, 0xff, 0x09, 0x00, 0xe2, 0xff, 0x09, 0x00, 0xe2, 0xff, 0x09, 0x00, 0xe2, 0xff,
    0x09, 0x00, 0xe2, 0xff, 0x09, 0x00, 0xe2, 0xff, 0x09, 0x00, 0xe2, 0xff, 0x09, 0x00, 0xe2, 0xff,
    0x09, 0x00, 0xe2, 0xff, 0x09, 0x00, 0xe2, 0xff, 0x09, 0x00, 0xe2, 0xff, 0x09, 0x00, 0xe2, 0xff,
    0x09, 0x00, 0xe2, 0xff, 0x09, 0x00, 0xe2, 0xff, 0x09, 0x00, 0xe2, 0xff, 0x09, 0x00, 0xe2, 0xff,
    0x09, 0x00, 0xe2, 0xff, 0x09, 0x00, 0xe2, 0xff, 0x09, 0x00, 0xe2, 0xff, 0x09, 0x00, 0xe2, 0xff,
    0x09, 0x00, 0xe2, 0xff, 0x09, 0x00, 0xe2, 0xff, 0x09, 0x00, 0xe2, 0xff, 0x09, 0x00, 0xe2, 0xff,
    0x09, 0x00, 0xe2, 0xff, 0x09, 0x00, 0xe2, 0xff, 0x09, 0x00, 0xe2, 0xff, 0x09, 0x00, 0xe2, 0xff,
    0x09, 0x00, 0xe2, 0xff, 0x09, 0x00, 0xe2, 0xff, 0x09, 0x00, 0xe2, 0xff, 0x09, 0x00, 0xe2, 0xff,
    0x09, 0x00, 0xe2, 0xff, 0x09, 0x00, 0xe2, 0xff, 0x09, 0x00, 0xe2, 0xff, 0x09, 0x00, 0xe2, 0xff,
    0x09, 0x00, 0xe2, 0xff, 0x09, 0x00, 0xe2, 0xff, 0x09, 0x00, 0xe2, 0xff, 0x09, 0x00, 0xe2, 0xff,
    0x09, 0x00, 0xe2, 0xff, 0x09, 0x00, 0xe2, 0xff, 0x09, 0x00, 0xe2, 0xff, 0x09, 0x00, 0xe2, 0xff,
    0x09, 0x00, 0xe2, 0xff, 0x09, 0x00, 0xe2, 0xff, 0x09, 0x00, 0xe2, 0xff, 0x09, 0x00, 0xe2, 0xff,
    0x09, 0x00, 0xe2, 0xff, 0x09, 0x00, 0xe2, 0xff, 0x09, 0x00, 0xe2, 0xff, 0x09, 0x00, 0xe2, 0xff,
    0x09, 0x00, 0xe2, 0xff, 0x09, 0x00, 0xe2, 0xff, 0x09, 0x00, 0xe2, 0xff, 0x09, 0x00, 0xe2, 0xff,
    0x09, 0x00, 0xe2, 0xff, 0x09, 0x00, 0xe2, 0xff, 0x09, 0x00, 0xe2, 0xff, 0x09, 0x00, 0xe2, 0xff,
    0x09, 0x00, 0xe2, 0xff, 0x09, 0x00, 0xe2, 0xff, 0x09, 0x00, 0xe2, 0xff, 0x09, 0x00, 0xe2, 0xff,
    0x09, 0x00, 0xe2, 0xff, 0x09, 0x00, 0xe2, 0xff, 0x09, 0x00, 0xe2, 0xff, 0x09, 0x00, 0xe2, 0xff,
    0x09, 0x00, 0xe2, 0xff, 0x09, 0x00, 0xe2, 0xff, 0x09, 0x00, 0xe2, 0xff, 0x09, 0x00, 0xe2, 0xff,
    0x09, 0x00, 0xe2, 0xff, 0x09, 0x00, 0xe2, 0xff, 0x09, 0x00, 0xe2, 0xff, 0x09, 0x00, 0xe2, 0xff,
    0x09, 0x00, 0xe2, 0xff, 0x09, 0x00, 0xe2, 0xff, 0x09, 0x00, 0xe2, 0xff, 0x09, 0x00, 0xe2, 0xff,
    0x09, 0x00, 0xe2, 0xff, 0x09, 0x00, 0xe2, 0xff, 0x09, 0x00, 0xe2, 0xff, 0x09, 0x00, 0xe2, 0xff,
    0x09, 0x00, 0xe2, 0xff, 0x09, 0x00, 0xe2, 0xff, 0x09, 0x00, 0xe2, 0xff, 0x09, 0x00, 0xe2, 0xff,
    0x09, 0x00, 0xe2, 0xff, 0x09, 0x00, 0xe2, 0xff, 0x09, 0x00, 0xe2, 0xff, 0x09, 0x00, 0xe2, 0xff,
    0x09, 0x00, 0xe2, 0xff, 0x09, 0x00, 0xe2, 0xff, 0x09, 0x00, 0xe2, 0xff, 0x09, 0x00, 0xe2, 0xff,
    0x09, 0x00, 0xe2, 0xff, 0x09, 0x00, 0xe2, 0xff, 0x09, 0x00, 0xe2, 0xff, 0x09, 0x00, 0xe2, 0xff,
    0x09, 0x00, 0xe2, 0xff, 0x09, 0x00, 0xe2, 0xff, 0x09, 0x00, 0xe2, 0xff, 0x09, 0x00, 0xe2, 0xff,
    0x09, 0x00, 0xe2, 0xff, 0x09, 0x00, 0xe2, 0xff, 0x09, 0x00, 0xe2, 0xff, 0x09, 0x00, 0xe2, 0xff,
    0x09, 0x00, 0xe2, 0xff, 0x09, 0x00, 0xe2, 0xff, 0x09, 0x00, 0xe2, 0xff, 0x09, 0x00, 0xe2, 0xff,
    0x09, 0x00, 0xe2, 0xff, 0x09, 0x00, 0xe2, 0xff, 0x09, 0x00, 0xe2, 0xff, 0x09, 0x00, 0xe2, 0xff,
    0x09, 0x00, 0xe2, 0xff, 0x09, 0x00, 0xe2, 0xff, 0x09, 0x00, 0xe2, 0xff, 0x09, 0x00, 0xe2, 0xff,
    0x09, 0x00, 0xe2, 0xff, 0x09, 0x00, 0xe2, 0xff, 0x09, 0x00, 0xe2, 0xff, 0x09, 0x00, 0xe2, 0xff,
    0x09, 0x00, 0xe2, 0xff, 0x09, 0x00, 0xe2, 0xff, 0x09, 0x00, 0xe2, 0xff, 0x09, 0x00, 0xe2, 0xff,
    0x09, 0x00, 0xe2, 0xff, 0x09, 0x00, 0xe2, 0xff, 0x09, 0x00, 0xe2, 0xff, 0x09, 0x00, 0xe2, 0xff,
    0x09, 0x00, 0xe2, 0xff, 0x09, 0x00, 0xe2, 0xff, 0x09, 0x00, 0xe2, 0xff, 0x09, 0x00, 0xe2, 0xff,
    0x09, 0x00, 0xe2, 0xff, 0x09, 0x00, 0xe2, 0xff, 0x09, 0x00, 0xe2, 0xff, 0x09, 0x00, 0xe2, 0xff,
    0x09, 0x00, 0xe2, 0xff, 0x09, 0x00, 0xe2, 0xff, 0x09, 0x00, 0xe2, 0xff, 0x09, 0x00, 0xe2, 0xff,
    0x09, 0x00, 0xe2, 0xff, 0x09, 0x00, 0xe2, 0xff, 0x09, 0x00, 0xe2, 0xff, 0x09, 0x00, 0xe2, 0xff,
    0x09, 0x00, 0xe2, 0xff, 0x09, 0x00, 0xe2, 0xff, 0x09, 0x00, 0xe2, 0xff, 0x09, 0x00, 0xe2, 0xff,
    0x09, 0x00, 0xe2, 0xff, 0x09, 0x00, 0xe2, 0xff, 0x09, 0x00, 0xe2, 0xff, 0x09, 0x00, 0xe2, 0xff,
    0x09, 0x00, 0xe2, 0xff, 0x09, 0x00, 0xe2, 0xff, 0x09, 0x00, 0xe2, 0xff, 0x09, 0x00, 0xe2, 0xff,
    0x09, 0x00, 0xe2, 0xff, 0x09, 0x00, 0xe2, 0xff, 0x09, 0x00, 0xe2, 0xff, 0x09, 0x00, 0xe2, 0xff,
    0x09, 0x00, 0xe2, 0xff, 0x09, 0x00, 0xe2, 0xff, 0x09, 0x00, 0xe2, 0xff, 0x09, 0x00, 0xe2, 0xff,
    0x09, 0x00, 0xe2, 0xff, 0x09, 0x00, 0xe2, 0xff, 0x09, 0x00, 0xe2, 0xff, 0x09, 0x00, 0xe2, 0xff,
    0x09, 0x00, 0xe2, 0xff, 0x09, 0x00, 0xe2, 0xff, 0x09, 0x00, 0xe2, 0xff, 0x09, 0x00, 0xe2, 0xff,
    0x09, 0x00, 0xe2, 0xff, 0x09, 0x00, 0xe2, 0xff, 0x09, 0x00, 0xe2, 0xff, 0x09, 0x00, 0xe2, 0xff,
    0x09, 0x00, 0xe2, 0xff, 0x09, 0x00, 0xe2, 0xff, 0x09, 0x00, 0xe2, 0xff, 0x09, 0x00, 0xe2, 0xff,
    0x09, 0x00, 0xe2, 0xff, 0x09, 0x00, 0xe2, 0xff, 0x09, 0x00, 0xe2, 0xff, 0x09, 0x00, 0xe2, 0xff,
    0x09, 0x00, 0xe2, 0xff, 0x09, 0x00, 0xe2, 0xff, 0x09, 0x00, 0xe2, 0xff, 0x09, 0x00, 0xe2, 0xff,
    0x09, 0x00, 0xe2, 0xff, 0x09, 0x00, 0xe2, 0xff, 0x09, 0x00, 0xe2, 0xff, 0x09, 0x00, 0xe2, 0xff,
    0x09, 0x00, 0xe2, 0xff, 0x09, 0x00, 0xe2, 0xff, 0x09, 0x00, 0xe2, 0xff, 0x09, 0x00, 0xe2, 0xff,
    0x09, 0x00, 0xe2, 0xff, 0x09, 0x00, 0xe1, 0xfd, 0x09, 0x00, 0xe1, 0xfc, 0x09, 0x00, 0xe1, 0xfc,
    0x09, 0x00, 0xe3, 0xff, 0x09, 0x00, 0xeb, 0xff, 0x0a, 0x00, 0xf1, 0xff, 0x09, 0x00, 0xeb, 0xff,
    0x08, 0x00, 0xe3, 0xe7, 0x08, 0x00, 0xe4, 0xab, 0x0a, 0x00, 0xe4, 0x61, 0x08, 0x00, 0xde, 0x1f,
    0x00, 0x00, 0x00, 0x00, 0x00, 0x00, 0x00, 0x00, 0x00, 0x00, 0x00, 0x00, 0x00, 0x00, 0xff, 0x01,
    0x00, 0x00, 0xbf, 0x04, 0x00, 0x00, 0xff, 0x02, 0x00, 0x00, 0x00, 0x00, 0x00, 0x00, 0x00, 0x00,
    0x00, 0x00, 0x00, 0x00, 0x00, 0x00, 0x00, 0x00, 0x00, 0x00, 0x00, 0x00, 0x00, 0x00, 0x00, 0x00,
    0x00, 0x00, 0x00, 0x00, 0x00, 0x00, 0x00, 0x00, 0x00, 0x00, 0x00, 0x00, 0x00, 0x00, 0x00, 0x00,
    0x00, 0x00, 0x00, 0x00, 0x00, 0x00, 0x00, 0x00, 0x00, 0x00, 0x00, 0x00, 0x00, 0x00, 0x00, 0x00,
    0x00, 0x00, 0x00, 0x00, 0x00, 0x00, 0x00, 0x00, 0x00, 0x00, 0x00, 0x00, 0x00, 0x00, 0x00, 0x00,
    0x00, 0x00, 0x00, 0x00, 0x00, 0x00, 0x00, 0x00, 0x00, 0x00, 0x00, 0x00, 0x00, 0x00, 0x00, 0x00,
    0x00, 0x00, 0x00, 0x00, 0x00, 0x00, 0x00, 0x00, 0x00, 0x00, 0x00, 0x00, 0x00, 0x00, 0x00, 0x00,
    0x00, 0x00, 0x00, 0x00, 0x00, 0x00, 0x00, 0x00, 0x00, 0x00, 0x00, 0x00, 0x00, 0x00, 0x00, 0x00,
    0x00, 0x00, 0x00, 0x00, 0x00, 0x00, 0x00, 0x00, 0x00, 0x00, 0x00, 0x00, 0x00, 0x00, 0x00, 0x00,
    0x00, 0x00, 0x00, 0x00, 0x00, 0x00, 0x00, 0x00, 0x00, 0x00, 0x00, 0x00, 0x00, 0x00, 0x00, 0x00,
    0x00, 0x00, 0x00, 0x00, 0x00, 0x00, 0x00, 0x00, 0x00, 0x00, 0x00, 0x00, 0x00, 0x00, 0x00, 0x00,
    0x00, 0x00, 0x00, 0x00, 0x00, 0x00, 0x00, 0x00, 0x00, 0x00, 0x00, 0x00, 0x00, 0x00, 0x00, 0x00,
    0x00, 0x00, 0x00, 0x00, 0x00, 0x00, 0x00, 0x00, 0x00, 0x00, 0x00, 0x00, 0x00, 0x00, 0x00, 0x00,
    0x00, 0x00, 0x00, 0x00, 0x00, 0x00, 0x00, 0x00, 0x00, 0x00, 0x00, 0x00, 0x00, 0x00, 0x00, 0x00,
    0x00, 0x00, 0x00, 0x00, 0x00, 0x00, 0x00, 0x00, 0x00, 0x00, 0x00, 0x00, 0x00, 0x00, 0x00, 0x00,
    0x00, 0x00, 0x00, 0x00, 0x00, 0x00, 0x00, 0x00, 0x00, 0x00, 0x00, 0x00, 0x00, 0x00, 0x00, 0x00,
    0x00, 0x00, 0x00, 0x00, 0x00, 0x00, 0x00, 0x00, 0x00, 0x00, 0x00, 0x00, 0x00, 0x00, 0x00, 0x00,
    0x00, 0x00, 0x00, 0x00, 0x00, 0x00, 0x00, 0x00, 0x00, 0x00, 0x00, 0x00, 0x00, 0x00, 0x00, 0x00,
    0x00, 0x00, 0x00, 0x00, 0x00, 0x00, 0xff, 0x02, 0x00, 0x00, 0xbf, 0x04, 0x00, 0x00, 0x7f, 0x02,
    0x00, 0x00, 0x00, 0x00, 0x00, 0x00, 0x00, 0x00, 0x00, 0x00, 0x00, 0x00, 0x0f, 0x00, 0xe1, 0x11,
    0x0a, 0x00, 0xe3, 0x49, 0x08, 0x00, 0xe2, 0x8e, 0x08, 0x00, 0xe2, 0xcf, 0x09, 0x00, 0xe2, 0xfb,
    0x0a, 0x00, 0xf0, 0xff, 0x0a, 0x00, 0xf0, 0xff, 0x09, 0x00, 0xe8, 0xff, 0x09, 0x00, 0xe2, 0xff,
    0x09, 0x00, 0xe2, 0xfb, 0x09, 0x00, 0xe1, 0xfc, 0x09, 0x00, 0xe2, 0xfd, 0x09, 0x00, 0xe2, 0xff,
    0x09, 0x00, 0xe2, 0xff, 0x09, 0x00, 0xe2, 0xff, 0x09, 0x00, 0xe2, 0xff, 0x09, 0x00, 0xe2, 0xff,
    0x09, 0x00, 0xe2, 0xff, 0x09, 0x00, 0xe2, 0xff, 0x09, 0x00, 0xe2, 0xff, 0x09, 0x00, 0xe2, 0xff,
    0x09, 0x00, 0xe2, 0xff, 0x09, 0x00, 0xe2, 0xff, 0x09, 0x00, 0xe2, 0xff, 0x09, 0x00, 0xe2, 0xff,
    0x09, 0x00, 0xe2, 0xff, 0x09, 0x00, 0xe2, 0xff, 0x09, 0x00, 0xe2, 0xff, 0x09, 0x00, 0xe2, 0xff,
    0x09, 0x00, 0xe2, 0xff, 0x09, 0x00, 0xe2, 0xff, 0x09, 0x00, 0xe2, 0xff, 0x09, 0x00, 0xe2, 0xff,
    0x09, 0x00, 0xe2, 0xff, 0x09, 0x00, 0xe2, 0xff, 0x09, 0x00, 0xe2, 0xff, 0x09, 0x00, 0xe2, 0xff,
    0x09, 0x00, 0xe2, 0xff, 0x09, 0x00, 0xe2, 0xff, 0x09, 0x00, 0xe2, 0xff, 0x09, 0x00, 0xe2, 0xff,
    0x09, 0x00, 0xe2, 0xff, 0x09, 0x00, 0xe2, 0xff, 0x09, 0x00, 0xe2, 0xff, 0x09, 0x00, 0xe2, 0xff,
    0x09, 0x00, 0xe2, 0xff, 0x09, 0x00, 0xe2, 0xff, 0x09, 0x00, 0xe2, 0xff, 0x09, 0x00, 0xe2, 0xff,
    0x09, 0x00, 0xe2, 0xff, 0x09, 0x00, 0xe2, 0xff, 0x09, 0x00, 0xe2, 0xff, 0x09, 0x00, 0xe2, 0xff,
    0x09, 0x00, 0xe2, 0xff, 0x09, 0x00, 0xe2, 0xff, 0x09, 0x00, 0xe2, 0xff, 0x09, 0x00, 0xe2, 0xff,
    0x09, 0x00, 0xe2, 0xff, 0x09, 0x00, 0xe2, 0xff, 0x09, 0x00, 0xe2, 0xff, 0x09, 0x00, 0xe2, 0xff,
    0x09, 0x00, 0xe2, 0xff, 0x09, 0x00, 0xe2, 0xff, 0x09, 0x00, 0xe2, 0xff, 0x09, 0x00, 0xe2, 0xff,
    0x09, 0x00, 0xe2, 0xff, 0x09, 0x00, 0xe2, 0xff, 0x09, 0x00, 0xe2, 0xff, 0x09, 0x00, 0xe2, 0xff,
    0x09, 0x00, 0xe2, 0xff, 0x09, 0x00, 0xe2, 0xff, 0x09, 0x00, 0xe2, 0xff, 0x09, 0x00, 0xe2, 0xff,
    0x09, 0x00, 0xe2, 0xff, 0x09, 0x00, 0xe2, 0xff, 0x09, 0x00, 0xe2, 0xff, 0x09, 0x00, 0xe2, 0xff,
    0x09, 0x00, 0xe2, 0xff, 0x09, 0x00, 0xe2, 0xff, 0x09, 0x00, 0xe2, 0xff, 0x09, 0x00, 0xe2, 0xff,
    0x09, 0x00, 0xe2, 0xff, 0x09, 0x00, 0xe2, 0xff, 0x09, 0x00, 0xe2, 0xff, 0x09, 0x00, 0xe2, 0xff,
    0x09, 0x00, 0xe2, 0xff, 0x09, 0x00, 0xe2, 0xff, 0x09, 0x00, 0xe2, 0xff, 0x09, 0x00, 0xe2, 0xff,
    0x09, 0x00, 0xe2, 0xff, 0x09, 0x00, 0xe2, 0xff, 0x09, 0x00, 0xe2, 0xff, 0x09, 0x00, 0xe2, 0xff,
    0x09, 0x00, 0xe2, 0xff, 0x09, 0x00, 0xe2, 0xff, 0x09, 0x00, 0xe2, 0xff, 0x09, 0x00, 0xe2, 0xff,
    0x09, 0x00, 0xe2, 0xff, 0x09, 0x00, 0xe2, 0xff, 0x09, 0x00, 0xe2, 0xff, 0x09, 0x00, 0xe2, 0xff,
    0x09, 0x00, 0xe2, 0xff, 0x09, 0x00, 0xe2, 0xff, 0x09, 0x00, 0xe2, 0xff, 0x09, 0x00, 0xe2, 0xff,
    0x09, 0x00, 0xe2, 0xff, 0x09, 0x00, 0xe2, 0xff, 0x09, 0x00, 0xe2, 0xff, 0x09, 0x00, 0xe2, 0xff,
    0x09, 0x00, 0xe2, 0xff, 0x09, 0x00, 0xe2, 0xff, 0x09, 0x00, 0xe2, 0xff, 0x09, 0x00, 0xe2, 0xff,
    0x09, 0x00, 0xe2, 0xff, 0x09, 0x00, 0xe2, 0xff, 0x09, 0x00, 0xe2, 0xff, 0x09, 0x00, 0xe2, 0xff,
    0x09, 0x00, 0xe2, 0xff, 0x09, 0x00, 0xe2, 0xff, 0x09, 0x00, 0xe2, 0xff, 0x09, 0x00, 0xe2, 0xff,
    0x09, 0x00, 0xe2, 0xff, 0x09, 0x00, 0xe2, 0xff, 0x09, 0x00, 0xe2, 0xff, 0x09, 0x00, 0xe2, 0xff,
    0x09, 0x00, 0xe2, 0xff, 0x09, 0x00, 0xe2, 0xff, 0x09, 0x00, 0xe2, 0xff, 0x09, 0x00, 0xe2, 0xff,
    0x09, 0x00, 0xe2, 0xff, 0x09, 0x00, 0xe2, 0xff, 0x09, 0x00, 0xe2, 0xff, 0x09, 0x00, 0xe2, 0xff,
    0x09, 0x00, 0xe2, 0xff, 0x09, 0x00, 0xe2, 0xff, 0x09, 0x00, 0xe2, 0xff, 0x09, 0x00, 0xe2, 0xff,
    0x09, 0x00, 0xe2, 0xff, 0x09, 0x00, 0xe2, 0xff, 0x09, 0x00, 0xe2, 0xff, 0x09, 0x00, 0xe2, 0xff,
    0x09, 0x00, 0xe2, 0xff, 0x09, 0x00, 0xe2, 0xff, 0x09, 0x00, 0xe2, 0xff, 0x09, 0x00, 0xe2, 0xff,
    0x09, 0x00, 0xe2, 0xff, 0x09, 0x00, 0xe2, 0xff, 0x09, 0x00, 0xe2, 0xff, 0x09, 0x00, 0xe2, 0xff,
    0x09, 0x00, 0xe2, 0xff, 0x09, 0x00, 0xe2, 0xff, 0x09, 0x00, 0xe2, 0xff, 0x09, 0x00, 0xe2, 0xff,
    0x09, 0x00, 0xe2, 0xff, 0x09, 0x00, 0xe2, 0xff, 0x09, 0x00, 0xe2, 0xff, 0x09, 0x00, 0xe2, 0xff,
    0x09, 0x00, 0xe2, 0xff, 0x09, 0x00, 0xe2, 0xff, 0x09, 0x00, 0xe2, 0xff, 0x09, 0x00, 0xe2, 0xff,
    0x09, 0x00, 0xe2, 0xff, 0x09, 0x00, 0xe2, 0xff, 0x09, 0x00, 0xe2, 0xff, 0x09, 0x00, 0xe2, 0xff,
    0x09, 0x00, 0xe2, 0xff, 0x09, 0x00, 0xe2, 0xff, 0x09, 0x00, 0xe2, 0xff, 0x09, 0x00, 0xe2, 0xff,
    0x09, 0x00, 0xe2, 0xff, 0x09, 0x00, 0xe2, 0xff, 0x09, 0x00, 0xe2, 0xff, 0x09, 0x00, 0xe2, 0xff,
    0x09, 0x00, 0xe2, 0xff, 0x09, 0x00, 0xe2, 0xff, 0x09, 0x00, 0xe2, 0xff, 0x09, 0x00, 0xe2, 0xff,
    0x09, 0x00, 0xe2, 0xff, 0x09, 0x00, 0xe2, 0xff, 0x09, 0x00, 0xe2, 0xff, 0x09, 0x00, 0xe2, 0xff,
    0x09, 0x00, 0xe2, 0xff, 0x09, 0x00, 0xe2, 0xff, 0x09, 0x00, 0xe2, 0xff, 0x09, 0x00, 0xe2, 0xff,
    0x09, 0x00, 0xe2, 0xff, 0x09, 0x00, 0xe2, 0xff, 0x09, 0x00, 0xe2, 0xff, 0x09, 0x00, 0xe2, 0xff,
    0x09, 0x00, 0xe2, 0xff, 0x09, 0x00, 0xe2, 0xff, 0x09, 0x00, 0xe2, 0xff, 0x09, 0x00, 0xe2, 0xff,
    0x09, 0x00, 0xe2, 0xff, 0x09, 0x00, 0xe2, 0xff, 0x09, 0x00, 0xe2, 0xff, 0x09, 0x00, 0xe2, 0xff,
    0x09, 0x00, 0xe2, 0xff, 0x09, 0x00, 0xe2, 0xff, 0x09, 0x00, 0xe2, 0xff, 0x09, 0x00, 0xe2, 0xff,
    0x09, 0x00, 0xe2, 0xff, 0x09, 0x00, 0xe2, 0xff, 0x09, 0x00, 0xe2, 0xff, 0x09, 0x00, 0xe2, 0xff,
    0x09, 0x00, 0xe2, 0xff, 0x09, 0x00, 0xe2, 0xff, 0x09, 0x00, 0xe2, 0xff, 0x09, 0x00, 0xe2, 0xff,
    0x09, 0x00, 0xe2, 0xff, 0x09, 0x00, 0xe2, 0xff, 0x09, 0x00, 0xe2, 0xff, 0x09, 0x00, 0xe2, 0xff,
    0x09, 0x00, 0xe2, 0xff, 0x09, 0x00, 0xe2, 0xff, 0x09, 0x00, 0xe2, 0xff, 0x09, 0x00, 0xe2, 0xff,
    0x09, 0x00, 0xe2, 0xff, 0x09, 0x00, 0xe2, 0xff, 0x09, 0x00, 0xe2, 0xff, 0x09, 0x00, 0xe2, 0xff,
    0x09, 0x00, 0xe2, 0xff, 0x09, 0x00, 0xe2, 0xfd, 0x09, 0x00, 0xe1, 0xfc, 0x09, 0x00, 0xe2, 0xfb,
    0x09, 0x00, 0xe1, 0xff, 0x09, 0x00, 0xe8, 0xff, 0x0a, 0x00, 0xf0, 0xff, 0x0a, 0x00, 0xf0, 0xff,
    0x09, 0x00, 0xe3, 0xfb, 0x08, 0x00, 0xe2, 0xd0, 0x08, 0x00, 0xe2, 0x8f, 0x0a, 0x00, 0xe3, 0x4a,
    0x0e, 0x00, 0xe2, 0x12, 0x00, 0x00, 0x00, 0x00, 0x00, 0x00, 0x00, 0x00, 0x00, 0x00, 0x00, 0x00,
    0x00, 0x00, 0xff, 0x01, 0x00, 0x00, 0xbf, 0x04, 0x00, 0x00, 0xff, 0x02, 0x00, 0x00, 0x00, 0x00,
    0x00, 0x00, 0x00, 0x00, 0x00, 0x00, 0x00, 0x00, 0x00, 0x00, 0x00, 0x00, 0x00, 0x00, 0x00, 0x00,
    0x00, 0x00, 0x00, 0x00, 0x00, 0x00, 0x00, 0x00, 0x00, 0x00, 0x00, 0x00, 0x00, 0x00, 0x00, 0x00,
    0x00, 0x00, 0x00, 0x00, 0x00, 0x00, 0x00, 0x00, 0x00, 0x00, 0x00, 0x00, 0x00, 0x00, 0x00, 0x00,
    0x00, 0x00, 0x00, 0x00, 0x00, 0x00, 0x00, 0x00, 0x00, 0x00, 0x00, 0x00, 0x00, 0x00, 0x00, 0x00,
    0x00, 0x00, 0x00, 0x00, 0x00, 0x00, 0x00, 0x00, 0x00, 0x00, 0x00, 0x00, 0x00, 0x00, 0x00, 0x00,
    0x00, 0x00, 0x00, 0x00, 0x00, 0x00, 0x00, 0x00, 0x00, 0x00, 0x00, 0x00, 0x00, 0x00, 0x00, 0x00,
    0x00, 0x00, 0x00, 0x00, 0x00, 0x00, 0x00, 0x00, 0x00, 0x00, 0x00, 0x00, 0x00, 0x00, 0x00, 0x00,
    0x00, 0x00, 0x00, 0x00, 0x00, 0x00, 0x00, 0x00, 0x00, 0x00, 0x00, 0x00, 0x00, 0x00, 0x00, 0x00,
    0x00, 0x00, 0x00, 0x00, 0x00, 0x00, 0x00, 0x00, 0x00, 0x00, 0x00, 0x00, 0x00, 0x00, 0x00, 0x00,
    0x00, 0x00, 0x00, 0x00, 0x00, 0x00, 0x00, 0x00, 0x00, 0x00, 0x00, 0x00, 0x00, 0x00, 0x00, 0x00,
    0x00, 0x00, 0x00, 0x00, 0x00, 0x00, 0x00, 0x00, 0x00, 0x00, 0x00, 0x00, 0x00, 0x00, 0x00, 0x00,
    0x00, 0x00, 0x00, 0x00, 0x00, 0x00, 0x00, 0x00, 0x00, 0x00, 0x00, 0x00, 0x00, 0x00, 0x00, 0x00,
    0x00, 0x00, 0x00, 0x00, 0x00, 0x00, 0x00, 0x00, 0x00, 0x00, 0x00, 0x00, 0x00, 0x00, 0x00, 0x00,
    0x00, 0x00, 0x00, 0x00, 0x00, 0x00, 0x00, 0x00, 0x00, 0x00, 0x00, 0x00, 0x00, 0x00, 0x00, 0x00,
    0x00, 0x00, 0x00, 0x00, 0x00, 0x00, 0x00, 0x00, 0x00, 0x00, 0x00, 0x00, 0x00, 0x00, 0x00, 0x00,
    0x00, 0x00, 0x00, 0x00, 0x00, 0x00, 0x00, 0x00, 0x00, 0x00, 0x00, 0x00, 0x00, 0x00, 0x00, 0x00,
    0x00, 0x00, 0x00, 0x00, 0x00, 0x00, 0x00, 0x00, 0x00, 0x00, 0x00, 0x00, 0x00, 0x00, 0x00, 0x00,
    0x00, 0x00, 0x00, 0x00, 0x00, 0x00, 0x00, 0x00, 0x00, 0x00, 0x00, 0x00, 0x00, 0x00, 0x00, 0x00,
    0x00, 0x00, 0x00, 0x00, 0x00, 0x00, 0x00, 0x00, 0x00, 0x00, 0x00, 0x00, 0x00, 0x00, 0x00, 0x00,
    0x00, 0x00, 0x7f, 0x02, 0x00, 0x00, 0xbf, 0x04, 0x00, 0x00, 0xaa, 0x03, 0x00, 0x00, 0x00, 0x00,
    0x00, 0x00, 0x00, 0x00, 0x00, 0x00, 0x00, 0x00, 0x00, 0x00, 0x00, 0x00, 0x06, 0x00, 0xdf, 0x28,
    0x07, 0x00, 0xe2, 0x63, 0x09, 0x00, 0xe4, 0xa6, 0x09, 0x00, 0xe4, 0xdd, 0x09, 0x00, 0xe5, 0xff,
    0x0a, 0x00, 0xf1, 0xff, 0x0a, 0x00, 0xef, 0xff, 0x09, 0x00, 0xe8, 0xff, 0x09, 0x00, 0xe2, 0xff,
    0x09, 0x00, 0xe1, 0xfc, 0x09, 0x00, 0xe2, 0xfb, 0x09, 0x00, 0xe1, 0xfd, 0x09, 0x00, 0xe1, 0xfe,
    0x09, 0x00, 0xe2, 0xff, 0x09, 0x00, 0xe2, 0xff, 0x09, 0x00, 0xe2, 0xff, 0x09, 0x00, 0xe2, 0xff,
    0x09, 0x00, 0xe2, 0xff, 0x09, 0x00, 0xe2, 0xff, 0x09, 0x00, 0xe2, 0xff, 0x09, 0x00, 0xe2, 0xff,
    0x09, 0x00, 0xe2, 0xff, 0x09, 0x00, 0xe2, 0xff, 0x09, 0x00, 0xe2, 0xff, 0x09, 0x00, 0xe2, 0xff,
    0x09, 0x00, 0xe2, 0xff, 0x09, 0x00, 0xe2, 0xff, 0x09, 0x00, 0xe2, 0xff, 0x09, 0x00, 0xe2, 0xff,
    0x09, 0x00, 0xe2, 0xff, 0x09, 0x00, 0xe2, 0xff, 0x09, 0x00, 0xe2, 0xff, 0x09, 0x00, 0xe2, 0xff,
    0x09, 0x00, 0xe2, 0xff, 0x09, 0x00, 0xe2, 0xff, 0x09, 0x00, 0xe2, 0xff, 0x09, 0x00, 0xe2, 0xff,
    0x09, 0x00, 0xe2, 0xff, 0x09, 0x00, 0xe2, 0xff, 0x09, 0x00, 0xe2, 0xff, 0x09, 0x00, 0xe2, 0xff,
    0x09, 0x00, 0xe2, 0xff, 0x09, 0x00, 0xe2, 0xff, 0x09, 0x00, 0xe2, 0xff, 0x09, 0x00, 0xe2, 0xff,
    0x09, 0x00, 0xe2, 0xff, 0x09, 0x00, 0xe2, 0xff, 0x09, 0x00, 0xe2, 0xff, 0x09, 0x00, 0xe2, 0xff,
    0x09, 0x00, 0xe2, 0xff, 0x09, 0x00, 0xe2, 0xff, 0x09, 0x00, 0xe2, 0xff, 0x09, 0x00, 0xe2, 0xff,
    0x09, 0x00, 0xe2, 0xff, 0x09, 0x00, 0xe2, 0xff, 0x09, 0x00, 0xe2, 0xff, 0x09, 0x00, 0xe2, 0xff,
    0x09, 0x00, 0xe2, 0xff, 0x09, 0x00, 0xe2, 0xff, 0x09, 0x00, 0xe2, 0xff, 0x09, 0x00, 0xe2, 0xff,
    0x09, 0x00, 0xe2, 0xff, 0x09, 0x00, 0xe2, 0xff, 0x09, 0x00, 0xe2, 0xff, 0x09, 0x00, 0xe2, 0xff,
    0x09, 0x00, 0xe2, 0xff, 0x09, 0x00, 0xe2, 0xff, 0x09, 0x00, 0xe2, 0xff, 0x09, 0x00, 0xe2, 0xff,
    0x09, 0x00, 0xe2, 0xff, 0x09, 0x00, 0xe2, 0xff, 0x09, 0x00, 0xe2, 0xff, 0x09, 0x00, 0xe2, 0xff,
    0x09, 0x00, 0xe2, 0xff, 0x09, 0x00, 0xe2, 0xff, 0x09, 0x00, 0xe2, 0xff, 0x09, 0x00, 0xe2, 0xff,
    0x09, 0x00, 0xe2, 0xff, 0x09, 0x00, 0xe2, 0xff, 0x09, 0x00, 0xe2, 0xff, 0x09, 0x00, 0xe2, 0xff,
    0x09, 0x00, 0xe2, 0xff, 0x09, 0x00, 0xe2, 0xff, 0x09, 0x00, 0xe2, 0xff, 0x09, 0x00, 0xe2, 0xff,
    0x09, 0x00, 0xe2, 0xff, 0x09, 0x00, 0xe2, 0xff, 0x09, 0x00, 0xe2, 0xff, 0x09, 0x00, 0xe2, 0xff,
    0x09, 0x00, 0xe2, 0xff, 0x09, 0x00, 0xe2, 0xff, 0x09, 0x00, 0xe2, 0xff, 0x09, 0x00, 0xe2, 0xff,
    0x09, 0x00, 0xe2, 0xff, 0x09, 0x00, 0xe2, 0xff, 0x09, 0x00, 0xe2, 0xff, 0x09, 0x00, 0xe2, 0xff,
    0x09, 0x00, 0xe2, 0xff, 0x09, 0x00, 0xe2, 0xff, 0x09, 0x00, 0xe2, 0xff, 0x09, 0x00, 0xe2, 0xff,
    0x09, 0x00, 0xe2, 0xff, 0x09, 0x00, 0xe2, 0xff, 0x09, 0x00, 0xe2, 0xff, 0x09, 0x00, 0xe2, 0xff,
    0x09, 0x00, 0xe2, 0xff, 0x09, 0x00, 0xe2, 0xff, 0x09, 0x00, 0xe2, 0xff, 0x09, 0x00, 0xe2, 0xff,
    0x09, 0x00, 0xe2, 0xff, 0x09, 0x00, 0xe2, 0xff, 0x09, 0x00, 0xe2, 0xff, 0x09, 0x00, 0xe2, 0xff,
    0x09, 0x00, 0xe2, 0xff, 0x09, 0x00, 0xe2, 0xff, 0x09, 0x00, 0xe2, 0xff, 0x09, 0x00, 0xe2, 0xff,
    0x09, 0x00, 0xe2, 0xff, 0x09, 0x00, 0xe2, 0xff, 0x09, 0x00, 0xe2, 0xff, 0x09, 0x00, 0xe2, 0xff,
    0x09, 0x00, 0xe2, 0xff, 0x09, 0x00, 0xe2, 0xff, 0x09, 0x00, 0xe2, 0xff, 0x09, 0x00, 0xe2, 0xff,
    0x09, 0x00, 0xe2, 0xff, 0x09, 0x00, 0xe2, 0xff, 0x09, 0x00, 0xe2, 0xff, 0x09, 0x00, 0xe2, 0xff,
    0x09, 0x00, 0xe2, 0xff, 0x09, 0x00, 0xe2, 0xff, 0x09, 0x00, 0xe2, 0xff, 0x09, 0x00, 0xe2, 0xff,
    0x09, 0x00, 0xe2, 0xff, 0x09, 0x00, 0xe2, 0xff, 0x09, 0x00, 0xe2, 0xff, 0x09, 0x00, 0xe2, 0xff,
    0x09, 0x00, 0xe2, 0xff, 0x09, 0x00, 0xe2, 0xff, 0x09, 0x00, 0xe2, 0xff, 0x09, 0x00, 0xe2, 0xff,
    0x09, 0x00, 0xe2, 0xff, 0x09, 0x00, 0xe2, 0xff, 0x09, 0x00, 0xe2, 0xff, 0x09, 0x00, 0xe2, 0xff,
    0x09, 0x00, 0xe2, 0xff, 0x09, 0x00, 0xe2, 0xff, 0x09, 0x00, 0xe2, 0xff, 0x09, 0x00, 0xe2, 0xff,
    0x09, 0x00, 0xe2, 0xff, 0x09, 0x00, 0xe2, 0xff, 0x09, 0x00, 0xe2, 0xff, 0x09, 0x00, 0xe2, 0xff,
    0x09, 0x00, 0xe2, 0xff, 0x09, 0x00, 0xe2, 0xff, 0x09, 0x00, 0xe2, 0xff, 0x09, 0x00, 0xe2, 0xff,
    0x09, 0x00, 0xe2, 0xff, 0x09, 0x00, 0xe2, 0xff, 0x09, 0x00, 0xe2, 0xff, 0x09, 0x00, 0xe2, 0xff,
    0x09, 0x00, 0xe2, 0xff, 0x09, 0x00, 0xe2, 0xff, 0x09, 0x00, 0xe2, 0xff, 0x09, 0x00, 0xe2, 0xff,
    0x09, 0x00, 0xe2, 0xff, 0x09, 0x00, 0xe2, 0xff, 0x09, 0x00, 0xe2, 0xff, 0x09, 0x00, 0xe2, 0xff,
    0x09, 0x00, 0xe2, 0xff, 0x09, 0x00, 0xe2, 0xff, 0x09, 0x00, 0xe2, 0xff, 0x09, 0x00, 0xe2, 0xff,
    0x09, 0x00, 0xe2, 0xff, 0x09, 0x00, 0xe2, 0xff, 0x09, 0x00, 0xe2, 0xff, 0x09, 0x00, 0xe2, 0xff,
    0x09, 0x00, 0xe2, 0xff, 0x09, 0x00, 0xe2, 0xff, 0x09, 0x00, 0xe2, 0xff, 0x09, 0x00, 0xe2, 0xff,
    0x09, 0x00, 0xe2, 0xff, 0x09, 0x00, 0xe2, 0xff, 0x09, 0x00, 0xe2, 0xff, 0x09, 0x00, 0xe2, 0xff,
    0x09, 0x00, 0xe2, 0xff, 0x09, 0x00, 0xe2, 0xff, 0x09, 0x00, 0xe2, 0xff, 0x09, 0x00, 0xe2, 0xff,
    0x09, 0x00, 0xe2, 0xff, 0x09, 0x00, 0xe2, 0xff, 0x09, 0x00, 0xe2, 0xff, 0x09, 0x00, 0xe2, 0xff,
    0x09, 0x00, 0xe2, 0xff, 0x09, 0x00, 0xe2, 0xff, 0x09, 0x00, 0xe2, 0xff, 0x09, 0x00, 0xe2, 0xff,
    0x09, 0x00, 0xe2, 0xff, 0x09, 0x00, 0xe2, 0xff, 0x09, 0x00, 0xe2, 0xff, 0x09, 0x00, 0xe2, 0xff,
    0x09, 0x00, 0xe2, 0xff, 0x09, 0x00, 0xe2, 0xff, 0x09, 0x00, 0xe2, 0xff, 0x09, 0x00, 0xe2, 0xff,
    0x09, 0x00, 0xe2, 0xff, 0x09, 0x00, 0xe2, 0xff, 0x09, 0x00, 0xe2, 0xff, 0x09, 0x00, 0xe2, 0xff,
    0x09, 0x00, 0xe2, 0xff, 0x09, 0x00, 0xe2, 0xff, 0x09, 0x00, 0xe2, 0xff, 0x09, 0x00, 0xe2, 0xff,
    0x09, 0x00, 0xe1, 0xfe, 0x09, 0x00, 0xe1, 0xfd, 0x09, 0x00, 0xe1, 0xfc, 0x09, 0x00, 0xe1, 0xfc,
    0x09, 0x00, 0xe2, 0xff, 0x09, 0x00, 0xe8, 0xff, 0x0a, 0x00, 0xef, 0xff, 0x0a, 0x00, 0xf1, 0xff,
    0x09, 0x00, 0xe5, 0xff, 0x09, 0x00, 0xe4, 0xde, 0x09, 0x00, 0xe5, 0xa7, 0x0a, 0x00, 0xe3, 0x65,
    0x06, 0x00, 0xe6, 0x29, 0x00, 0x00, 0x00, 0x00, 0x00, 0x00, 0x00, 0x00, 0x00, 0x00, 0x00, 0x00,
    0x00, 0x00, 0x00, 0x00, 0x00, 0x00, 0xff, 0x02, 0x00, 0x00, 0xbf, 0x04, 0x00, 0x00, 0x7f, 0x02,
    0x00, 0x00, 0x00, 0x00, 0x00, 0x00, 0x00, 0x00, 0x00, 0x00, 0x00, 0x00, 0x00, 0x00, 0x00, 0x00,
    0x00, 0x00, 0x00, 0x00, 0x00, 0x00, 0x00, 0x00, 0x00, 0x00, 0x00, 0x00, 0x00, 0x00, 0x00, 0x00,
    0x00, 0x00, 0x00, 0x00, 0x00, 0x00, 0x00, 0x00, 0x00, 0x00, 0x00, 0x00, 0x00, 0x00, 0x00, 0x00,
    0x00, 0x00, 0x00, 0x00, 0x00, 0x00, 0x00, 0x00, 0x00, 0x00, 0x00, 0x00, 0x00, 0x00, 0x00, 0x00,
    0x00, 0x00, 0x00, 0x00, 0x00, 0x00, 0x00, 0x00, 0x00, 0x00, 0x00, 0x00, 0x00, 0x00, 0x00, 0x00,
    0x00, 0x00, 0x00, 0x00, 0x00, 0x00, 0x00, 0x00, 0x00, 0x00, 0x00, 0x00, 0x00, 0x00, 0x00, 0x00,
    0x00, 0x00, 0x00, 0x00, 0x00, 0x00, 0x00, 0x00, 0x00, 0x00, 0x00, 0x00, 0x00, 0x00, 0x00, 0x00,
    0x00, 0x00, 0x00, 0x00, 0x00, 0x00, 0x00, 0x00, 0x00, 0x00, 0x00, 0x00, 0x00, 0x00, 0x00, 0x00,
    0x00, 0x00, 0x00, 0x00, 0x00, 0x00, 0x00, 0x00, 0x00, 0x00, 0x00, 0x00, 0x00, 0x00, 0x00, 0x00,
    0x00, 0x00, 0x00, 0x00, 0x00, 0x00, 0x00, 0x00, 0x00, 0x00, 0x00, 0x00, 0x00, 0x00, 0x00, 0x00,
    0x00, 0x00, 0x00, 0x00, 0x00, 0x00, 0x00, 0x00, 0x00, 0x00, 0x00, 0x00, 0x00, 0x00, 0x00, 0x00,
    0x00, 0x00, 0x00, 0x00, 0x00, 0x00, 0x00, 0x00, 0x00, 0x00, 0x00, 0x00, 0x00, 0x00, 0x00, 0x00,
    0x00, 0x00, 0x00, 0x00, 0x00, 0x00, 0x00, 0x00, 0x00, 0x00, 0x00, 0x00, 0x00, 0x00, 0x00, 0x00,
    0x00, 0x00, 0x00, 0x00, 0x00, 0x00, 0x00, 0x00, 0x00, 0x00, 0x00, 0x00, 0x00, 0x00, 0x00, 0x00,
    0x00, 0x00, 0x00, 0x00, 0x00, 0x00, 0x00, 0x00, 0x00, 0x00, 0x00, 0x00, 0x00, 0x00, 0x00, 0x00,
    0x00, 0x00, 0x00, 0x00, 0x00, 0x00, 0x00, 0x00, 0x00, 0x00, 0x00, 0x00, 0x00, 0x00, 0x00, 0x00,
    0x00, 0x00, 0x00, 0x00, 0x00, 0x00, 0x00, 0x00, 0x00, 0x00, 0x00, 0x00, 0x00, 0x00, 0x00, 0x00,
    0x00, 0x00, 0x00, 0x00, 0x00, 0x00, 0x00, 0x00, 0x00, 0x00, 0x00, 0x00, 0x00, 0x00, 0x00, 0x00,
    0x00, 0x00, 0x00, 0x00, 0x00, 0x00, 0x00, 0x00, 0x00, 0x00, 0x00, 0x00, 0x00, 0x00, 0x00, 0x00,
    0x00, 0x00, 0x00, 0x00, 0x00, 0x00, 0x00, 0x00, 0x00, 0x00, 0x00, 0x00, 0x00, 0x00, 0x00, 0x00,
    0x00, 0x00, 0x00, 0x00, 0x00, 0x00, 0x00, 0x00, 0x00, 0x00, 0x00, 0x00, 0x00, 0x00, 0xff, 0x01,
    0x00, 0x00, 0xff, 0x03, 0x00, 0x00, 0xbf, 0x04, 0x00, 0x00, 0x00, 0x00, 0x00, 0x00, 0x00, 0x00,
    0x00, 0x00, 0x00, 0x00, 0x00, 0x00, 0x00, 0x00, 0x00, 0x00, 0xe2, 0x09, 0x09, 0x00, 0xe6, 0x34,
    0x09, 0x00, 0xe5, 0x70, 0x08, 0x00, 0xe4, 0xac, 0x09, 0x00, 0xe3, 0xdf, 0x09, 0x00, 0xe5, 0xff,
    0x0a, 0x00, 0xf0, 0xff, 0x0a, 0x00, 0xf0, 0xff, 0x09, 0x00, 0xea, 0xff, 0x09, 0x00, 0xe3, 0xff,
    0x09, 0x00, 0xe1, 0xfc, 0x09, 0x00, 0xe2, 0xfb, 0x09, 0x00, 0xe1, 0xfc, 0x09, 0x00, 0xe1, 0xfe,
    0x09, 0x00, 0xe2, 0xff, 0x09, 0x00, 0xe2, 0xff, 0x09, 0x00, 0xe2, 0xff, 0x09, 0x00, 0xe2, 0xff,
    0x09, 0x00, 0xe2, 0xff, 0x09, 0x00, 0xe2, 0xff, 0x09, 0x00, 0xe2, 0xff, 0x09, 0x00, 0xe2, 0xff,
    0x09, 0x00, 0xe2, 0xff, 0x09, 0x00, 0xe2, 0xff, 0x09, 0x00, 0xe2, 0xff, 0x09, 0x00, 0xe2, 0xff,
    0x09, 0x00, 0xe2, 0xff, 0x09, 0x00, 0xe2, 0xff, 0x09, 0x00, 0xe2, 0xff, 0x09, 0x00, 0xe2, 0xff,
    0x09, 0x00, 0xe2, 0xff, 0x09, 0x00, 0xe2, 0xff, 0x09, 0x00, 0xe2, 0xff, 0x09, 0x00, 0xe2, 0xff,
    0x09, 0x00, 0xe2, 0xff, 0x09, 0x00, 0xe2, 0xff, 0x09, 0x00, 0xe2, 0xff, 0x09, 0x00, 0xe2, 0xff,
    0x09, 0x00, 0xe2, 0xff, 0x09, 0x00, 0xe2, 0xff, 0x09, 0x00, 0xe2, 0xff, 0x09, 0x00, 0xe2, 0xff,
    0x09, 0x00, 0xe2, 0xff, 0x09, 0x00, 0xe2, 0xff, 0x09, 0x00, 0xe2, 0xff, 0x09, 0x00, 0xe2, 0xff,
    0x09, 0x00, 0xe2, 0xff, 0x09, 0x00, 0xe2, 0xff, 0x09, 0x00, 0xe2, 0xff, 0x09, 0x00, 0xe2, 0xff,
    0x09, 0x00, 0xe2, 0xff, 0x09, 0x00, 0xe2, 0xff, 0x09, 0x00, 0xe2, 0xff, 0x09, 0x00, 0xe2, 0xff,
    0x09, 0x00, 0xe2, 0xff, 0x09, 0x00, 0xe2, 0xff, 0x09, 0x00, 0xe2, 0xff, 0x09, 0x00, 0xe2, 0xff,
    0x09, 0x00, 0xe2, 0xff, 0x09, 0x00, 0xe2, 0xff, 0x09, 0x00, 0xe2, 0xff, 0x09, 0x00, 0xe2, 0xff,
    0x09, 0x00, 0xe2, 0xff, 0x09, 0x00, 0xe2, 0xff, 0x09, 0x00, 0xe2, 0xff, 0x09, 0x00, 0xe2, 0xff,
    0x09, 0x00, 0xe2, 0xff, 0x09, 0x00, 0xe2, 0xff, 0x09, 0x00, 0xe2, 0xff, 0x09, 0x00, 0xe2, 0xff,
    0x09, 0x00, 0xe2, 0xff, 0x09, 0x00, 0xe2, 0xff, 0x09, 0x00, 0xe2, 0xff, 0x09, 0x00, 0xe2, 0xff,
    0x09, 0x00, 0xe2, 0xff, 0x09, 0x00, 0xe2, 0xff, 0x09, 0x00, 0xe2, 0xff, 0x09, 0x00, 0xe2, 0xff,
    0x09, 0x00, 0xe2, 0xff, 0x09, 0x00, 0xe2, 0xff, 0x09, 0x00, 0xe2, 0xff, 0x09, 0x00, 0xe2, 0xff,
    0x09, 0x00, 0xe2, 0xff, 0x09, 0x00, 0xe2, 0xff, 0x09, 0x00, 0xe2, 0xff, 0x09, 0x00, 0xe2, 0xff,
    0x09, 0x00, 0xe2, 0xff, 0x09, 0x00, 0xe2, 0xff, 0x09, 0x00, 0xe2, 0xff, 0x09, 0x00, 0xe2, 0xff,
    0x09, 0x00, 0xe2, 0xff, 0x09, 0x00, 0xe2, 0xff, 0x09, 0x00, 0xe2, 0xff, 0x09, 0x00, 0xe2, 0xff,
    0x09, 0x00, 0xe2, 0xff, 0x09, 0x00, 0xe2, 0xff, 0x09, 0x00, 0xe2, 0xff, 0x09, 0x00, 0xe2, 0xff,
    0x09, 0x00, 0xe2, 0xff, 0x09, 0x00, 0xe2, 0xff, 0x09, 0x00, 0xe2, 0xff, 0x09, 0x00, 0xe2, 0xff,
    0x09, 0x00, 0xe2, 0xff, 0x09, 0x00, 0xe2, 0xff, 0x09, 0x00, 0xe2, 0xff, 0x09, 0x00, 0xe2, 0xff,
    0x09, 0x00, 0xe2, 0xff, 0x09, 0x00, 0xe2, 0xff, 0x09, 0x00, 0xe2, 0xff, 0x09, 0x00, 0xe2, 0xff,
    0x09, 0x00, 0xe2, 0xff, 0x09, 0x00, 0xe2, 0xff, 0x09, 0x00, 0xe2, 0xff, 0x09, 0x00, 0xe2, 0xff,
    0x09, 0x00, 0xe2, 0xff, 0x09, 0x00, 0xe2, 0xff, 0x09, 0x00, 0xe2, 0xff, 0x09, 0x00, 0xe2, 0xff,
    0x09, 0x00, 0xe2, 0xff, 0x09, 0x00, 0xe2, 0xff, 0x09, 0x00, 0xe2, 0xff, 0x09, 0x00, 0xe2, 0xff,
    0x09, 0x00, 0xe2, 0xff, 0x09, 0x00, 0xe2, 0xff, 0x09, 0x00, 0xe2, 0xff, 0x09, 0x00, 0xe2, 0xff,
    0x09, 0x00, 0xe2, 0xff, 0x09, 0x00, 0xe2, 0xff, 0x09, 0x00, 0xe2, 0xff, 0x09, 0x00, 0xe2, 0xff,
    0x09, 0x00, 0xe2, 0xff, 0x09, 0x00, 0xe2, 0xff, 0x09, 0x00, 0xe2, 0xff, 0x09, 0x00, 0xe2, 0xff,
    0x09, 0x00, 0xe2, 0xff, 0x09, 0x00, 0xe2, 0xff, 0x09, 0x00, 0xe2, 0xff, 0x09, 0x00, 0xe2, 0xff,
    0x09, 0x00, 0xe2, 0xff, 0x09, 0x00, 0xe2, 0xff, 0x09, 0x00, 0xe2, 0xff, 0x09, 0x00, 0xe2, 0xff,
    0x09, 0x00, 0xe2, 0xff, 0x09, 0x00, 0xe2, 0xff, 0x09, 0x00, 0xe2, 0xff, 0x09, 0x00, 0xe2, 0xff,
    0x09, 0x00, 0xe2, 0xff, 0x09, 0x00, 0xe2, 0xff, 0x09, 0x00, 0xe2, 0xff, 0x09, 0x00, 0xe2, 0xff,
    0x09, 0x00, 0xe2, 0xff, 0x09, 0x00, 0xe2, 0xff, 0x09, 0x00, 0xe2, 0xff, 0x09, 0x00, 0xe2, 0xff,
    0x09, 0x00, 0xe2, 0xff, 0x09, 0x00, 0xe2, 0xff, 0x09, 0x00, 0xe2, 0xff, 0x09, 0x00, 0xe2, 0xff,
    0x09, 0x00, 0xe2, 0xff, 0x09, 0x00, 0xe2, 0xff, 0x09, 0x00, 0xe2, 0xff, 0x09, 0x00, 0xe2, 0xff,
    0x09, 0x00, 0xe2, 0xff, 0x09, 0x00, 0xe2, 0xff, 0x09, 0x00, 0xe2, 0xff, 0x09, 0x00, 0xe2, 0xff,
    0x09, 0x00, 0xe2, 0xff, 0x09, 0x00, 0xe2, 0xff, 0x09, 0x00, 0xe2, 0xff, 0x09, 0x00, 0xe2, 0xff,
    0x09, 0x00, 0xe2, 0xff, 0x09, 0x00, 0xe2, 0xff, 0x09, 0x00, 0xe2, 0xff, 0x09, 0x00, 0xe2, 0xff,
    0x09, 0x00, 0xe2, 0xff, 0x09, 0x00, 0xe2, 0xff, 0x09, 0x00, 0xe2, 0xff, 0x09, 0x00, 0xe2, 0xff,
    0x09, 0x00, 0xe2, 0xff, 0x09, 0x00, 0xe2, 0xff, 0x09, 0x00, 0xe2, 0xff, 0x09, 0x00, 0xe2, 0xff,
    0x09, 0x00, 0xe2, 0xff, 0x09, 0x00, 0xe2, 0xff, 0x09, 0x00, 0xe2, 0xff, 0x09, 0x00, 0xe2, 0xff,
    0x09, 0x00, 0xe2, 0xff, 0x09, 0x00, 0xe2, 0xff, 0x09, 0x00, 0xe2, 0xff, 0x09, 0x00, 0xe2, 0xff,
    0x09, 0x00, 0xe2, 0xff, 0x09, 0x00, 0xe2, 0xff, 0x09, 0x00, 0xe2, 0xff, 0x09, 0x00, 0xe2, 0xff,
    0x09, 0x00, 0xe2, 0xff, 0x09, 0x00, 0xe2, 0xff, 0x09, 0x00, 0xe2, 0xff, 0x09, 0x00, 0xe2, 0xff,
    0x09, 0x00, 0xe2, 0xff, 0x09, 0x00, 0xe2, 0xff, 0x09, 0x00, 0xe2, 0xff, 0x09, 0x00, 0xe2, 0xff,
    0x09, 0x00, 0xe2, 0xff, 0x09, 0x00, 0xe2, 0xff, 0x09, 0x00, 0xe2, 0xff, 0x09, 0x00, 0xe2, 0xff,
    0x09, 0x00, 0xe1, 0xfe, 0x09, 0x00, 0xe2, 0xfc, 0x09, 0x00, 0xe2, 0xfb, 0x09, 0x00, 0xe1, 0xfc,
    0x09, 0x00, 0xe3, 0xff, 0x09, 0x00, 0xea, 0xff, 0x0a, 0x00, 0xf0, 0xff, 0x0a, 0x00, 0xf1, 0xff,
    0x09, 0x00, 0xe5, 0xff, 0x09, 0x00, 0xe3, 0xe0, 0x08, 0x00, 0xe4, 0xae, 0x09, 0x00, 0xe6, 0x71,
    0x09, 0x00, 0xe7, 0x36, 0x00, 0x00, 0xe5, 0x0a, 0x00, 0x00, 0x00, 0x00, 0x00, 0x00, 0x00, 0x00,
    0x00, 0x00, 0x00, 0x00, 0x00, 0x00, 0x00, 0x00, 0x00, 0x00, 0xbf, 0x04, 0x00, 0x00, 0xff, 0x03,
    0x00, 0x00, 0xff, 0x01, 0x00, 0x00, 0x00, 0x00, 0x00, 0x00, 0x00, 0x00, 0x00, 0x00, 0x00, 0x00,
    0x00, 0x00, 0x00, 0x00, 0x00, 0x00, 0x00, 0x00, 0x00, 0x00, 0x00, 0x00, 0x00, 0x00, 0x00, 0x00,
    0x00, 0x00, 0x00, 0x00, 0x00, 0x00, 0x00, 0x00, 0x00, 0x00, 0x00, 0x00, 0x00, 0x00, 0x00, 0x00,
    0x00, 0x00, 0x00, 0x00, 0x00, 0x00, 0x00, 0x00, 0x00, 0x00, 0x00, 0x00, 0x00, 0x00, 0x00, 0x00,
    0x00, 0x00, 0x00, 0x00, 0x00, 0x00, 0x00, 0x00, 0x00, 0x00, 0x00, 0x00, 0x00, 0x00, 0x00, 0x00,
    0x00, 0x00, 0x00, 0x00, 0x00, 0x00, 0x00, 0x00, 0x00, 0x00, 0x00, 0x00, 0x00, 0x00, 0x00, 0x00,
    0x00, 0x00, 0x00, 0x00, 0x00, 0x00, 0x00, 0x00, 0x00, 0x00, 0x00, 0x00, 0x00, 0x00, 0x00, 0x00,
    0x00, 0x00, 0x00, 0x00, 0x00, 0x00, 0x00, 0x00, 0x00, 0x00, 0x00, 0x00, 0x00, 0x00, 0x00, 0x00,
    0x00, 0x00, 0x00, 0x00, 0x00, 0x00, 0x00, 0x00, 0x00, 0x00, 0x00, 0x00, 0x00, 0x00, 0x00, 0x00,
    0x00, 0x00, 0x00, 0x00, 0x00, 0x00, 0x00, 0x00, 0x00, 0x00, 0x00, 0x00, 0x00, 0x00, 0x00, 0x00,
    0x00, 0x00, 0x00, 0x00, 0x00, 0x00, 0x00, 0x00, 0x00, 0x00, 0x00, 0x00, 0x00, 0x00, 0x00, 0x00,
    0x00, 0x00, 0x00, 0x00, 0x00, 0x00, 0x00, 0x00, 0x00, 0x00, 0x00, 0x00, 0x00, 0x00, 0x00, 0x00,
    0x00, 0x00, 0x00, 0x00, 0x00, 0x00, 0x00, 0x00, 0x00, 0x00, 0x00, 0x00, 0x00, 0x00, 0x00, 0x00,
    0x00, 0x00, 0x00, 0x00, 0x00, 0x00, 0x00, 0x00, 0x00, 0x00, 0x00, 0x00, 0x00, 0x00, 0x00, 0x00,
    0x00, 0x00, 0x00, 0x00, 0x00, 0x00, 0x00, 0x00, 0x00, 0x00, 0x00, 0x00, 0x00, 0x00, 0x00, 0x00,
    0x00, 0x00, 0x00, 0x00, 0x00, 0x00, 0x00, 0x00, 0x00, 0x00, 0x00, 0x00, 0x00, 0x00, 0x00, 0x00,
    0x00, 0x00, 0x00, 0x00, 0x00, 0x00, 0x00, 0x00, 0x00, 0x00, 0x00, 0x00, 0x00, 0x00, 0x00, 0x00,
    0x00, 0x00, 0x00, 0x00, 0x00, 0x00, 0x00, 0x00, 0x00, 0x00, 0x00, 0x00, 0x00, 0x00, 0x00, 0x00,
    0x00, 0x00, 0x00, 0x00, 0x00, 0x00, 0x00, 0x00, 0x00, 0x00, 0x00, 0x00, 0x00, 0x00, 0x00, 0x00,
    0x00, 0x00, 0x00, 0x00, 0x00, 0x00, 0x00, 0x00, 0x00, 0x00, 0x00, 0x00, 0x00, 0x00, 0x00, 0x00,
    0x00, 0x00, 0x00, 0x00, 0x00, 0x00, 0x00, 0x00, 0x00, 0x00, 0x00, 0x00, 0x00, 0x00, 0x00, 0x00,
    0x00, 0x00, 0x00, 0x00, 0x00, 0x00, 0x00, 0x00, 0x00, 0x00, 0x00, 0x00, 0x00, 0x00, 0x00, 0x00,
    0x00, 0x00, 0x00, 0x00, 0x00, 0x00, 0x00, 0x00, 0x00, 0x00, 0x00, 0x00, 0x00, 0x00, 0xff, 0x02,
    0x00, 0x00, 0xbf, 0x04, 0x00, 0x00, 0xff, 0x03, 0x00, 0x00, 0x00, 0x00, 0x00, 0x00, 0x00, 0x00,
    0x00, 0x00, 0x00, 0x00, 0x00, 0x00, 0x00, 0x00, 0x00, 0x00, 0xe5, 0x0a, 0x0a, 0x00, 0xe6, 0x33,
    0x09, 0x00, 0xe4, 0x69, 0x09, 0x00, 0xe4, 0xa3, 0x09, 0x00, 0xe3, 0xd6, 0x09, 0x00, 0xe2, 0xfa,
    0x09, 0x00, 0xee, 0xff, 0x0a, 0x00, 0xf1, 0xff, 0x09, 0x00, 0xed, 0xff, 0x09, 0x00, 0xe7, 0xff,
    0x09, 0x00, 0xe1, 0xfe, 0x09, 0x00, 0xe1, 0xfc, 0x09, 0x00, 0xe2, 0xfb, 0x09, 0x00, 0xe2, 0xfc,
    0x09, 0x00, 0xe1, 0xfe, 0x09, 0x00, 0xe2, 0xff, 0x09, 0x00, 0xe2, 0xff, 0x09, 0x00, 0xe2, 0xff,
    0x09, 0x00, 0xe2, 0xff, 0x09, 0x00, 0xe2, 0xff, 0x09, 0x00, 0xe2, 0xff, 0x09, 0x00, 0xe2, 0xff,
    0x09, 0x00, 0xe2, 0xff, 0x09, 0x00, 0xe2, 0xff, 0x09, 0x00, 0xe2, 0xff, 0x09, 0x00, 0xe2, 0xff,
    0x09, 0x00, 0xe2, 0xff, 0x09, 0x00, 0xe2, 0xff, 0x09, 0x00, 0xe2, 0xff, 0x09, 0x00, 0xe2, 0xff,
    0x09, 0x00, 0xe2, 0xff, 0x09, 0x00, 0xe2, 0xff, 0x09, 0x00, 0xe2, 0xff, 0x09, 0x00, 0xe2, 0xff,
    0x09, 0x00, 0xe2, 0xff, 0x09, 0x00, 0xe2, 0xff, 0x09, 0x00, 0xe2, 0xff, 0x09, 0x00, 0xe2, 0xff,
    0x09, 0x00, 0xe2, 0xff, 0x09, 0x00, 0xe2, 0xff, 0x09, 0x00, 0xe2, 0xff, 0x09, 0x00, 0xe2, 0xff,
    0x09, 0x00, 0xe2, 0xff, 0x09, 0x00, 0xe2, 0xff, 0x09, 0x00, 0xe2, 0xff, 0x09, 0x00, 0xe2, 0xff,
    0x09, 0x00, 0xe2, 0xff, 0x09, 0x00, 0xe2, 0xff, 0x09, 0x00, 0xe2, 0xff, 0x09, 0x00, 0xe2, 0xff,
    0x09, 0x00, 0xe2, 0xff, 0x09, 0x00, 0xe2, 0xff, 0x09, 0x00, 0xe2, 0xff, 0x09, 0x00, 0xe2, 0xff,
    0x09, 0x00, 0xe2, 0xff, 0x09, 0x00, 0xe2, 0xff, 0x09, 0x00, 0xe2, 0xff, 0x09, 0x00, 0xe2, 0xff,
    0x09, 0x00, 0xe2, 0xff, 0x09, 0x00, 0xe2, 0xff, 0x09, 0x00, 0xe2, 0xff, 0x09, 0x00, 0xe2, 0xff,
    0x09, 0x00, 0xe2, 0xff, 0x09, 0x00, 0xe2, 0xff, 0x09, 0x00, 0xe2, 0xff, 0x09, 0x00, 0xe2, 0xff,
    0x09, 0x00, 0xe2, 0xff, 0x09, 0x00, 0xe2, 0xff, 0x09, 0x00, 0xe2, 0xff, 0x09, 0x00, 0xe2, 0xff,
    0x09, 0x00, 0xe2, 0xff, 0x09, 0x00, 0xe2, 0xff, 0x09, 0x00, 0xe2, 0xff, 0x09, 0x00, 0xe2, 0xff,
    0x09, 0x00, 0xe2, 0xff, 0x09, 0x00, 0xe2, 0xff, 0x09, 0x00, 0xe2, 0xff, 0x09, 0x00, 0xe2, 0xff,
    0x09, 0x00, 0xe2, 0xff, 0x09, 0x00, 0xe2, 0xff, 0x09, 0x00, 0xe2, 0xff, 0x09, 0x00, 0xe2, 0xff,
    0x09, 0x00, 0xe2, 0xff, 0x09, 0x00, 0xe2, 0xff, 0x09, 0x00, 0xe2, 0xff, 0x09, 0x00, 0xe2, 0xff,
    0x09, 0x00, 0xe2, 0xff, 0x09, 0x00, 0xe2, 0xff, 0x09, 0x00, 0xe2, 0xff, 0x09, 0x00, 0xe2, 0xff,
    0x09, 0x00, 0xe2, 0xff, 0x09, 0x00, 0xe2, 0xff, 0x09, 0x00, 0xe2, 0xff, 0x09, 0x00, 0xe2, 0xff,
    0x09, 0x00, 0xe2, 0xff, 0x09, 0x00, 0xe2, 0xff, 0x09, 0x00, 0xe2, 0xff, 0x09, 0x00, 0xe2, 0xff,
    0x09, 0x00, 0xe2, 0xff, 0x09, 0x00, 0xe2, 0xff, 0x09, 0x00, 0xe2, 0xff, 0x09, 0x00, 0xe2, 0xff,
    0x09, 0x00, 0xe2, 0xff, 0x09, 0x00, 0xe2, 0xff, 0x09, 0x00, 0xe2, 0xff, 0x09, 0x00, 0xe2, 0xff,
    0x09, 0x00, 0xe2, 0xff, 0x09, 0x00, 0xe2, 0xff, 0x09, 0x00, 0xe2, 0xff, 0x09, 0x00, 0xe2, 0xff,
    0x09, 0x00, 0xe2, 0xff, 0x09, 0x00, 0xe2, 0xff, 0x09, 0x00, 0xe2, 0xff, 0x09, 0x00, 0xe2, 0xff,
    0x09, 0x00, 0xe2, 0xff, 0x09, 0x00, 0xe2, 0xff, 0x09, 0x00, 0xe2, 0xff, 0x09, 0x00, 0xe2, 0xff,
    0x09, 0x00, 0xe2, 0xff, 0x09, 0x00, 0xe2, 0xff, 0x09, 0x00, 0xe2, 0xff, 0x09, 0x00, 0xe2, 0xff,
    0x09, 0x00, 0xe2, 0xff, 0x09, 0x00, 0xe2, 0xff, 0x09, 0x00, 0xe2, 0xff, 0x09, 0x00, 0xe2, 0xff,
    0x09, 0x00, 0xe2, 0xff, 0x09, 0x00, 0xe2, 0xff, 0x09, 0x00, 0xe2, 0xff, 0x09, 0x00, 0xe2, 0xff,
    0x09, 0x00, 0xe2, 0xff, 0x09, 0x00, 0xe2, 0xff, 0x09, 0x00, 0xe2, 0xff, 0x09, 0x00, 0xe2, 0xff,
    0x09, 0x00, 0xe2, 0xff, 0x09, 0x00, 0xe2, 0xff, 0x09, 0x00, 0xe2, 0xff, 0x09, 0x00, 0xe2, 0xff,
    0x09, 0x00, 0xe2, 0xff, 0x09, 0x00, 0xe2, 0xff, 0x09, 0x00, 0xe2, 0xff, 0x09, 0x00, 0xe2, 0xff,
    0x09, 0x00, 0xe2, 0xff, 0x09, 0x00, 0xe2, 0xff, 0x09, 0x00, 0xe2, 0xff, 0x09, 0x00, 0xe2, 0xff,
    0x09, 0x00, 0xe2, 0xff, 0x09, 0x00, 0xe2, 0xff, 0x09, 0x00, 0xe2, 0xff, 0x09, 0x00, 0xe2, 0xff,
    0x09, 0x00, 0xe2, 0xff, 0x09, 0x00, 0xe2, 0xff, 0x09, 0x00, 0xe2, 0xff, 0x09, 0x00, 0xe2, 0xff,
    0x09, 0x00, 0xe2, 0xff, 0x09, 0x00, 0xe2, 0xff, 0x09, 0x00, 0xe2, 0xff, 0x09, 0x00, 0xe2, 0xff,
    0x09, 0x00, 0xe2, 0xff, 0x09, 0x00, 0xe2, 0xff, 0x09, 0x00, 0xe2, 0xff, 0x09, 0x00, 0xe2, 0xff,
    0x09, 0x00, 0xe2, 0xff, 0x09, 0x00, 0xe2, 0xff, 0x09, 0x00, 0xe2, 0xff, 0x09, 0x00, 0xe2, 0xff,
    0x09, 0x00, 0xe2, 0xff, 0x09, 0x00, 0xe2, 0xff, 0x09, 0x00, 0xe2, 0xff, 0x09, 0x00, 0xe2, 0xff,
    0x09, 0x00, 0xe2, 0xff, 0x09, 0x00, 0xe2, 0xff, 0x09, 0x00, 0xe2, 0xff, 0x09, 0x00, 0xe2, 0xff,
    0x09, 0x00, 0xe2, 0xff, 0x09, 0x00, 0xe2, 0xff, 0x09, 0x00, 0xe2, 0xff, 0x09, 0x00, 0xe2, 0xff,
    0x09, 0x00, 0xe2, 0xff, 0x09, 0x00, 0xe2, 0xff, 0x09, 0x00, 0xe2, 0xff, 0x09, 0x00, 0xe2, 0xff,
    0x09, 0x00, 0xe2, 0xff, 0x09, 0x00, 0xe2, 0xff, 0x09, 0x00, 0xe2, 0xff, 0x09, 0x00, 0xe2, 0xff,
    0x09, 0x00, 0xe2, 0xff, 0x09, 0x00, 0xe2, 0xff, 0x09, 0x00, 0xe2, 0xff, 0x09, 0x00, 0xe2, 0xff,
    0x09, 0x00, 0xe2, 0xff, 0x09, 0x00, 0xe2, 0xff, 0x09, 0x00, 0xe2, 0xff, 0x09, 0x00, 0xe2, 0xff,
    0x09, 0x00, 0xe2, 0xff, 0x09, 0x00, 0xe2, 0xff, 0x09, 0x00, 0xe2, 0xff, 0x09, 0x00, 0xe1, 0xfe,
    0x09, 0x00, 0xe2, 0xfc, 0x09, 0x00, 0xe2, 0xfb, 0x09, 0x00, 0xe1, 0xfc, 0x09, 0x00, 0xe1, 0xfe,
    0x09, 0x00, 0xe7, 0xff, 0x09, 0x00, 0xed, 0xff, 0x0a, 0x00, 0xf1, 0xff, 0x09, 0x00, 0xee, 0xff,
    0x09, 0x00, 0xe2, 0xfb, 0x09, 0x00, 0xe2, 0xd8, 0x09, 0x00, 0xe4, 0xa5, 0x09, 0x00, 0xe4, 0x6a,
    0x09, 0x00, 0xe6, 0x34, 0x00, 0x00, 0xe7, 0x0b, 0x00, 0x00, 0x00, 0x00, 0x00, 0x00, 0x00, 0x00,
    0x00, 0x00, 0x00, 0x00, 0x00, 0x00, 0x00, 0x00, 0x00, 0x00, 0xff, 0x03, 0x00, 0x00, 0xbf, 0x04,
    0x00, 0x00, 0xff, 0x02, 0x00, 0x00, 0x00, 0x01, 0x00, 0x00, 0x00, 0x00, 0x00, 0x00, 0x00, 0x00,
    0x00, 0x00, 0x00, 0x00, 0x00, 0x00, 0x00, 0x00, 0x00, 0x00, 0x00, 0x00, 0x00, 0x00, 0x00, 0x00,
    0x00, 0x00, 0x00, 0x00, 0x00, 0x00, 0x00, 0x00, 0x00, 0x00, 0x00, 0x00, 0x00, 0x00, 0x00, 0x00,
    0x00, 0x00, 0x00, 0x00, 0x00, 0x00, 0x00, 0x00, 0x00, 0x00, 0x00, 0x00, 0x00, 0x00, 0x00, 0x00,
    0x00, 0x00, 0x00, 0x00, 0x00, 0x00, 0x00, 0x00, 0x00, 0x00, 0x00, 0x00, 0x00, 0x00, 0x00, 0x00,
    0x00, 0x00, 0x00, 0x00, 0x00, 0x00, 0x00, 0x00, 0x00, 0x00, 0x00, 0x00, 0x00, 0x00, 0x00, 0x00,
    0x00, 0x00, 0x00, 0x00, 0x00, 0x00, 0x00, 0x00, 0x00, 0x00, 0x00, 0x00, 0x00, 0x00, 0x00, 0x00,
    0x00, 0x00, 0x00, 0x00, 0x00, 0x00, 0x00, 0x00, 0x00, 0x00, 0x00, 0x00, 0x00, 0x00, 0x00, 0x00,
    0x00, 0x00, 0x00, 0x00, 0x00, 0x00, 0x00, 0x00, 0x00, 0x00, 0x00, 0x00, 0x00, 0x00, 0x00, 0x00,
    0x00, 0x00, 0x00, 0x00, 0x00, 0x00, 0x00, 0x00, 0x00, 0x00, 0x00, 0x00, 0x00, 0x00, 0x00, 0x00,
    0x00, 0x00, 0x00, 0x00, 0x00, 0x00, 0x00, 0x00, 0x00, 0x00, 0x00, 0x00, 0x00, 0x00, 0x00, 0x00,
    0x00, 0x00, 0x00, 0x00, 0x00, 0x00, 0x00, 0x00, 0x00, 0x00, 0x00, 0x00, 0x00, 0x00, 0x00, 0x00,
    0x00, 0x00, 0x00, 0x00, 0x00, 0x00, 0x00, 0x00, 0x00, 0x00, 0x00, 0x00, 0x00, 0x00, 0x00, 0x00,
    0x00, 0x00, 0x00, 0x00, 0x00, 0x00, 0x00, 0x00, 0x00, 0x00, 0x00, 0x00, 0x00, 0x00, 0x00, 0x00,
    0x00, 0x00, 0x00, 0x00, 0x00, 0x00, 0x00, 0x00, 0x00, 0x00, 0x00, 0x00, 0x00, 0x00, 0x00, 0x00,
    0x00, 0x00, 0x00, 0x00, 0x00, 0x00, 0x00, 0x00, 0x00, 0x00, 0x00, 0x00, 0x00, 0x00, 0x00, 0x00,
    0x00, 0x00, 0x00, 0x00, 0x00, 0x00, 0x00, 0x00, 0x00, 0x00, 0x00, 0x00, 0x00, 0x00, 0x00, 0x00,
    0x00, 0x00, 0x00, 0x00, 0x00, 0x00, 0x00, 0x00, 0x00, 0x00, 0x00, 0x00, 0x00, 0x00, 0x00, 0x00,
    0x00, 0x00, 0x00, 0x00, 0x00, 0x00, 0x00, 0x00, 0x00, 0x00, 0x00, 0x00, 0x00, 0x00, 0x00, 0x00,
    0x00, 0x00, 0x00, 0x00, 0x00, 0x00, 0x00, 0x00, 0x00, 0x00, 0x00, 0x00, 0x00, 0x00, 0x00, 0x00,
    0x00, 0x00, 0x00, 0x00, 0x00, 0x00, 0x00, 0x00, 0x00, 0x00, 0x00, 0x00, 0x00, 0x00, 0x00, 0x00,
    0x00, 0x00, 0x00, 0x00, 0x00, 0x00, 0x00, 0x00, 0x00, 0x00, 0x00, 0x00, 0x00, 0x00, 0x00, 0x00,
    0x00, 0x00, 0x00, 0x00, 0x00, 0x00, 0x00, 0x00, 0x00, 0x00, 0x00, 0x00, 0x00, 0x00, 0x00, 0x00,
    0x00, 0x00, 0x00, 0x00, 0x00, 0x00, 0x00, 0x00, 0x00, 0x00, 0x00, 0x00, 0x00, 0x00, 0x00, 0x00,
    0x00, 0x00, 0x00, 0x00, 0x00, 0x00, 0x00, 0x00, 0x00, 0x00, 0xff, 0x01, 0x00, 0x00, 0xff, 0x02,
    0x00, 0x00, 0xbf, 0x04, 0x00, 0x00, 0xaa, 0x03, 0x00, 0x00, 0x00, 0x00, 0x00, 0x00, 0x00, 0x00,
    0x00, 0x00, 0x00, 0x00, 0x00, 0x00, 0x00, 0x00, 0x00, 0x00, 0xff, 0x03, 0x06, 0x00, 0xe3, 0x25,
    0x08, 0x00, 0xe1, 0x57, 0x09, 0x00, 0xe3, 0x8d, 0x09, 0x00, 0xe1, 0xc0, 0x08, 0x00, 0xe2, 0xe8,
    0x09, 0x00, 0xe6, 0xff, 0x0a, 0x00, 0xf0, 0xff, 0x0a, 0x00, 0xf1, 0xff, 0x09, 0x00, 0xec, 0xff,
    0x09, 0x00, 0xe6, 0xff, 0x09, 0x00, 0xe2, 0xff, 0x09, 0x00, 0xe1, 0xfc, 0x09, 0x00, 0xe2, 0xfb,
    0x09, 0x00, 0xe1, 0xfc, 0x09, 0x00, 0xe1, 0xfd, 0x09, 0x00, 0xe1, 0xfe, 0x09, 0x00, 0xe2, 0xff,
    0x09, 0x00, 0xe2, 0xff, 0x09, 0x00, 0xe2, 0xff, 0x09, 0x00, 0xe2, 0xff, 0x09, 0x00, 0xe2, 0xff,
    0x09, 0x00, 0xe2, 0xff, 0x09, 0x00, 0xe2, 0xff, 0x09, 0x00, 0xe2, 0xff, 0x09, 0x00, 0xe2, 0xff,
    0x09, 0x00, 0xe2, 0xff, 0x09, 0x00, 0xe2, 0xff, 0x09, 0x00, 0xe2, 0xff, 0x09, 0x00, 0xe2, 0xff,
    0x09, 0x00, 0xe2, 0xff, 0x09, 0x00, 0xe2, 0xff, 0x09, 0x00, 0xe2, 0xff, 0x09, 0x00, 0xe2, 0xff,
    0x09, 0x00, 0xe2, 0xff, 0x09, 0x00, 0xe2, 0xff, 0x09, 0x00, 0xe2, 0xff, 0x09, 0x00, 0xe2, 0xff,
    0x09, 0x00, 0xe2, 0xff, 0x09, 0x00, 0xe2, 0xff, 0x09, 0x00, 0xe2, 0xff, 0x09, 0x00, 0xe2, 0xff,
    0x09, 0x00, 0xe2, 0xff, 0x09, 0x00, 0xe2, 0xff, 0x09, 0x00, 0xe2, 0xff, 0x09, 0x00, 0xe2, 0xff,
    0x09, 0x00, 0xe2, 0xff, 0x09, 0x00, 0xe2, 0xff, 0x09, 0x00, 0xe2, 0xff, 0x09, 0x00, 0xe2, 0xff,
    0x09, 0x00, 0xe2, 0xff, 0x09, 0x00, 0xe2, 0xff, 0x09, 0x00, 0xe2, 0xff, 0x09, 0x00, 0xe2, 0xff,
    0x09, 0x00, 0xe2, 0xff, 0x09, 0x00, 0xe2, 0xff, 0x09, 0x00, 0xe2, 0xff, 0x09, 0x00, 0xe2, 0xff,
    0x09, 0x00, 0xe2, 0xff, 0x09, 0x00, 0xe2, 0xff, 0x09, 0x00, 0xe2, 0xff, 0x09, 0x00, 0xe2, 0xff,
    0x09, 0x00, 0xe2, 0xff, 0x09, 0x00, 0xe2, 0xff, 0x09, 0x00, 0xe2, 0xff, 0x09, 0x00, 0xe2, 0xff,
    0x09, 0x00, 0xe2, 0xff, 0x09, 0x00, 0xe2, 0xff, 0x09, 0x00, 0xe2, 0xff, 0x09, 0x00, 0xe2, 0xff,
    0x09, 0x00, 0xe2, 0xff, 0x09, 0x00, 0xe2, 0xff, 0x09, 0x00, 0xe2, 0xff, 0x09, 0x00, 0xe2, 0xff,
    0x09, 0x00, 0xe2, 0xff, 0x09, 0x00, 0xe2, 0xff, 0x09, 0x00, 0xe2, 0xff, 0x09, 0x00, 0xe2, 0xff,
    0x09, 0x00, 0xe2, 0xff, 0x09, 0x00, 0xe2, 0xff, 0x09, 0x00, 0xe2, 0xff, 0x09, 0x00, 0xe2, 0xff,
    0x09, 0x00, 0xe2, 0xff, 0x09, 0x00, 0xe2, 0xff, 0x09, 0x00, 0xe2, 0xff, 0x09, 0x00, 0xe2, 0xff,
    0x09, 0x00, 0xe2, 0xff, 0x09, 0x00, 0xe2, 0xff, 0x09, 0x00, 0xe2, 0xff, 0x09, 0x00, 0xe2, 0xff,
    0x09, 0x00, 0xe2, 0xff, 0x09, 0x00, 0xe2, 0xff, 0x09, 0x00, 0xe2, 0xff, 0x09, 0x00, 0xe2, 0xff,
    0x09, 0x00, 0xe2, 0xff, 0x09, 0x00, 0xe2, 0xff, 0x09, 0x00, 0xe2, 0xff, 0x09, 0x00, 0xe2, 0xff,
    0x09, 0x00, 0xe2, 0xff, 0x09, 0x00, 0xe2, 0xff, 0x09, 0x00, 0xe2, 0xff, 0x09, 0x00, 0xe2, 0xff,
    0x09, 0x00, 0xe2, 0xff, 0x09, 0x00, 0xe2, 0xff, 0x09, 0x00, 0xe2, 0xff, 0x09, 0x00, 0xe2, 0xff,
    0x09, 0x00, 0xe2, 0xff, 0x09, 0x00, 0xe2, 0xff, 0x09, 0x00, 0xe2, 0xff, 0x09, 0x00, 0xe2, 0xff,
    0x09, 0x00, 0xe2, 0xff, 0x09, 0x00, 0xe2, 0xff, 0x09, 0x00, 0xe2, 0xff, 0x09, 0x00, 0xe2, 0xff,
    0x09, 0x00, 0xe2, 0xff, 0x09, 0x00, 0xe2, 0xff, 0x09, 0x00, 0xe2, 0xff, 0x09, 0x00, 0xe2, 0xff,
    0x09, 0x00, 0xe2, 0xff, 0x09, 0x00, 0xe2, 0xff, 0x09, 0x00, 0xe2, 0xff, 0x09, 0x00, 0xe2, 0xff,
    0x09, 0x00, 0xe2, 0xff, 0x09, 0x00, 0xe2, 0xff, 0x09, 0x00, 0xe2, 0xff, 0x09, 0x00, 0xe2, 0xff,
    0x09, 0x00, 0xe2, 0xff, 0x09, 0x00, 0xe2, 0xff, 0x09, 0x00, 0xe2, 0xff, 0x09, 0x00, 0xe2, 0xff,
    0x09, 0x00, 0xe2, 0xff, 0x09, 0x00, 0xe2, 0xff, 0x09, 0x00, 0xe2, 0xff, 0x09, 0x00, 0xe2, 0xff,
    0x09, 0x00, 0xe2, 0xff, 0x09, 0x00, 0xe2, 0xff, 0x09, 0x00, 0xe2, 0xff, 0x09, 0x00, 0xe2, 0xff,
    0x09, 0x00, 0xe2, 0xff, 0x09, 0x00, 0xe2, 0xff, 0x09, 0x00, 0xe2, 0xff, 0x09, 0x00, 0xe2, 0xff,
    0x09, 0x00, 0xe2, 0xff, 0x09, 0x00, 0xe2, 0xff, 0x09, 0x00, 0xe2, 0xff, 0x09, 0x00, 0xe2, 0xff,
    0x09, 0x00, 0xe2, 0xff, 0x09, 0x00, 0xe2, 0xff, 0x09, 0x00, 0xe2, 0xff, 0x09, 0x00, 0xe2, 0xff,
    0x09, 0x00, 0xe2, 0xff, 0x09, 0x00, 0xe2, 0xff, 0x09, 0x00, 0xe2, 0xff, 0x09, 0x00, 0xe2, 0xff,
    0x09, 0x00, 0xe2, 0xff, 0x09, 0x00, 0xe2, 0xff, 0x09, 0x00, 0xe2, 0xff, 0x09, 0x00, 0xe2, 0xff,
    0x09, 0x00, 0xe2, 0xff, 0x09, 0x00, 0xe2, 0xff, 0x09, 0x00, 0xe2, 0xff, 0x09, 0x00, 0xe2, 0xff,
    0x09, 0x00, 0xe2, 0xff, 0x09, 0x00, 0xe2, 0xff, 0x09, 0x00, 0xe2, 0xff, 0x09, 0x00, 0xe2, 0xff,
    0x09, 0x00, 0xe2, 0xff, 0x09, 0x00, 0xe2, 0xff, 0x09, 0x00, 0xe2, 0xff, 0x09, 0x00, 0xe2, 0xff,
    0x09, 0x00, 0xe2, 0xff, 0x09, 0x00, 0xe2, 0xff, 0x09, 0x00, 0xe2, 0xff, 0x09, 0x00, 0xe2, 0xff,
    0x09, 0x00, 0xe2, 0xff, 0x09, 0x00, 0xe2, 0xff, 0x09, 0x00, 0xe2, 0xff, 0x09, 0x00, 0xe2, 0xff,
    0x09, 0x00, 0xe2, 0xff, 0x09, 0x00, 0xe2, 0xff, 0x09, 0x00, 0xe2, 0xff, 0x09, 0x00, 0xe2, 0xff,
    0x09, 0x00, 0xe2, 0xff, 0x09, 0x00, 0xe2, 0xff, 0x09, 0x00, 0xe2, 0xff, 0x09, 0x00, 0xe2, 0xff,
    0x09, 0x00, 0xe2, 0xff, 0x09, 0x00, 0xe1, 0xfe, 0x09, 0x00, 0xe2, 0xfd, 0x09, 0x00, 0xe1, 0xfc,
    0x09, 0x00, 0xe2, 0xfb, 0x09, 0x00, 0xe1, 0xfc, 0x09, 0x00, 0xe1, 0xfe, 0x09, 0x00, 0xe6, 0xff,
    0x09, 0x00, 0xec, 0xff, 0x0a, 0x00, 0xf1, 0xff, 0x0a, 0x00, 0xf0, 0xff, 0x09, 0x00, 0xe6, 0xff,
    0x08, 0x00, 0xe2, 0xe9, 0x09, 0x00, 0xe1, 0xc1, 0x08, 0x00, 0xe2, 0x8f, 0x08, 0x00, 0xe2, 0x58,
    0x06, 0x00, 0xde, 0x27, 0x00, 0x00, 0xff, 0x04, 0x00, 0x00, 0x00, 0x00, 0x00, 0x00, 0x00, 0x00,
    0x00, 0x00, 0x00, 0x00, 0x00, 0x00, 0x00, 0x00, 0x00, 0x00, 0xff, 0x02, 0x00, 0x00, 0xbf, 0x04,
    0x00, 0x00, 0xff, 0x02, 0x00, 0x00, 0xff, 0x01, 0x00, 0x00, 0x00, 0x00, 0x00, 0x00, 0x00, 0x00,
    0x00, 0x00, 0x00, 0x00, 0x00, 0x00, 0x00, 0x00, 0x00, 0x00, 0x00, 0x00, 0x00, 0x00, 0x00, 0x00,
    0x00, 0x00, 0x00, 0x00, 0x00, 0x00, 0x00, 0x00, 0x00, 0x00, 0x00, 0x00, 0x00, 0x00, 0x00, 0x00,
    0x00, 0x00, 0x00, 0x00, 0x00, 0x00, 0x00, 0x00, 0x00, 0x00, 0x00, 0x00, 0x00, 0x00, 0x00, 0x00,
    0x00, 0x00, 0x00, 0x00, 0x00, 0x00, 0x00, 0x00, 0x00, 0x00, 0x00, 0x00, 0x00, 0x00, 0x00, 0x00,
    0x00, 0x00, 0x00, 0x00, 0x00, 0x00, 0x00, 0x00, 0x00, 0x00, 0x00, 0x00, 0x00, 0x00, 0x00, 0x00,
    0x00, 0x00, 0x00, 0x00, 0x00, 0x00, 0x00, 0x00, 0x00, 0x00, 0x00, 0x00, 0x00, 0x00, 0x00, 0x00,
    0x00, 0x00, 0x00, 0x00, 0x00, 0x00, 0x00, 0x00, 0x00, 0x00, 0x00, 0x00, 0x00, 0x00, 0x00, 0x00,
    0x00, 0x00, 0x00, 0x00, 0x00, 0x00, 0x00, 0x00, 0x00, 0x00, 0x00, 0x00, 0x00, 0x00, 0x00, 0x00,
    0x00, 0x00, 0x00, 0x00, 0x00, 0x00, 0x00, 0x00, 0x00, 0x00, 0x00, 0x00, 0x00, 0x00, 0x00, 0x00,
    0x00, 0x00, 0x00, 0x00, 0x00, 0x00, 0x00, 0x00, 0x00, 0x00, 0x00, 0x00, 0x00, 0x00, 0x00, 0x00,
    0x00, 0x00, 0x00, 0x00, 0x00, 0x00, 0x00, 0x00, 0x00, 0x00, 0x00, 0x00, 0x00, 0x00, 0x00, 0x00,
    0x00, 0x00, 0x00, 0x00, 0x00, 0x00, 0x00, 0x00, 0x00, 0x00, 0x00, 0x00, 0x00, 0x00, 0x00, 0x00,
    0x00, 0x00, 0x00, 0x00, 0x00, 0x00, 0x00, 0x00, 0x00, 0x00, 0x00, 0x00, 0x00, 0x00, 0x00, 0x00,
    0x00, 0x00, 0x00, 0x00, 0x00, 0x00, 0x00, 0x00, 0x00, 0x00, 0x00, 0x00, 0x00, 0x00, 0x00, 0x00,
    0x00, 0x00, 0x00, 0x00, 0x00, 0x00, 0x00, 0x00, 0x00, 0x00, 0x00, 0x00, 0x00, 0x00, 0x00, 0x00,
    0x00, 0x00, 0x00, 0x00, 0x00, 0x00, 0x00, 0x00, 0x00, 0x00, 0x00, 0x00, 0x00, 0x00, 0x00, 0x00,
    0x00, 0x00, 0x00, 0x00, 0x00, 0x00, 0x00, 0x00, 0x00, 0x00, 0x00, 0x00, 0x00, 0x00, 0x00, 0x00,
    0x00, 0x00, 0x00, 0x00, 0x00, 0x00, 0x00, 0x00, 0x00, 0x00, 0x00, 0x00, 0x00, 0x00, 0x00, 0x00,
    0x00, 0x00, 0x00, 0x00, 0x00, 0x00, 0x00, 0x00, 0x00, 0x00, 0x00, 0x00, 0x00, 0x00, 0x00, 0x00,
    0x00, 0x00, 0x00, 0x00, 0x00, 0x00, 0x00, 0x00, 0x00, 0x00, 0x00, 0x00, 0x00, 0x00, 0x00, 0x00,
    0x00, 0x00, 0x00, 0x00, 0x00, 0x00, 0x00, 0x00, 0x00, 0x00, 0x00, 0x00, 0x00, 0x00, 0x00, 0x00,
    0x00, 0x00, 0x00, 0x00, 0x00, 0x00, 0x00, 0x00, 0x00, 0x00, 0x00, 0x00, 0x00, 0x00, 0x00, 0x00,
    0x00, 0x00, 0x00, 0x00, 0x00, 0x00, 0x00, 0x00, 0x00, 0x00, 0x00, 0x00, 0x00, 0x00, 0x00, 0x00,
    0x00, 0x00, 0x00, 0x00, 0x00, 0x00, 0x00, 0x00, 0x00, 0x00, 0x00, 0x00, 0x00, 0x00, 0x00, 0x00,
    0x00, 0x00, 0x00, 0x00, 0x00, 0x00, 0x00, 0x00, 0x00, 0x00, 0x00, 0x00, 0x00, 0x00, 0x00, 0x00,
    0x00, 0x00, 0x00, 0x00, 0x00, 0x00, 0x00, 0x00, 0x00, 0x00, 0xff, 0x01, 0x00, 0x00, 0xff, 0x02,
    0x00, 0x00, 0xbf, 0x04, 0x00, 0x00, 0xff, 0x03, 0x00, 0x00, 0x00, 0x00, 0x00, 0x00, 0x00, 0x00,
    0x00, 0x00, 0x00, 0x00, 0x00, 0x00, 0x00, 0x00, 0x00, 0x00, 0x00, 0x00, 0x0f, 0x00, 0xe1, 0x11,
    0x09, 0x00, 0xe7, 0x36, 0x0a, 0x00, 0xe2, 0x64, 0x08, 0x00, 0xe2, 0x97, 0x08, 0x00, 0xe1, 0xc7,
    0x08, 0x00, 0xe2, 0xea, 0x09, 0x00, 0xe5, 0xff, 0x0a, 0x00, 0xf0, 0xff, 0x0a, 0x00, 0xf1, 0xff,
    0x09, 0x00, 0xee, 0xff, 0x09, 0x00, 0xe8, 0xff, 0x09, 0x00, 0xe3, 0xff, 0x09, 0x00, 0xe1, 0xfd,
    0x09, 0x00, 0xe2, 0xfb, 0x09, 0x00, 0xe2, 0xfb, 0x09, 0x00, 0xe2, 0xfc, 0x09, 0x00, 0xe2, 0xfd,
    0x09, 0x00, 0xe1, 0xfe, 0x09, 0x00, 0xe2, 0xff, 0x09, 0x00, 0xe2, 0xff, 0x09, 0x00, 0xe2, 0xff,
    0x09, 0x00, 0xe2, 0xff, 0x09, 0x00, 0xe2, 0xff, 0x09, 0x00, 0xe2, 0xff, 0x09, 0x00, 0xe2, 0xff,
    0x09, 0x00, 0xe2, 0xff, 0x09, 0x00, 0xe2, 0xff, 0x09, 0x00, 0xe2, 0xff, 0x09, 0x00, 0xe2, 0xff,
    0x09, 0x00, 0xe2, 0xff, 0x09, 0x00, 0xe2, 0xff, 0x09, 0x00, 0xe2, 0xff, 0x09, 0x00, 0xe2, 0xff,
    0x09, 0x00, 0xe2, 0xff, 0x09, 0x00, 0xe2, 0xff, 0x09, 0x00, 0xe2, 0xff, 0x09, 0x00, 0xe2, 0xff,
    0x09, 0x00, 0xe2, 0xff, 0x09, 0x00, 0xe2, 0xff, 0x09, 0x00, 0xe2, 0xff, 0x09, 0x00, 0xe2, 0xff,
    0x09, 0x00, 0xe2, 0xff, 0x09, 0x00, 0xe2, 0xff, 0x09, 0x00, 0xe2, 0xff, 0x09, 0x00, 0xe2, 0xff,
    0x09, 0x00, 0xe2, 0xff, 0x09, 0x00, 0xe2, 0xff, 0x09, 0x00, 0xe2, 0xff, 0x09, 0x00, 0xe2, 0xff,
    0x09, 0x00, 0xe2, 0xff, 0x09, 0x00, 0xe2, 0xff, 0x09, 0x00, 0xe2, 0xff, 0x09, 0x00, 0xe2, 0xff,
    0x09, 0x00, 0xe2, 0xff, 0x09, 0x00, 0xe2, 0xff, 0x09, 0x00, 0xe2, 0xff, 0x09, 0x00, 0xe2, 0xff,
    0x09, 0x00, 0xe2, 0xff, 0x09, 0x00, 0xe2, 0xff, 0x09, 0x00, 0xe2, 0xff, 0x09, 0x00, 0xe2, 0xff,
    0x09, 0x00, 0xe2, 0xff, 0x09, 0x00, 0xe2, 0xff, 0x09, 0x00, 0xe2, 0xff, 0x09, 0x00, 0xe2, 0xff,
    0x09, 0x00, 0xe2, 0xff, 0x09, 0x00, 0xe2, 0xff, 0x09, 0x00, 0xe2, 0xff, 0x09, 0x00, 0xe2, 0xff,
    0x09, 0x00, 0xe2, 0xff, 0x09, 0x00, 0xe2, 0xff, 0x09, 0x00, 0xe2, 0xff, 0x09, 0x00, 0xe2, 0xff,
    0x09, 0x00, 0xe2, 0xff, 0x09, 0x00, 0xe2, 0xff, 0x09, 0x00, 0xe2, 0xff, 0x09, 0x00, 0xe2, 0xff,
    0x09, 0x00, 0xe2, 0xff, 0x09, 0x00, 0xe2, 0xff, 0x09, 0x00, 0xe2, 0xff, 0x09, 0x00, 0xe2, 0xff,
    0x09, 0x00, 0xe2, 0xff, 0x09, 0x00, 0xe2, 0xff, 0x09, 0x00, 0xe2, 0xff, 0x09, 0x00, 0xe2, 0xff,
    0x09, 0x00, 0xe2, 0xff, 0x09, 0x00, 0xe2, 0xff, 0x09, 0x00, 0xe2, 0xff, 0x09, 0x00, 0xe2, 0xff,
    0x09, 0x00, 0xe2, 0xff, 0x09, 0x00, 0xe2, 0xff, 0x09, 0x00, 0xe2, 0xff, 0x09, 0x00, 0xe2, 0xff,
    0x09, 0x00, 0xe2, 0xff, 0x09, 0x00, 0xe2, 0xff, 0x09, 0x00, 0xe2, 0xff, 0x09, 0x00, 0xe2, 0xff,
    0x09, 0x00, 0xe2, 0xff, 0x09, 0x00, 0xe2, 0xff, 0x09, 0x00, 0xe2, 0xff, 0x09, 0x00, 0xe2, 0xff,
    0x09, 0x00, 0xe2, 0xff, 0x09, 0x00, 0xe2, 0xff, 0x09, 0x00, 0xe2, 0xff, 0x09, 0x00, 0xe2, 0xff,
    0x09, 0x00, 0xe2, 0xff, 0x09, 0x00, 0xe2, 0xff, 0x09, 0x00, 0xe2, 0xff, 0x09, 0x00, 0xe2, 0xff,
    0x09, 0x00, 0xe2, 0xff, 0x09, 0x00, 0xe2, 0xff, 0x09, 0x00, 0xe2, 0xff, 0x09, 0x00, 0xe2, 0xff,
    0x09, 0x00, 0xe2, 0xff, 0x09, 0x00, 0xe2, 0xff, 0x09, 0x00, 0xe2, 0xff, 0x09, 0x00, 0xe2, 0xff,
    0x09, 0x00, 0xe2, 0xff, 0x09, 0x00, 0xe2, 0xff, 0x09, 0x00, 0xe2, 0xff, 0x09, 0x00, 0xe2, 0xff,
    0x09, 0x00, 0xe2, 0xff, 0x09, 0x00, 0xe2, 0xff, 0x09, 0x00, 0xe2, 0xff, 0x09, 0x00, 0xe2, 0xff,
    0x09, 0x00, 0xe2, 0xff, 0x09, 0x00, 0xe2, 0xff, 0x09, 0x00, 0xe2, 0xff, 0x09, 0x00, 0xe2, 0xff,
    0x09, 0x00, 0xe2, 0xff, 0x09, 0x00, 0xe2, 0xff, 0x09, 0x00, 0xe2, 0xff, 0x09, 0x00, 0xe2, 0xff,
    0x09, 0x00, 0xe2, 0xff, 0x09, 0x00, 0xe2, 0xff, 0x09, 0x00, 0xe2, 0xff, 0x09, 0x00, 0xe2, 0xff,
    0x09, 0x00, 0xe2, 0xff, 0x09, 0x00, 0xe2, 0xff, 0x09, 0x00, 0xe2, 0xff, 0x09, 0x00, 0xe2, 0xff,
    0x09, 0x00, 0xe2, 0xff, 0x09, 0x00, 0xe2, 0xff, 0x09, 0x00, 0xe2, 0xff, 0x09, 0x00, 0xe2, 0xff,
    0x09, 0x00, 0xe2, 0xff, 0x09, 0x00, 0xe2, 0xff, 0x09, 0x00, 0xe2, 0xff, 0x09, 0x00, 0xe2, 0xff,
    0x09, 0x00, 0xe2, 0xff, 0x09, 0x00, 0xe2, 0xff, 0x09, 0x00, 0xe2, 0xff, 0x09, 0x00, 0xe2, 0xff,
    0x09, 0x00, 0xe2, 0xff, 0x09, 0x00, 0xe2, 0xff, 0x09, 0x00, 0xe2, 0xff, 0x09, 0x00, 0xe2, 0xff,
    0x09, 0x00, 0xe2, 0xff, 0x09, 0x00, 0xe2, 0xff, 0x09, 0x00, 0xe2, 0xff, 0x09, 0x00, 0xe2, 0xff,
    0x09, 0x00, 0xe2, 0xff, 0x09, 0x00, 0xe2, 0xff, 0x09, 0x00, 0xe2, 0xff, 0x09, 0x00, 0xe2, 0xff,
    0x09, 0x00, 0xe2, 0xff, 0x09, 0x00, 0xe2, 0xff, 0x09, 0x00, 0xe2, 0xff, 0x09, 0x00, 0xe2, 0xff,
    0x09, 0x00, 0xe2, 0xff, 0x09, 0x00, 0xe2, 0xff, 0x09, 0x00, 0xe2, 0xff, 0x09, 0x00, 0xe2, 0xff,
    0x09, 0x00, 0xe2, 0xff, 0x09, 0x00, 0xe2, 0xff, 0x09, 0x00, 0xe2, 0xff, 0x09, 0x00, 0xe1, 0xfe,
    0x09, 0x00, 0xe2, 0xfd, 0x09, 0x00, 0xe2, 0xfc, 0x09, 0x00, 0xe2, 0xfb, 0x09, 0x00, 0xe2, 0xfb,
    0x09, 0x00, 0xe1, 0xfd, 0x09, 0x00, 0xe3, 0xff, 0x09, 0x00, 0xe8, 0xff, 0x09, 0x00, 0xee, 0xff,
    0x0a, 0x00, 0xf1, 0xff, 0x0a, 0x00, 0xf0, 0xff, 0x09, 0x00, 0xe5, 0xff, 0x08, 0x00, 0xe1, 0xec,
    0x08, 0x00, 0xe2, 0xc7, 0x08, 0x00, 0xe1, 0x99, 0x0a, 0x00, 0xe3, 0x66, 0x09, 0x00, 0xe3, 0x37,
    0x0e, 0x00, 0xe2, 0x12, 0x00, 0x00, 0x00, 0x00, 0x00, 0x00, 0x00, 0x00, 0x00, 0x00, 0x00, 0x00,
    0x00, 0x00, 0x00, 0x00, 0x00, 0x00, 0x00, 0x00, 0x00, 0x00, 0xff, 0x03, 0x00, 0x00, 0xbf, 0x04,
    0x00, 0x00, 0xff, 0x02, 0x00, 0x00, 0xff, 0x01, 0x00, 0x00, 0x00, 0x00, 0x00, 0x00, 0x00, 0x00,
    0x00, 0x00, 0x00, 0x00, 0x00, 0x00, 0x00, 0x00, 0x00, 0x00, 0x00, 0x00, 0x00, 0x00, 0x00, 0x00,
    0x00, 0x00, 0x00, 0x00, 0x00, 0x00, 0x00, 0x00, 0x00, 0x00, 0x00, 0x00, 0x00, 0x00, 0x00, 0x00,
    0x00, 0x00, 0x00, 0x00, 0x00, 0x00, 0x00, 0x00, 0x00, 0x00, 0x00, 0x00, 0x00, 0x00, 0x00, 0x00,
    0x00, 0x00, 0x00, 0x00, 0x00, 0x00, 0x00, 0x00, 0x00, 0x00, 0x00, 0x00, 0x00, 0x00, 0x00, 0x00,
    0x00, 0x00, 0x00, 0x00, 0x00, 0x00, 0x00, 0x00, 0x00, 0x00, 0x00, 0x00, 0x00, 0x00, 0x00, 0x00,
    0x00, 0x00, 0x00, 0x00, 0x00, 0x00, 0x00, 0x00, 0x00, 0x00, 0x00, 0x00, 0x00, 0x00, 0x00, 0x00,
    0x00, 0x00, 0x00, 0x00, 0x00, 0x00, 0x00, 0x00, 0x00, 0x00, 0x00, 0x00, 0x00, 0x00, 0x00, 0x00,
    0x00, 0x00, 0x00, 0x00, 0x00, 0x00, 0x00, 0x00, 0x00, 0x00, 0x00, 0x00, 0x00, 0x00, 0x00, 0x00,
    0x00, 0x00, 0x00, 0x00, 0x00, 0x00, 0x00, 0x00, 0x00, 0x00, 0x00, 0x00, 0x00, 0x00, 0x00, 0x00,
    0x00, 0x00, 0x00, 0x00, 0x00, 0x00, 0x00, 0x00, 0x00, 0x00, 0x00, 0x00, 0x00, 0x00, 0x00, 0x00,
    0x00, 0x00, 0x00, 0x00, 0x00, 0x00, 0x00, 0x00, 0x00, 0x00, 0x00, 0x00, 0x00, 0x00, 0x00, 0x00,
    0x00, 0x00, 0x00, 0x00, 0x00, 0x00, 0x00, 0x00, 0x00, 0x00, 0x00, 0x00, 0x00, 0x00, 0x00, 0x00,
    0x00, 0x00, 0x00, 0x00, 0x00, 0x00, 0x00, 0x00, 0x00, 0x00, 0x00, 0x00, 0x00, 0x00, 0x00, 0x00,
    0x00, 0x00, 0x00, 0x00, 0x00, 0x00, 0x00, 0x00, 0x00, 0x00, 0x00, 0x00, 0x00, 0x00, 0x00, 0x00,
    0x00, 0x00, 0x00, 0x00, 0x00, 0x00, 0x00, 0x00, 0x00, 0x00, 0x00, 0x00, 0x00, 0x00, 0x00, 0x00,
    0x00, 0x00, 0x00, 0x00, 0x00, 0x00, 0x00, 0x00, 0x00, 0x00, 0x00, 0x00, 0x00, 0x00, 0x00, 0x00,
    0x00, 0x00, 0x00, 0x00, 0x00, 0x00, 0x00, 0x00, 0x00, 0x00, 0x00, 0x00, 0x00, 0x00, 0x00, 0x00,
    0x00, 0x00, 0x00, 0x00, 0x00, 0x00, 0x00, 0x00, 0x00, 0x00, 0x00, 0x00, 0x00, 0x00, 0x00, 0x00,
    0x00, 0x00, 0x00, 0x00, 0x00, 0x00, 0x00, 0x00, 0x00, 0x00, 0x00, 0x00, 0x00, 0x00, 0x00, 0x00,
    0x00, 0x00, 0x00, 0x00, 0x00, 0x00, 0x00, 0x00, 0x00, 0x00, 0x00, 0x00, 0x00, 0x00, 0x00, 0x00,
    0x00, 0x00, 0x00, 0x00, 0x00, 0x00, 0x00, 0x00, 0x00, 0x00, 0x00, 0x00, 0x00, 0x00, 0x00, 0x00,
    0x00, 0x00, 0x00, 0x00, 0x00, 0x00, 0x00, 0x00, 0x00, 0x00, 0x00, 0x00, 0x00, 0x00, 0x00, 0x00,
    0x00, 0x00, 0x00, 0x00, 0x00, 0x00, 0x00, 0x00, 0x00, 0x00, 0x00, 0x00, 0x00, 0x00, 0x00, 0x00,
    0x00, 0x00, 0x00, 0x00, 0x00, 0x00, 0x00, 0x00, 0x00, 0x00, 0x00, 0x00, 0x00, 0x00, 0x00, 0x00,
    0x00, 0x00, 0x00, 0x00, 0x00, 0x00, 0x00, 0x00, 0x00, 0x00, 0x00, 0x00, 0x00, 0x00, 0x00, 0x00,
    0x00, 0x00, 0x00, 0x00, 0x00, 0x00, 0x00, 0x00, 0x00, 0x00, 0x00, 0x00, 0x00, 0x00, 0x00, 0x00,
    0x00, 0x00, 0x00, 0x00, 0x00, 0x00, 0x00, 0x00, 0x00, 0x00, 0x00, 0x00, 0x00, 0x00, 0x00, 0x00,
    0x00, 0x00, 0x00, 0x00, 0x00, 0x00, 0x00, 0x00, 0x00, 0x00, 0xff, 0x01, 0x00, 0x00, 0xff, 0x02,
    0x00, 0x00, 0xff, 0x03, 0x00, 0x00, 0xbf, 0x04, 0x00, 0x00, 0xff, 0x01, 0x00, 0x00, 0x00, 0x00,
    0x00, 0x00, 0x00, 0x00, 0x00, 0x00, 0x00, 0x00, 0x00, 0x00, 0x00, 0x00, 0x00, 0x00, 0x00, 0x00,
    0x0e, 0x00, 0xe2, 0x12, 0x09, 0x00, 0xe2, 0x35, 0x07, 0x00, 0xe2, 0x61, 0x08, 0x00, 0xe2, 0x90,
    0x08, 0x00, 0xe1, 0xbb, 0x09, 0x00, 0xe2, 0xe0, 0x09, 0x00, 0xe2, 0xfa, 0x09, 0x00, 0xeb, 0xff,
    0x0a, 0x00, 0xf1, 0xff, 0x0a, 0x00, 0xf1, 0xff, 0x09, 0x00, 0xed, 0xff, 0x09, 0x00, 0xe8, 0xff,
    0x09, 0x00, 0xe3, 0xff, 0x09, 0x00, 0xe1, 0xfd, 0x09, 0x00, 0xe2, 0xfb, 0x09, 0x00, 0xe2, 0xfb,
    0x09, 0x00, 0xe1, 0xfc, 0x09, 0x00, 0xe1, 0xfd, 0x09, 0x00, 0xe1, 0xfe, 0x09, 0x00, 0xe2, 0xff,
    0x09, 0x00, 0xe2, 0xff, 0x09, 0x00, 0xe2, 0xff, 0x09, 0x00, 0xe2, 0xff, 0x09, 0x00, 0xe2, 0xff,
    0x09, 0x00, 0xe2, 0xff, 0x09, 0x00, 0xe2, 0xff, 0x09, 0x00, 0xe2, 0xff, 0x09, 0x00, 0xe2, 0xff,
    0x09, 0x00, 0xe2, 0xff, 0x09, 0x00, 0xe2, 0xff, 0x09, 0x00, 0xe2, 0xff, 0x09, 0x00, 0xe2, 0xff,
    0x09, 0x00, 0xe2, 0xff, 0x09, 0x00, 0xe2, 0xff, 0x09, 0x00, 0xe2, 0xff, 0x09, 0x00, 0xe2, 0xff,
    0x09, 0x00, 0xe2, 0xff, 0x09, 0x00, 0xe2, 0xff, 0x09, 0x00, 0xe2, 0xff, 0x09, 0x00, 0xe2, 0xff,
    0x09, 0x00, 0xe2, 0xff, 0x09, 0x00, 0xe2, 0xff, 0x09, 0x00, 0xe2, 0xff, 0x09, 0x00, 0xe2, 0xff,
    0x09, 0x00, 0xe2, 0xff, 0x09, 0x00, 0xe2, 0xff, 0x09, 0x00, 0xe2, 0xff, 0x09, 0x00, 0xe2, 0xff,
    0x09, 0x00, 0xe2, 0xff, 0x09, 0x00, 0xe2, 0xff, 0x09, 0x00, 0xe2, 0xff, 0x09, 0x00, 0xe2, 0xff,
    0x09, 0x00, 0xe2, 0xff, 0x09, 0x00, 0xe2, 0xff, 0x09, 0x00, 0xe2, 0xff, 0x09, 0x00, 0xe2, 0xff,
    0x09, 0x00, 0xe2, 0xff, 0x09, 0x00, 0xe2, 0xff, 0x09, 0x00, 0xe2, 0xff, 0x09, 0x00, 0xe2, 0xff,
    0x09, 0x00, 0xe2, 0xff, 0x09, 0x00, 0xe2, 0xff, 0x09, 0x00, 0xe2, 0xff, 0x09, 0x00, 0xe2, 0xff,
    0x09, 0x00, 0xe2, 0xff, 0x09, 0x00, 0xe2, 0xff, 0x09, 0x00, 0xe2, 0xff, 0x09, 0x00, 0xe2, 0xff,
    0x09, 0x00, 0xe2, 0xff, 0x09, 0x00, 0xe2, 0xff, 0x09, 0x00, 0xe2, 0xff, 0x09, 0x00, 0xe2, 0xff,
    0x09, 0x00, 0xe2, 0xff, 0x09, 0x00, 0xe2, 0xff, 0x09, 0x00, 0xe2, 0xff, 0x09, 0x00, 0xe2, 0xff,
    0x09, 0x00, 0xe2, 0xff, 0x09, 0x00, 0xe2, 0xff, 0x09, 0x00, 0xe2, 0xff, 0x09, 0x00, 0xe2, 0xff,
    0x09, 0x00, 0xe2, 0xff, 0x09, 0x00, 0xe2, 0xff, 0x09, 0x00, 0xe2, 0xff, 0x09, 0x00, 0xe2, 0xff,
    0x09, 0x00, 0xe2, 0xff, 0x09, 0x00, 0xe2, 0xff, 0x09, 0x00, 0xe2, 0xff, 0x09, 0x00, 0xe2, 0xff,
    0x09, 0x00, 0xe2, 0xff, 0x09, 0x00, 0xe2, 0xff, 0x09, 0x00, 0xe2, 0xff, 0x09, 0x00, 0xe2, 0xff,
    0x09, 0x00, 0xe2, 0xff, 0x09, 0x00, 0xe2, 0xff, 0x09, 0x00, 0xe2, 0xff, 0x09, 0x00, 0xe2, 0xff,
    0x09, 0x00, 0xe2, 0xff, 0x09, 0x00, 0xe2, 0xff, 0x09, 0x00, 0xe2, 0xff, 0x09, 0x00, 0xe2, 0xff,
    0x09, 0x00, 0xe2, 0xff, 0x09, 0x00, 0xe2, 0xff, 0x09, 0x00, 0xe2, 0xff, 0x09, 0x00, 0xe2, 0xff,
    0x09, 0x00, 0xe2, 0xff, 0x09, 0x00, 0xe2, 0xff, 0x09, 0x00, 0xe2, 0xff, 0x09, 0x00, 0xe2, 0xff,
    0x09, 0x00, 0xe2, 0xff, 0x09, 0x00, 0xe2, 0xff, 0x09, 0x00, 0xe2, 0xff, 0x09, 0x00, 0xe2, 0xff,
    0x09, 0x00, 0xe2, 0xff, 0x09, 0x00, 0xe2, 0xff, 0x09, 0x00, 0xe2, 0xff, 0x09, 0x00, 0xe2, 0xff,
    0x09, 0x00, 0xe2, 0xff, 0x09, 0x00, 0xe2, 0xff, 0x09, 0x00, 0xe2, 0xff, 0x09, 0x00, 0xe2, 0xff,
    0x09, 0x00, 0xe2, 0xff, 0x09, 0x00, 0xe2, 0xff, 0x09, 0x00, 0xe2, 0xff, 0x09, 0x00, 0xe2, 0xff,
    0x09, 0x00, 0xe2, 0xff, 0x09, 0x00, 0xe2, 0xff, 0x09, 0x00, 0xe2, 0xff, 0x09, 0x00, 0xe2, 0xff,
    0x09, 0x00, 0xe2, 0xff, 0x09, 0x00, 0xe2, 0xff, 0x09, 0x00, 0xe2, 0xff, 0x09, 0x00, 0xe2, 0xff,
    0x09, 0x00, 0xe2, 0xff, 0x09, 0x00, 0xe2, 0xff, 0x09, 0x00, 0xe2, 0xff, 0x09, 0x00, 0xe2, 0xff,
    0x09, 0x00, 0xe2, 0xff, 0x09, 0x00, 0xe2, 0xff, 0x09, 0x00, 0xe2, 0xff, 0x09, 0x00, 0xe2, 0xff,
    0x09, 0x00, 0xe2, 0xff, 0x09, 0x00, 0xe2, 0xff, 0x09, 0x00, 0xe2, 0xff, 0x09, 0x00, 0xe2, 0xff,
    0x09, 0x00, 0xe2, 0xff, 0x09, 0x00, 0xe2, 0xff, 0x09, 0x00, 0xe2, 0xff, 0x09, 0x00, 0xe2, 0xff,
    0x09, 0x00, 0xe2, 0xff, 0x09, 0x00, 0xe2, 0xff, 0x09, 0x00, 0xe2, 0xff, 0x09, 0x00, 0xe2, 0xff,
    0x09, 0x00, 0xe2, 0xff, 0x09, 0x00, 0xe2, 0xff, 0x09, 0x00, 0xe2, 0xff, 0x09, 0x00, 0xe2, 0xff,
    0x09, 0x00, 0xe2, 0xff, 0x09, 0x00, 0xe2, 0xff, 0x09, 0x00, 0xe2, 0xff, 0x09, 0x00, 0xe2, 0xff,
    0x09, 0x00, 0xe2, 0xff, 0x09, 0x00, 0xe2, 0xff, 0x09, 0x00, 0xe2, 0xff, 0x09, 0x00, 0xe2, 0xff,
    0x09, 0x00, 0xe2, 0xff, 0x09, 0x00, 0xe1, 0xfe, 0x09, 0x00, 0xe1, 0xfd, 0x09, 0x00, 0xe1, 0xfc,
    0x09, 0x00, 0xe2, 0xfb, 0x09, 0x00, 0xe2, 0xfb, 0x09, 0x00, 0xe1, 0xfd, 0x09, 0x00, 0xe3, 0xff,
    0x09, 0x00, 0xe7, 0xff, 0x09, 0x00, 0xec, 0xff, 0x0a, 0x00, 0xf0, 0xff, 0x0a, 0x00, 0xf1, 0xff,
    0x09, 0x00, 0xec, 0xff, 0x09, 0x00, 0xe2, 0xfa, 0x09, 0x00, 0xe2, 0xe0, 0x09, 0x00, 0xe1, 0xbd,
    0x08, 0x00, 0xe1, 0x92, 0x07, 0x00, 0xe2, 0x62, 0x09, 0x00, 0xe2, 0x36, 0x0c, 0x00, 0xd8, 0x14,
    0x00, 0x00, 0x00, 0x00, 0x00, 0x00, 0x00, 0x00, 0x00, 0x00, 0x00, 0x00, 0x00, 0x00, 0x00, 0x00,
    0x00, 0x00, 0x00, 0x00, 0x00, 0x00, 0xff, 0x01, 0x00, 0x00, 0xbf, 0x04, 0x00, 0x00, 0xbf, 0x04,
    0x00, 0x00, 0xff, 0x02, 0x00, 0x00, 0xff, 0x01, 0x00, 0x00, 0x00, 0x00, 0x00, 0x00, 0x00, 0x00,
    0x00, 0x00, 0x00, 0x00, 0x00, 0x00, 0x00, 0x00, 0x00, 0x00, 0x00, 0x00, 0x00, 0x00, 0x00, 0x00,
    0x00, 0x00, 0x00, 0x00, 0x00, 0x00, 0x00, 0x00, 0x00, 0x00, 0x00, 0x00, 0x00, 0x00, 0x00, 0x00,
    0x00, 0x00, 0x00, 0x00, 0x00, 0x00, 0x00, 0x00, 0x00, 0x00, 0x00, 0x00, 0x00, 0x00, 0x00, 0x00,
    0x00, 0x00, 0x00, 0x00, 0x00, 0x00, 0x00, 0x00, 0x00, 0x00, 0x00, 0x00, 0x00, 0x00, 0x00, 0x00,
    0x00, 0x00, 0x00, 0x00, 0x00, 0x00, 0x00, 0x00, 0x00, 0x00, 0x00, 0x00, 0x00, 0x00, 0x00, 0x00,
    0x00, 0x00, 0x00, 0x00, 0x00, 0x00, 0x00, 0x00, 0x00, 0x00, 0x00, 0x00, 0x00, 0x00, 0x00, 0x00,
    0x00, 0x00, 0x00, 0x00, 0x00, 0x00, 0x00, 0x00, 0x00, 0x00, 0x00, 0x00, 0x00, 0x00, 0x00, 0x00,
    0x00, 0x00, 0x00, 0x00, 0x00, 0x00, 0x00, 0x00, 0x00, 0x00, 0x00, 0x00, 0x00, 0x00, 0x00, 0x00,
    0x00, 0x00, 0x00, 0x00, 0x00, 0x00, 0x00, 0x00, 0x00, 0x00, 0x00, 0x00, 0x00, 0x00, 0x00, 0x00,
    0x00, 0x00, 0x00, 0x00, 0x00, 0x00, 0x00, 0x00, 0x00, 0x00, 0x00, 0x00, 0x00, 0x00, 0x00, 0x00,
    0x00, 0x00, 0x00, 0x00, 0x00, 0x00, 0x00, 0x00, 0x00, 0x00, 0x00, 0x00, 0x00, 0x00, 0x00, 0x00,
    0x00, 0x00, 0x00, 0x00, 0x00, 0x00, 0x00, 0x00, 0x00, 0x00, 0x00, 0x00, 0x00, 0x00, 0x00, 0x00,
    0x00, 0x00, 0x00, 0x00, 0x00, 0x00, 0x00, 0x00, 0x00, 0x00, 0x00, 0x00, 0x00, 0x00, 0x00, 0x00,
    0x00, 0x00, 0x00, 0x00, 0x00, 0x00, 0x00, 0x00, 0x00, 0x00, 0x00, 0x00, 0x00, 0x00, 0x00, 0x00,
    0x00, 0x00, 0x00, 0x00, 0x00, 0x00, 0x00, 0x00, 0x00, 0x00, 0x00, 0x00, 0x00, 0x00, 0x00, 0x00,
    0x00, 0x00, 0x00, 0x00, 0x00, 0x00, 0x00, 0x00, 0x00, 0x00, 0x00, 0x00, 0x00, 0x00, 0x00, 0x00,
    0x00, 0x00, 0x00, 0x00, 0x00, 0x00, 0x00, 0x00, 0x00, 0x00, 0x00, 0x00, 0x00, 0x00, 0x00, 0x00,
    0x00, 0x00, 0x00, 0x00, 0x00, 0x00, 0x00, 0x00, 0x00, 0x00, 0x00, 0x00, 0x00, 0x00, 0x00, 0x00,
    0x00, 0x00, 0x00, 0x00, 0x00, 0x00, 0x00, 0x00, 0x00, 0x00, 0x00, 0x00, 0x00, 0x00, 0x00, 0x00,
    0x00, 0x00, 0x00, 0x00, 0x00, 0x00, 0x00, 0x00, 0x00, 0x00, 0x00, 0x00, 0x00, 0x00, 0x00, 0x00,
    0x00, 0x00, 0x00, 0x00, 0x00, 0x00, 0x00, 0x00, 0x00, 0x00, 0x00, 0x00, 0x00, 0x00, 0x00, 0x00,
    0x00, 0x00, 0x00, 0x00, 0x00, 0x00, 0x00, 0x00, 0x00, 0x00, 0x00, 0x00, 0x00, 0x00, 0x00, 0x00,
    0x00, 0x00, 0x00, 0x00, 0x00, 0x00, 0x00, 0x00, 0x00, 0x00, 0x00, 0x00, 0x00, 0x00, 0x00, 0x00,
    0x00, 0x00, 0x00, 0x00, 0x00, 0x00, 0x00, 0x00, 0x00, 0x00, 0x00, 0x00, 0x00, 0x00, 0x00, 0x00,
    0x00, 0x00, 0x00, 0x00, 0x00, 0x00, 0x00, 0x00, 0x00, 0x00, 0x00, 0x00, 0x00, 0x00, 0x00, 0x00,
    0x00, 0x00, 0x00, 0x00, 0x00, 0x00, 0x00, 0x00, 0x00, 0x00, 0x00, 0x00, 0x00, 0x00, 0x00, 0x00,
    0x00, 0x00, 0x00, 0x00, 0x00, 0x00, 0x00, 0x00, 0x00, 0x00, 0x00, 0x00, 0x00, 0x00, 0x00, 0x00,
    0x00, 0x00, 0x00, 0x00, 0x00, 0x00, 0x00, 0x00, 0x00, 0x00, 0x00, 0x00, 0x00, 0x00, 0x00, 0x00,
    0x00, 0x00, 0x00, 0x00, 0x00, 0x00, 0x00, 0x00, 0x00, 0x00, 0x00, 0x00, 0x00, 0x00, 0x00, 0x00,
    0x00, 0x00, 0x00, 0x00, 0x00, 0x00, 0x00, 0x00, 0x00, 0x00, 0x00, 0x00, 0x00, 0x00, 0xff, 0x01,
    0x00, 0x00, 0xaa, 0x03, 0x00, 0x00, 0xbf, 0x04, 0x00, 0x00, 0xbf, 0x04, 0x00, 0x00, 0xff, 0x01,
    0x00, 0x00, 0x00, 0x00, 0x00, 0x00, 0x00, 0x00, 0x00, 0x00, 0x00, 0x00, 0x00, 0x00, 0x00, 0x00,
    0x00, 0x00, 0x00, 0x00, 0x00, 0x00, 0xe2, 0x09, 0x06, 0x00, 0xe3, 0x25, 0x06, 0x00, 0xdf, 0x4a,
    0x08, 0x00, 0xe2, 0x74, 0x09, 0x00, 0xe3, 0x9d, 0x09, 0x00, 0xe1, 0xc4, 0x08, 0x00, 0xe1, 0xe4,
    0x09, 0x00, 0xe2, 0xfb, 0x09, 0x00, 0xeb, 0xff, 0x0a, 0x00, 0xf1, 0xff, 0x0a, 0x00, 0xf1, 0xff,
    0x09, 0x00, 0xee, 0xff, 0x09, 0x00, 0xea, 0xff, 0x09, 0x00, 0xe5, 0xff, 0x09, 0x00, 0xe2, 0xff,
    0x09, 0x00, 0xe2, 0xfc, 0x09, 0x00, 0xe2, 0xfb, 0x09, 0x00, 0xe2, 0xfb, 0x09, 0x00, 0xe1, 0xfc,
    0x09, 0x00, 0xe1, 0xfd, 0x09, 0x00, 0xe1, 0xfe, 0x09, 0x00, 0xe1, 0xfe, 0x09, 0x00, 0xe2, 0xff,
    0x09, 0x00, 0xe2, 0xff, 0x09, 0x00, 0xe2, 0xff, 0x09, 0x00, 0xe2, 0xff, 0x09, 0x00, 0xe2, 0xff,
    0x09, 0x00, 0xe2, 0xff, 0x09, 0x00, 0xe2, 0xff, 0x09, 0x00, 0xe2, 0xff, 0x09, 0x00, 0xe2, 0xff,
    0x09, 0x00, 0xe2, 0xff, 0x09, 0x00, 0xe2, 0xff, 0x09, 0x00, 0xe2, 0xff, 0x09, 0x00, 0xe2, 0xff,
    0x09, 0x00, 0xe2, 0xff, 0x09, 0x00, 0xe2, 0xff, 0x09, 0x00, 0xe2, 0xff, 0x09, 0x00, 0xe2, 0xff,
    0x09, 0x00, 0xe2, 0xff, 0x09, 0x00, 0xe2, 0xff, 0x09, 0x00, 0xe2, 0xff, 0x09, 0x00, 0xe2, 0xff,
    0x09, 0x00, 0xe2, 0xff, 0x09, 0x00, 0xe2, 0xff, 0x09, 0x00, 0xe2, 0xff, 0x09, 0x00, 0xe2, 0xff,
    0x09, 0x00, 0xe2, 0xff, 0x09, 0x00, 0xe2, 0xff, 0x09, 0x00, 0xe2, 0xff, 0x09, 0x00, 0xe2, 0xff,
    0x09, 0x00, 0xe2, 0xff, 0x09, 0x00, 0xe2, 0xff, 0x09, 0x00, 0xe2, 0xff, 0x09, 0x00, 0xe2, 0xff,
    0x09, 0x00, 0xe2, 0xff, 0x09, 0x00, 0xe2, 0xff, 0x09, 0x00, 0xe2, 0xff, 0x09, 0x00, 0xe2, 0xff,
    0x09, 0x00, 0xe2, 0xff, 0x09, 0x00, 0xe2, 0xff, 0x09, 0x00, 0xe2, 0xff, 0x09, 0x00, 0xe2, 0xff,
    0x09, 0x00, 0xe2, 0xff, 0x09, 0x00, 0xe2, 0xff, 0x09, 0x00, 0xe2, 0xff, 0x09, 0x00, 0xe2, 0xff,
    0x09, 0x00, 0xe2, 0xff, 0x09, 0x00, 0xe2, 0xff, 0x09, 0x00, 0xe2, 0xff, 0x09, 0x00, 0xe2, 0xff,
    0x09, 0x00, 0xe2, 0xff, 0x09, 0x00, 0xe2, 0xff, 0x09, 0x00, 0xe2, 0xff, 0x09, 0x00, 0xe2, 0xff,
    0x09, 0x00, 0xe2, 0xff, 0x09, 0x00, 0xe2, 0xff, 0x09, 0x00, 0xe2, 0xff, 0x09, 0x00, 0xe2, 0xff,
    0x09, 0x00, 0xe2, 0xff, 0x09, 0x00, 0xe2, 0xff, 0x09, 0x00, 0xe2, 0xff, 0x09, 0x00, 0xe2, 0xff,
    0x09, 0x00, 0xe2, 0xff, 0x09, 0x00, 0xe2, 0xff, 0x09, 0x00, 0xe2, 0xff, 0x09, 0x00, 0xe2, 0xff,
    0x09, 0x00, 0xe2, 0xff, 0x09, 0x00, 0xe2, 0xff, 0x09, 0x00, 0xe2, 0xff, 0x09, 0x00, 0xe2, 0xff,
    0x09, 0x00, 0xe2, 0xff, 0x09, 0x00, 0xe2, 0xff, 0x09, 0x00, 0xe2, 0xff, 0x09, 0x00, 0xe2, 0xff,
    0x09, 0x00, 0xe2, 0xff, 0x09, 0x00, 0xe2, 0xff, 0x09, 0x00, 0xe2, 0xff, 0x09, 0x00, 0xe2, 0xff,
    0x09, 0x00, 0xe2, 0xff, 0x09, 0x00, 0xe2, 0xff, 0x09, 0x00, 0xe2, 0xff, 0x09, 0x00, 0xe2, 0xff,
    0x09, 0x00, 0xe2, 0xff, 0x09, 0x00, 0xe2, 0xff, 0x09, 0x00, 0xe2, 0xff, 0x09, 0x00, 0xe2, 0xff,
    0x09, 0x00, 0xe2, 0xff, 0x09, 0x00, 0xe2, 0xff, 0x09, 0x00, 0xe2, 0xff, 0x09, 0x00, 0xe2, 0xff,
    0x09, 0x00, 0xe2, 0xff, 0x09, 0x00, 0xe2, 0xff, 0x09, 0x00, 0xe2, 0xff, 0x09, 0x00, 0xe2, 0xff,
    0x09, 0x00, 0xe2, 0xff, 0x09, 0x00, 0xe2, 0xff, 0x09, 0x00, 0xe2, 0xff, 0x09, 0x00, 0xe2, 0xff,
    0x09, 0x00, 0xe2, 0xff, 0x09, 0x00, 0xe2, 0xff, 0x09, 0x00, 0xe2, 0xff, 0x09, 0x00, 0xe2, 0xff,
    0x09, 0x00, 0xe2, 0xff, 0x09, 0x00, 0xe2, 0xff, 0x09, 0x00, 0xe2, 0xff, 0x09, 0x00, 0xe2, 0xff,
    0x09, 0x00, 0xe2, 0xff, 0x09, 0x00, 0xe2, 0xff, 0x09, 0x00, 0xe2, 0xff, 0x09, 0x00, 0xe2, 0xff,
    0x09, 0x00, 0xe2, 0xff, 0x09, 0x00, 0xe2, 0xff, 0x09, 0x00, 0xe2, 0xff, 0x09, 0x00, 0xe2, 0xff,
    0x09, 0x00, 0xe2, 0xff, 0x09, 0x00, 0xe2, 0xff, 0x09, 0x00, 0xe2, 0xff, 0x09, 0x00, 0xe2, 0xff,
    0x09, 0x00, 0xe2, 0xff, 0x09, 0x00, 0xe2, 0xff, 0x09, 0x00, 0xe2, 0xff, 0x09, 0x00, 0xe2, 0xff,
    0x09, 0x00, 0xe2, 0xff, 0x09, 0x00, 0xe2, 0xff, 0x09, 0x00, 0xe2, 0xff, 0x09, 0x00, 0xe2, 0xff,
    0x09, 0x00, 0xe2, 0xff, 0x09, 0x00, 0xe2, 0xff, 0x09, 0x00, 0xe2, 0xff, 0x09, 0x00, 0xe2, 0xff,
    0x09, 0x00, 0xe2, 0xff, 0x09, 0x00, 0xe1, 0xfe, 0x09, 0x00, 0xe1, 0xfe, 0x09, 0x00, 0xe1, 0xfd,
    0x09, 0x00, 0xe1, 0xfc, 0x09, 0x00, 0xe2, 0xfb, 0x09, 0x00, 0xe2, 0xfb, 0x09, 0x00, 0xe2, 0xfc,
    0x09, 0x00, 0xe2, 0xff, 0x09, 0x00, 0xe5, 0xff, 0x09, 0x00, 0xea, 0xff, 0x09, 0x00, 0xee, 0xff,
    0x0a, 0x00, 0xf1, 0xff, 0x0a, 0x00, 0xf1, 0xff, 0x09, 0x00, 0xeb, 0xff, 0x09, 0x00, 0xe2, 0xfb,
    0x08, 0x00, 0xe2, 0xe5, 0x09, 0x00, 0xe2, 0xc5, 0x09, 0x00, 0xe2, 0x9f, 0x08, 0x00, 0xe2, 0x74,
    0x06, 0x00, 0xe3, 0x4b, 0x06, 0x00, 0xe4, 0x26, 0x00, 0x00, 0xcc, 0x0a, 0x00, 0x00, 0x00, 0x00,
    0x00, 0x00, 0x00, 0x00, 0x00, 0x00, 0x00, 0x00, 0x00, 0x00, 0x00, 0x00, 0x00, 0x00, 0x00, 0x00,
    0x00, 0x00, 0xff, 0x01, 0x00, 0x00, 0xbf, 0x04, 0x00, 0x00, 0xbf, 0x04, 0x00, 0x00, 0xaa, 0x03,
    0x00, 0x00, 0xff, 0x01, 0x00, 0x00, 0x00, 0x00, 0x00, 0x00, 0x00, 0x00, 0x00, 0x00, 0x00, 0x00,
    0x00, 0x00, 0x00, 0x00, 0x00, 0x00, 0x00, 0x00, 0x00, 0x00, 0x00, 0x00, 0x00, 0x00, 0x00, 0x00,
    0x00, 0x00, 0x00, 0x00, 0x00, 0x00, 0x00, 0x00, 0x00, 0x00, 0x00, 0x00, 0x00, 0x00, 0x00, 0x00,
    0x00, 0x00, 0x00, 0x00, 0x00, 0x00, 0x00, 0x00, 0x00, 0x00, 0x00, 0x00, 0x00, 0x00, 0x00, 0x00,
    0x00, 0x00, 0x00, 0x00, 0x00, 0x00, 0x00, 0x00, 0x00, 0x00, 0x00, 0x00, 0x00, 0x00, 0x00, 0x00,
    0x00, 0x00, 0x00, 0x00, 0x00, 0x00, 0x00, 0x00, 0x00, 0x00, 0x00, 0x00, 0x00, 0x00, 0x00, 0x00,
    0x00, 0x00, 0x00, 0x00, 0x00, 0x00, 0x00, 0x00, 0x00, 0x00, 0x00, 0x00, 0x00, 0x00, 0x00, 0x00,
    0x00, 0x00, 0x00, 0x00, 0x00, 0x00, 0x00, 0x00, 0x00, 0x00, 0x00, 0x00, 0x00, 0x00, 0x00, 0x00,
    0x00, 0x00, 0x00, 0x00, 0x00, 0x00, 0x00, 0x00, 0x00, 0x00, 0x00, 0x00, 0x00, 0x00, 0x00, 0x00,
    0x00, 0x00, 0x00, 0x00, 0x00, 0x00, 0x00, 0x00, 0x00, 0x00, 0x00, 0x00, 0x00, 0x00, 0x00, 0x00,
    0x00, 0x00, 0x00, 0x00, 0x00, 0x00, 0x00, 0x00, 0x00, 0x00, 0x00, 0x00, 0x00, 0x00, 0x00, 0x00,
    0x00, 0x00, 0x00, 0x00, 0x00, 0x00, 0x00, 0x00, 0x00, 0x00, 0x00, 0x00, 0x00, 0x00, 0x00, 0x00,
    0x00, 0x00, 0x00, 0x00, 0x00, 0x00, 0x00, 0x00, 0x00, 0x00, 0x00, 0x00, 0x00, 0x00, 0x00, 0x00,
    0x00, 0x00, 0x00, 0x00, 0x00, 0x00, 0x00, 0x00, 0x00, 0x00, 0x00, 0x00, 0x00, 0x00, 0x00, 0x00,
    0x00, 0x00, 0x00, 0x00, 0x00, 0x00, 0x00, 0x00, 0x00, 0x00, 0x00, 0x00, 0x00, 0x00, 0x00, 0x00,
    0x00, 0x00, 0x00, 0x00, 0x00, 0x00, 0x00, 0x00, 0x00, 0x00, 0x00, 0x00, 0x00, 0x00, 0x00, 0x00,
    0x00, 0x00, 0x00, 0x00, 0x00, 0x00, 0x00, 0x00, 0x00, 0x00, 0x00, 0x00, 0x00, 0x00, 0x00, 0x00,
    0x00, 0x00, 0x00, 0x00, 0x00, 0x00, 0x00, 0x00, 0x00, 0x00, 0x00, 0x00, 0x00, 0x00, 0x00, 0x00,
    0x00, 0x00, 0x00, 0x00, 0x00, 0x00, 0x00, 0x00, 0x00, 0x00, 0x00, 0x00, 0x00, 0x00, 0x00, 0x00,
    0x00, 0x00, 0x00, 0x00, 0x00, 0x00, 0x00, 0x00, 0x00, 0x00, 0x00, 0x00, 0x00, 0x00, 0x00, 0x00,
    0x00, 0x00, 0x00, 0x00, 0x00, 0x00, 0x00, 0x00, 0x00, 0x00, 0x00, 0x00, 0x00, 0x00, 0x00, 0x00,
    0x00, 0x00, 0x00, 0x00, 0x00, 0x00, 0x00, 0x00, 0x00, 0x00, 0x00, 0x00, 0x00, 0x00, 0x00, 0x00,
    0x00, 0x00, 0x00, 0x00, 0x00, 0x00, 0x00, 0x00, 0x00, 0x00, 0x00, 0x00, 0x00, 0x00, 0x00, 0x00,
    0x00, 0x00, 0x00, 0x00, 0x00, 0x00, 0x00, 0x00, 0x00, 0x00, 0x00, 0x00, 0x00, 0x00, 0x00, 0x00,
    0x00, 0x00, 0x00, 0x00, 0x00, 0x00, 0x00, 0x00, 0x00, 0x00, 0x00, 0x00, 0x00, 0x00, 0x00, 0x00,
    0x00, 0x00, 0x00, 0x00, 0x00, 0x00, 0x00, 0x00, 0x00, 0x00, 0x00, 0x00, 0x00, 0x00, 0x00, 0x00,
    0x00, 0x00, 0x00, 0x00, 0x00, 0x00, 0x00, 0x00, 0x00, 0x00, 0x00, 0x00, 0x00, 0x00, 0x00, 0x00,
    0x00, 0x00, 0x00, 0x00, 0x00, 0x00, 0x00, 0x00, 0x00, 0x00, 0x00, 0x00, 0x00, 0x00, 0x00, 0x00,
    0x00, 0x00, 0x00, 0x00, 0x00, 0x00, 0x00, 0x00, 0x00, 0x00, 0x00, 0x00, 0x00, 0x00, 0x00, 0x00,
    0x00, 0x00, 0x00, 0x00, 0x00, 0x00, 0x00, 0x00, 0x00, 0x00, 0x00, 0x00, 0x00, 0x00, 0x00, 0x00,
    0x00, 0x00, 0x00, 0x00, 0x00, 0x00, 0x00, 0x00, 0x00, 0x00, 0x00, 0x00, 0x00, 0x00, 0x00, 0x00,
    0x00, 0x00, 0x00, 0x00, 0x00, 0x00, 0x00, 0x00, 0x00, 0x00, 0x00, 0x00, 0x00, 0x00, 0x00, 0x00,
    0x00, 0x00, 0x00, 0x00, 0x00, 0x00, 0x00, 0x00, 0x00, 0x00, 0x00, 0x00, 0x00, 0x00, 0x00, 0x00,
    0x00, 0x00, 0xff, 0x01, 0x00, 0x00, 0xff, 0x02, 0x00, 0x00, 0xbf, 0x04, 0x00, 0x00, 0xbf, 0x04,
    0x00, 0x00, 0xff, 0x02, 0x00, 0x00, 0x00, 0x00, 0x00, 0x00, 0x00, 0x00, 0x00, 0x00, 0x00, 0x00,
    0x00, 0x00, 0x00, 0x00, 0x00, 0x00, 0x00, 0x00, 0x00, 0x00, 0x00, 0x00, 0x00, 0x00, 0xe9, 0x0c,
    0x06, 0x00, 0xe4, 0x27, 0x07, 0x00, 0xe2, 0x48, 0x09, 0x00, 0xe2, 0x6d, 0x08, 0x00, 0xe1, 0x95,
    0x09, 0x00, 0xe1, 0xb8, 0x09, 0x00, 0xe2, 0xd6, 0x08, 0x00, 0xe1, 0xf0, 0x09, 0x00, 0xe4, 0xff,
    0x09, 0x00, 0xed, 0xff, 0x0a, 0x00, 0xf1, 0xff, 0x0a, 0x00, 0xf1, 0xff, 0x0a, 0x00, 0xef, 0xff,
    0x09, 0x00, 0xeb, 0xff, 0x09, 0x00, 0xe7, 0xff, 0x09, 0x00, 0xe3, 0xff, 0x09, 0x00, 0xe1, 0xfe,
    0x09, 0x00, 0xe1, 0xfc, 0x09, 0x00, 0xe2, 0xfb, 0x09, 0x00, 0xe2, 0xfb, 0x09, 0x00, 0xe1, 0xfc,
    0x09, 0x00, 0xe2, 0xfc, 0x09, 0x00, 0xe1, 0xfd, 0x09, 0x00, 0xe1, 0xfe, 0x09, 0x00, 0xe1, 0xfe,
    0x09, 0x00, 0xe2, 0xff, 0x09, 0x00, 0xe2, 0xff, 0x09, 0x00, 0xe2, 0xff, 0x09, 0x00, 0xe2, 0xff,
    0x09, 0x00, 0xe2, 0xff, 0x09, 0x00, 0xe2, 0xff, 0x09, 0x00, 0xe2, 0xff, 0x09, 0x00, 0xe2, 0xff,
    0x09, 0x00, 0xe2, 0xff, 0x09, 0x00, 0xe2, 0xff, 0x09, 0x00, 0xe2, 0xff, 0x09, 0x00, 0xe2, 0xff,
    0x09, 0x00, 0xe2, 0xff, 0x09, 0x00, 0xe2, 0xff, 0x09, 0x00, 0xe2, 0xff, 0x09, 0x00, 0xe2, 0xff,
    0x09, 0x00, 0xe2, 0xff, 0x09, 0x00, 0xe2, 0xff, 0x09, 0x00, 0xe2, 0xff, 0x09, 0x00, 0xe2, 0xff,
    0x09, 0x00, 0xe2, 0xff, 0x09, 0x00, 0xe2, 0xff, 0x09, 0x00, 0xe2, 0xff, 0x09, 0x00, 0xe2, 0xff,
    0x09, 0x00, 0xe2, 0xff, 0x09, 0x00, 0xe2, 0xff, 0x09, 0x00, 0xe2, 0xff, 0x09, 0x00, 0xe2, 0xff,
    0x09, 0x00, 0xe2, 0xff, 0x09, 0x00, 0xe2, 0xff, 0x09, 0x00, 0xe2, 0xff, 0x09, 0x00, 0xe2, 0xff,
    0x09, 0x00, 0xe2, 0xff, 0x09, 0x00, 0xe2, 0xff, 0x09, 0x00, 0xe2, 0xff, 0x09, 0x00, 0xe2, 0xff,
    0x09, 0x00, 0xe2, 0xff, 0x09, 0x00, 0xe2, 0xff, 0x09, 0x00, 0xe2, 0xff, 0x09, 0x00, 0xe2, 0xff,
    0x09, 0x00, 0xe2, 0xff, 0x09, 0x00, 0xe2, 0xff, 0x09, 0x00, 0xe2, 0xff, 0x09, 0x00, 0xe2, 0xff,
    0x09, 0x00, 0xe2, 0xff, 0x09, 0x00, 0xe2, 0xff, 0x09, 0x00, 0xe2, 0xff, 0x09, 0x00, 0xe2, 0xff,
    0x09, 0x00, 0xe2, 0xff, 0x09, 0x00, 0xe2, 0xff, 0x09, 0x00, 0xe2, 0xff, 0x09, 0x00, 0xe2, 0xff,
    0x09, 0x00, 0xe2, 0xff, 0x09, 0x00, 0xe2, 0xff, 0x09, 0x00, 0xe2, 0xff, 0x09, 0x00, 0xe2, 0xff,
    0x09, 0x00, 0xe2, 0xff, 0x09, 0x00, 0xe2, 0xff, 0x09, 0x00, 0xe2, 0xff, 0x09, 0x00, 0xe2, 0xff,
    0x09, 0x00, 0xe2, 0xff, 0x09, 0x00, 0xe2, 0xff, 0x09, 0x00, 0xe2, 0xff, 0x09, 0x00, 0xe2, 0xff,
    0x09, 0x00, 0xe2, 0xff, 0x09, 0x00, 0xe2, 0xff, 0x09, 0x00, 0xe2, 0xff, 0x09, 0x00, 0xe2, 0xff,
    0x09, 0x00, 0xe2, 0xff, 0x09, 0x00, 0xe2, 0xff, 0x09, 0x00, 0xe2, 0xff, 0x09, 0x00, 0xe2, 0xff,
    0x09, 0x00, 0xe2, 0xff, 0x09, 0x00, 0xe2, 0xff, 0x09, 0x00, 0xe2, 0xff, 0x09, 0x00, 0xe2, 0xff,
    0x09, 0x00, 0xe2, 0xff, 0x09, 0x00, 0xe2, 0xff, 0x09, 0x00, 0xe2, 0xff, 0x09, 0x00, 0xe2, 0xff,
    0x09, 0x00, 0xe2, 0xff, 0x09, 0x00, 0xe2, 0xff, 0x09, 0x00, 0xe2, 0xff, 0x09, 0x00, 0xe2, 0xff,
    0x09, 0x00, 0xe2, 0xff, 0x09, 0x00, 0xe2, 0xff, 0x09, 0x00, 0xe2, 0xff, 0x09, 0x00, 0xe2, 0xff,
    0x09, 0x00, 0xe2, 0xff, 0x09, 0x00, 0xe2, 0xff, 0x09, 0x00, 0xe2, 0xff, 0x09, 0x00, 0xe2, 0xff,
    0x09, 0x00, 0xe2, 0xff, 0x09, 0x00, 0xe2, 0xff, 0x09, 0x00, 0xe2, 0xff, 0x09, 0x00, 0xe2, 0xff,
    0x09, 0x00, 0xe2, 0xff, 0x09, 0x00, 0xe2, 0xff, 0x09, 0x00, 0xe2, 0xff, 0x09, 0x00, 0xe2, 0xff,
    0x09, 0x00, 0xe2, 0xff, 0x09, 0x00, 0xe2, 0xff, 0x09, 0x00, 0xe2, 0xff, 0x09, 0x00, 0xe2, 0xff,
    0x09, 0x00, 0xe2, 0xff, 0x09, 0x00, 0xe2, 0xff, 0x09, 0x00, 0xe2, 0xff, 0x09, 0x00, 0xe2, 0xff,
    0x09, 0x00, 0xe2, 0xff, 0x09, 0x00, 0xe2, 0xff, 0x09, 0x00, 0xe2, 0xff, 0x09, 0x00, 0xe2, 0xff,
    0x09, 0x00, 0xe2, 0xfe, 0x09, 0x00, 0xe1, 0xfe, 0x09, 0x00, 0xe1, 0xfd, 0x09, 0x00, 0xe2, 0xfc,
    0x09, 0x00, 0xe1, 0xfc, 0x09, 0x00, 0xe2, 0xfb, 0x09, 0x00, 0xe2, 0xfb, 0x09, 0x00, 0xe1, 0xfc,
    0x09, 0x00, 0xe1, 0xfe, 0x09, 0x00, 0xe3, 0xff, 0x09, 0x00, 0xe7, 0xff, 0x09, 0x00, 0xeb, 0xff,
    0x0a, 0x00, 0xef, 0xff, 0x0a, 0x00, 0xf1, 0xff, 0x0a, 0x00, 0xf1, 0xff, 0x09, 0x00, 0xed, 0xff,
    0x09, 0x00, 0xe4, 0xff, 0x08, 0x00, 0xe2, 0xf0, 0x09, 0x00, 0xe2, 0xd7, 0x09, 0x00, 0xe2, 0xb9,
    0x08, 0x00, 0xe3, 0x95, 0x09, 0x00, 0xe1, 0x6f, 0x06, 0x00, 0xdf, 0x4a, 0x06, 0x00, 0xe5, 0x28,
    0x00, 0x00, 0xd7, 0x0d, 0x00, 0x00, 0x00, 0x00, 0x00, 0x00, 0x00, 0x00, 0x00, 0x00, 0x00, 0x00,
    0x00, 0x00, 0x00, 0x00, 0x00, 0x00, 0x00, 0x00, 0x00, 0x00, 0x00, 0x00, 0x00, 0x00, 0x7f, 0x02,
    0x00, 0x00, 0xbf, 0x04, 0x00, 0x00, 0xbf, 0x04, 0x00, 0x00, 0xaa, 0x03, 0x00, 0x00, 0xff, 0x01,
    0x00, 0x00, 0x00, 0x00, 0x00, 0x00, 0x00, 0x00, 0x00, 0x00, 0x00, 0x00, 0x00, 0x00, 0x00, 0x00,
    0x00, 0x00, 0x00, 0x00, 0x00, 0x00, 0x00, 0x00, 0x00, 0x00, 0x00, 0x00, 0x00, 0x00, 0x00, 0x00,
    0x00, 0x00, 0x00, 0x00, 0x00, 0x00, 0x00, 0x00, 0x00, 0x00, 0x00, 0x00, 0x00, 0x00, 0x00, 0x00,
    0x00, 0x00, 0x00, 0x00, 0x00, 0x00, 0x00, 0x00, 0x00, 0x00, 0x00, 0x00, 0x00, 0x00, 0x00, 0x00,
    0x00, 0x00, 0x00, 0x00, 0x00, 0x00, 0x00, 0x00, 0x00, 0x00, 0x00, 0x00, 0x00, 0x00, 0x00, 0x00,
    0x00, 0x00, 0x00, 0x00, 0x00, 0x00, 0x00, 0x00, 0x00, 0x00, 0x00, 0x00, 0x00, 0x00, 0x00, 0x00,
    0x00, 0x00, 0x00, 0x00, 0x00, 0x00, 0x00, 0x00, 0x00, 0x00, 0x00, 0x00, 0x00, 0x00, 0x00, 0x00,
    0x00, 0x00, 0x00, 0x00, 0x00, 0x00, 0x00, 0x00, 0x00, 0x00, 0x00, 0x00, 0x00, 0x00, 0x00, 0x00,
    0x00, 0x00, 0x00, 0x00, 0x00, 0x00, 0x00, 0x00, 0x00, 0x00, 0x00, 0x00, 0x00, 0x00, 0x00, 0x00,
    0x00, 0x00, 0x00, 0x00, 0x00, 0x00, 0x00, 0x00, 0x00, 0x00, 0x00, 0x00, 0x00, 0x00, 0x00, 0x00,
    0x00, 0x00, 0x00, 0x00, 0x00, 0x00, 0x00, 0x00, 0x00, 0x00, 0x00, 0x00, 0x00, 0x00, 0x00, 0x00,
    0x00, 0x00, 0x00, 0x00, 0x00, 0x00, 0x00, 0x00, 0x00, 0x00, 0x00, 0x00, 0x00, 0x00, 0x00, 0x00,
    0x00, 0x00, 0x00, 0x00, 0x00, 0x00, 0x00, 0x00, 0x00, 0x00, 0x00, 0x00, 0x00, 0x00, 0x00, 0x00,
    0x00, 0x00, 0x00, 0x00, 0x00, 0x00, 0x00, 0x00, 0x00, 0x00, 0x00, 0x00, 0x00, 0x00, 0x00, 0x00,
    0x00, 0x00, 0x00, 0x00, 0x00, 0x00, 0x00, 0x00, 0x00, 0x00, 0x00, 0x00, 0x00, 0x00, 0x00, 0x00,
    0x00, 0x00, 0x00, 0x00, 0x00, 0x00, 0x00, 0x00, 0x00, 0x00, 0x00, 0x00, 0x00, 0x00, 0x00, 0x00,
    0x00, 0x00, 0x00, 0x00, 0x00, 0x00, 0x00, 0x00, 0x00, 0x00, 0x00, 0x00, 0x00, 0x00, 0x00, 0x00,
    0x00, 0x00, 0x00, 0x00, 0x00, 0x00, 0x00, 0x00, 0x00, 0x00, 0x00, 0x00, 0x00, 0x00, 0x00, 0x00,
    0x00, 0x00, 0x00, 0x00, 0x00, 0x00, 0x00, 0x00, 0x00, 0x00, 0x00, 0x00, 0x00, 0x00, 0x00, 0x00,
    0x00, 0x00, 0x00, 0x00, 0x00, 0x00, 0x00, 0x00, 0x00, 0x00, 0x00, 0x00, 0x00, 0x00, 0x00, 0x00,
    0x00, 0x00, 0x00, 0x00, 0x00, 0x00, 0x00, 0x00, 0x00, 0x00, 0x00, 0x00, 0x00, 0x00, 0x00, 0x00,
    0x00, 0x00, 0x00, 0x00, 0x00, 0x00, 0x00, 0x00, 0x00, 0x00, 0x00, 0x00, 0x00, 0x00, 0x00, 0x00,
    0x00, 0x00, 0x00, 0x00, 0x00, 0x00, 0x00, 0x00, 0x00, 0x00, 0x00, 0x00, 0x00, 0x00, 0x00, 0x00,
    0x00, 0x00, 0x00, 0x00, 0x00, 0x00, 0x00, 0x00, 0x00, 0x00, 0x00, 0x00, 0x00, 0x00, 0x00, 0x00,
    0x00, 0x00, 0x00, 0x00, 0x00, 0x00, 0x00, 0x00, 0x00, 0x00, 0x00, 0x00, 0x00, 0x00, 0x00, 0x00,
    0x00, 0x00, 0x00, 0x00, 0x00, 0x00, 0x00, 0x00, 0x00, 0x00, 0x00, 0x00, 0x00, 0x00, 0x00, 0x00,
    0x00, 0x00, 0x00, 0x00, 0x00, 0x00, 0x00, 0x00, 0x00, 0x00, 0x00, 0x00, 0x00, 0x00, 0x00, 0x00,
    0x00, 0x00, 0x00, 0x00, 0x00, 0x00, 0x00, 0x00, 0x00, 0x00, 0x00, 0x00, 0x00, 0x00, 0x00, 0x00,
    0x00, 0x00, 0x00, 0x00, 0x00, 0x00, 0x00, 0x00, 0x00, 0x00, 0x00, 0x00, 0x00, 0x00, 0x00, 0x00,
    0x00, 0x00, 0x00, 0x00, 0x00, 0x00, 0x00, 0x00, 0x00, 0x00, 0x00, 0x00, 0x00, 0x00, 0x00, 0x00,
    0x00, 0x00, 0x00, 0x00, 0x00, 0x00, 0x00, 0x00, 0x00, 0x00, 0x00, 0x00, 0x00, 0x00, 0x00, 0x00,
    0x00, 0x00, 0x00, 0x00, 0x00, 0x00, 0x00, 0x00, 0x00, 0x00, 0x00, 0x00, 0x00, 0x00, 0x00, 0x00,
    0x00, 0x00, 0x00, 0x00, 0x00, 0x00, 0x00, 0x00, 0x00, 0x00, 0x00, 0x00, 0x00, 0x00, 0x00, 0x00,
    0x00, 0x00, 0x00, 0x00, 0x00, 0x00, 0x00, 0x00, 0x00, 0x00, 0x00, 0x00, 0x00, 0x00, 0x00, 0x00,
    0x00, 0x00, 0x00, 0x00, 0x00, 0x00, 0x00, 0x00, 0x00, 0x00, 0x00, 0x00, 0x00, 0x00, 0x00, 0x00,
    0x00, 0x00, 0x00, 0x00, 0x00, 0x00, 0xff, 0x01, 0x00, 0x00, 0xff, 0x02, 0x00, 0x00, 0xff, 0x03,
    0x00, 0x00, 0xbf, 0x04, 0x00, 0x00, 0xff, 0x03, 0x00, 0x00, 0xff, 0x01, 0x00, 0x00, 0x00, 0x00,
    0x00, 0x00, 0x00, 0x00, 0x00, 0x00, 0x00, 0x00, 0x00, 0x00, 0x00, 0x00, 0x00, 0x00, 0x00, 0x00,
    0x00, 0x00, 0x00, 0x00, 0x00, 0x00, 0xff, 0x02, 0x0a, 0x00, 0xdf, 0x18, 0x0a, 0x00, 0xdf, 0x31,
    0x09, 0x00, 0xe2, 0x50, 0x09, 0x00, 0xe1, 0x71, 0x08, 0x00, 0xe1, 0x95, 0x08, 0x00, 0xe1, 0xb4,
    0x08, 0x00, 0xe1, 0xd0, 0x08, 0x00, 0xe2, 0xe8, 0x09, 0x00, 0xe2, 0xfa, 0x09, 0x00, 0xe8, 0xff,
    0x0a, 0x00, 0xef, 0xff, 0x0a, 0x00, 0xf1, 0xff, 0x0a, 0x00, 0xf1, 0xff, 0x0a, 0x00, 0xef, 0xff,
    0x09, 0x00, 0xec, 0xff, 0x09, 0x00, 0xe9, 0xff, 0x09, 0x00, 0xe5, 0xff, 0x09, 0x00, 0xe3, 0xff,
    0x09, 0x00, 0xe2, 0xfd, 0x09, 0x00, 0xe1, 0xfc, 0x09, 0x00, 0xe2, 0xfb, 0x09, 0x00, 0xe2, 0xfb,
    0x09, 0x00, 0xe2, 0xfb, 0x09, 0x00, 0xe1, 0xfc, 0x09, 0x00, 0xe1, 0xfd, 0x09, 0x00, 0xe1, 0xfd,
    0x09, 0x00, 0xe1, 0xfe, 0x09, 0x00, 0xe1, 0xfe, 0x09, 0x00, 0xe2, 0xff, 0x09, 0x00, 0xe2, 0xff,
    0x09, 0x00, 0xe2, 0xff, 0x09, 0x00, 0xe2, 0xff, 0x09, 0x00, 0xe2, 0xff, 0x09, 0x00, 0xe2, 0xff,
    0x09, 0x00, 0xe2, 0xff, 0x09, 0x00, 0xe2, 0xff, 0x09, 0x00, 0xe2, 0xff, 0x09, 0x00, 0xe2, 0xff,
    0x09, 0x00, 0xe2, 0xff, 0x09, 0x00, 0xe2, 0xff, 0x09, 0x00, 0xe2, 0xff, 0x09, 0x00, 0xe2, 0xff,
    0x09, 0x00, 0xe2, 0xff, 0x09, 0x00, 0xe2, 0xff, 0x09, 0x00, 0xe2, 0xff, 0x09, 0x00, 0xe2, 0xff,
    0x09, 0x00, 0xe2, 0xff, 0x09, 0x00, 0xe2, 0xff, 0x09, 0x00, 0xe2, 0xff, 0x09, 0x00, 0xe2, 0xff,
    0x09, 0x00, 0xe2, 0xff, 0x09, 0x00, 0xe2, 0xff, 0x09, 0x00, 0xe2, 0xff, 0x09, 0x00, 0xe2, 0xff,
    0x09, 0x00, 0xe2, 0xff, 0x09, 0x00, 0xe2, 0xff, 0x09, 0x00, 0xe2, 0xff, 0x09, 0x00, 0xe2, 0xff,
    0x09, 0x00, 0xe2, 0xff, 0x09, 0x00, 0xe2, 0xff, 0x09, 0x00, 0xe2, 0xff, 0x09, 0x00, 0xe2, 0xff,
    0x09, 0x00, 0xe2, 0xff, 0x09, 0x00, 0xe2, 0xff, 0x09, 0x00, 0xe2, 0xff, 0x09, 0x00, 0xe2, 0xff,
    0x09, 0x00, 0xe2, 0xff, 0x09, 0x00, 0xe2, 0xff, 0x09, 0x00, 0xe2, 0xff, 0x09, 0x00, 0xe2, 0xff,
    0x09, 0x00, 0xe2, 0xff, 0x09, 0x00, 0xe2, 0xff, 0x09, 0x00, 0xe2, 0xff, 0x09, 0x00, 0xe2, 0xff,
    0x09, 0x00, 0xe2, 0xff, 0x09, 0x00, 0xe2, 0xff, 0x09, 0x00, 0xe2, 0xff, 0x09, 0x00, 0xe2, 0xff,
    0x09, 0x00, 0xe2, 0xff, 0x09, 0x00, 0xe2, 0xff, 0x09, 0x00, 0xe2, 0xff, 0x09, 0x00, 0xe2, 0xff,
    0x09, 0x00, 0xe2, 0xff, 0x09, 0x00, 0xe2, 0xff, 0x09, 0x00, 0xe2, 0xff, 0x09, 0x00, 0xe2, 0xff,
    0x09, 0x00, 0xe2, 0xff, 0x09, 0x00, 0xe2, 0xff, 0x09, 0x00, 0xe2, 0xff, 0x09, 0x00, 0xe2, 0xff,
    0x09, 0x00, 0xe2, 0xff, 0x09, 0x00, 0xe2, 0xff, 0x09, 0x00, 0xe2, 0xff, 0x09, 0x00, 0xe2, 0xff,
    0x09, 0x00, 0xe2, 0xff, 0x09, 0x00, 0xe2, 0xff, 0x09, 0x00, 0xe2, 0xff, 0x09, 0x00, 0xe2, 0xff,
    0x09, 0x00, 0xe2, 0xff, 0x09, 0x00, 0xe2, 0xff, 0x09, 0x00, 0xe2, 0xff, 0x09, 0x00, 0xe2, 0xff,
    0x09, 0x00, 0xe2, 0xff, 0x09, 0x00, 0xe2, 0xff, 0x09, 0x00, 0xe2, 0xff, 0x09, 0x00, 0xe2, 0xff,
    0x09, 0x00, 0xe2, 0xff, 0x09, 0x00, 0xe2, 0xff, 0x09, 0x00, 0xe2, 0xff, 0x09, 0x00, 0xe2, 0xff,
    0x09, 0x00, 0xe2, 0xff, 0x09, 0x00, 0xe2, 0xff, 0x09, 0x00, 0xe2, 0xff, 0x09, 0x00, 0xe2, 0xff,
    0x09, 0x00, 0xe2, 0xff, 0x09, 0x00, 0xe2, 0xff, 0x09, 0x00, 0xe2, 0xff, 0x09, 0x00, 0xe2, 0xff,
    0x09, 0x00, 0xe2, 0xff, 0x09, 0x00, 0xe2, 0xff, 0x09, 0x00, 0xe1, 0xfe, 0x09, 0x00, 0xe1, 0xfe,
    0x09, 0x00, 0xe1, 0xfd, 0x09, 0x00, 0xe1, 0xfd, 0x09, 0x00, 0xe1, 0xfc, 0x09, 0x00, 0xe2, 0xfb,
    0x09, 0x00, 0xe2, 0xfb, 0x09, 0x00, 0xe2, 0xfb, 0x09, 0x00, 0xe1, 0xfc, 0x09, 0x00, 0xe2, 0xfd,
    0x09, 0x00, 0xe2, 0xff, 0x09, 0x00, 0xe5, 0xff, 0x09, 0x00, 0xe8, 0xff, 0x09, 0x00, 0xec, 0xff,
    0x0a, 0x00, 0xef, 0xff, 0x0a, 0x00, 0xf1, 0xff, 0x0a, 0x00, 0xf1, 0xff, 0x0a, 0x00, 0xef, 0xff,
    0x09, 0x00, 0xe9, 0xff, 0x09, 0x00, 0xe2, 0xfa, 0x08, 0x00, 0xe1, 0xe9, 0x09, 0x00, 0xe1, 0xd2,
    0x08, 0x00, 0xe2, 0xb4, 0x08, 0x00, 0xe1, 0x95, 0x08, 0x00, 0xe2, 0x73, 0x09, 0x00, 0xe3, 0x52,
    0x0a, 0x00, 0xe0, 0x32, 0x0a, 0x00, 0xe9, 0x18, 0x00, 0x00, 0xff, 0x03, 0x00, 0x00, 0x00, 0x00,
    0x00, 0x00, 0x00, 0x00, 0x00, 0x00, 0x00, 0x00, 0x00, 0x00, 0x00, 0x00, 0x00, 0x00, 0x00, 0x00,
    0x00, 0x00, 0x00, 0x00, 0x00, 0x00, 0xff, 0x01, 0x00, 0x00, 0xff, 0x03, 0x00, 0x00, 0xbf, 0x04,
    0x00, 0x00, 0xff, 0x03, 0x00, 0x00, 0xff, 0x02, 0x00, 0x00, 0xff, 0x01, 0x00, 0x00, 0x00, 0x00,
    0x00, 0x00, 0x00, 0x00, 0x00, 0x00, 0x00, 0x00, 0x00, 0x00, 0x00, 0x00, 0x00, 0x00, 0x00, 0x00,
    0x00, 0x00, 0x00, 0x00, 0x00, 0x00, 0x00, 0x00, 0x00, 0x00, 0x00, 0x00, 0x00, 0x00, 0x00, 0x00,
    0x00, 0x00, 0x00, 0x00, 0x00, 0x00, 0x00, 0x00, 0x00, 0x00, 0x00, 0x00, 0x00, 0x00, 0x00, 0x00,
    0x00, 0x00, 0x00, 0x00, 0x00, 0x00, 0x00, 0x00, 0x00, 0x00, 0x00, 0x00, 0x00, 0x00, 0x00, 0x00,
    0x00, 0x00, 0x00, 0x00, 0x00, 0x00, 0x00, 0x00, 0x00, 0x00, 0x00, 0x00, 0x00, 0x00, 0x00, 0x00,
    0x00, 0x00, 0x00, 0x00, 0x00, 0x00, 0x00, 0x00, 0x00, 0x00, 0x00, 0x00, 0x00, 0x00, 0x00, 0x00,
    0x00, 0x00, 0x00, 0x00, 0x00, 0x00, 0x00, 0x00, 0x00, 0x00, 0x00, 0x00, 0x00, 0x00, 0x00, 0x00,
    0x00, 0x00, 0x00, 0x00, 0x00, 0x00, 0x00, 0x00, 0x00, 0x00, 0x00, 0x00, 0x00, 0x00, 0x00, 0x00,
    0x00, 0x00, 0x00, 0x00, 0x00, 0x00, 0x00, 0x00, 0x00, 0x00, 0x00, 0x00, 0x00, 0x00, 0x00, 0x00,
    0x00, 0x00, 0x00, 0x00, 0x00, 0x00, 0x00, 0x00, 0x00, 0x00, 0x00, 0x00, 0x00, 0x00, 0x00, 0x00,
    0x00, 0x00, 0x00, 0x00, 0x00, 0x00, 0x00, 0x00, 0x00, 0x00, 0x00, 0x00, 0x00, 0x00, 0x00, 0x00,
    0x00, 0x00, 0x00, 0x00, 0x00, 0x00, 0x00, 0x00, 0x00, 0x00, 0x00, 0x00, 0x00, 0x00, 0x00, 0x00,
    0x00, 0x00, 0x00, 0x00, 0x00, 0x00, 0x00, 0x00, 0x00, 0x00, 0x00, 0x00, 0x00, 0x00, 0x00, 0x00,
    0x00, 0x00, 0x00, 0x00, 0x00, 0x00, 0x00, 0x00, 0x00, 0x00, 0x00, 0x00, 0x00, 0x00, 0x00, 0x00,
    0x00, 0x00, 0x00, 0x00, 0x00, 0x00, 0x00, 0x00, 0x00, 0x00, 0x00, 0x00, 0x00, 0x00, 0x00, 0x00,
    0x00, 0x00, 0x00, 0x00, 0x00, 0x00, 0x00, 0x00, 0x00, 0x00, 0x00, 0x00, 0x00, 0x00, 0x00, 0x00,
    0x00, 0x00, 0x00, 0x00, 0x00, 0x00, 0x00, 0x00, 0x00, 0x00, 0x00, 0x00, 0x00, 0x00, 0x00, 0x00,
    0x00, 0x00, 0x00, 0x00, 0x00, 0x00, 0x00, 0x00, 0x00, 0x00, 0x00, 0x00, 0x00, 0x00, 0x00, 0x00,
    0x00, 0x00, 0x00, 0x00, 0x00, 0x00, 0x00, 0x00, 0x00, 0x00, 0x00, 0x00, 0x00, 0x00, 0x00, 0x00,
    0x00, 0x00, 0x00, 0x00, 0x00, 0x00, 0x00, 0x00, 0x00, 0x00, 0x00, 0x00, 0x00, 0x00, 0x00, 0x00,
    0x00, 0x00, 0x00, 0x00, 0x00, 0x00, 0x00, 0x00, 0x00, 0x00, 0x00, 0x00, 0x00, 0x00, 0x00, 0x00,
    0x00, 0x00, 0x00, 0x00, 0x00, 0x00, 0x00, 0x00, 0x00, 0x00, 0x00, 0x00, 0x00, 0x00, 0x00, 0x00,
    0x00, 0x00, 0x00, 0x00, 0x00, 0x00, 0x00, 0x00, 0x00, 0x00, 0x00, 0x00, 0x00, 0x00, 0x00, 0x00,
    0x00, 0x00, 0x00, 0x00, 0x00, 0x00, 0x00, 0x00, 0x00, 0x00, 0x00, 0x00, 0x00, 0x00, 0x00, 0x00,
    0x00, 0x00, 0x00, 0x00, 0x00, 0x00, 0x00, 0x00, 0x00, 0x00, 0x00, 0x00, 0x00, 0x00, 0x00, 0x00,
    0x00, 0x00, 0x00, 0x00, 0x00, 0x00, 0x00, 0x00, 0x00, 0x00, 0x00, 0x00, 0x00, 0x00, 0x00, 0x00,
    0x00, 0x00, 0x00, 0x00, 0x00, 0x00, 0x00, 0x00, 0x00, 0x00, 0x00, 0x00, 0x00, 0x00, 0x00, 0x00,
    0x00, 0x00, 0x00, 0x00, 0x00, 0x00, 0x00, 0x00, 0x00, 0x00, 0x00, 0x00, 0x00, 0x00, 0x00, 0x00,
    0x00, 0x00, 0x00, 0x00, 0x00, 0x00, 0x00, 0x00, 0x00, 0x00, 0x00, 0x00, 0x00, 0x00, 0x00, 0x00,
    0x00, 0x00, 0x00, 0x00, 0x00, 0x00, 0x00, 0x00, 0x00, 0x00, 0x00, 0x00, 0x00, 0x00, 0x00, 0x00,
    0x00, 0x00, 0x00, 0x00, 0x00, 0x00, 0x00, 0x00, 0x00, 0x00, 0x00, 0x00, 0x00, 0x00, 0x00, 0x00,
    0x00, 0x00, 0x00, 0x00, 0x00, 0x00, 0x00, 0x00, 0x00, 0x00, 0x00, 0x00, 0x00, 0x00, 0x00, 0x00,
    0x00, 0x00, 0x00, 0x00, 0x00, 0x00, 0x00, 0x00, 0x00, 0x00, 0x00, 0x00, 0x00, 0x00, 0x00, 0x00,
    0x00, 0x00, 0x00, 0x00, 0x00, 0x00, 0x00, 0x00, 0x00, 0x00, 0x00, 0x00, 0x00, 0x00, 0x00, 0x00,
    0x00, 0x00, 0x00, 0x00, 0x00, 0x00, 0x00, 0x00, 0x00, 0x00, 0x00, 0x00, 0x00, 0x00, 0x00, 0x00,
    0x00, 0x00, 0x00, 0x00, 0x00, 0x00, 0x00, 0x00, 0x00, 0x00, 0x00, 0x00, 0x00, 0x00, 0x00, 0x00,
    0x00, 0x00, 0x00, 0x00, 0x00, 0x00, 0x00, 0x00, 0x00, 0x00, 0x00, 0x00, 0x00, 0x00, 0x00, 0x00,
    0x00, 0x00, 0x00, 0x00, 0x00, 0x00, 0x00, 0x00, 0x00, 0x00, 0x00, 0x00, 0x00, 0x00, 0xff, 0x01,
    0x00, 0x00, 0xff, 0x02, 0x00, 0x00, 0xff, 0x03, 0x00, 0x00, 0xbf, 0x04, 0x00, 0x00, 0xbf, 0x04,
    0x00, 0x00, 0xff, 0x02, 0x00, 0x00, 0x00, 0x00, 0x00, 0x00, 0x00, 0x00, 0x00, 0x00, 0x00, 0x00,
    0x00, 0x00, 0x00, 0x00, 0x00, 0x00, 0x00, 0x00, 0x00, 0x00, 0x00, 0x00, 0x00, 0x00, 0x00, 0x00,
    0x00, 0x00, 0x00, 0x00, 0x00, 0x00, 0xdf, 0x10, 0x06, 0x00, 0xe3, 0x25, 0x08, 0x00, 0xe1, 0x3d,
    0x08, 0x00, 0xe2, 0x5a, 0x08, 0x00, 0xe1, 0x78, 0x08, 0x00, 0xe1, 0x95, 0x08, 0x00, 0xe1, 0xaf,
    0x08, 0x00, 0xe1, 0xca, 0x09, 0x00, 0xe2, 0xdf, 0x09, 0x00, 0xe2, 0xf0, 0x09, 0x00, 0xe2, 0xfd,
    0x09, 0x00, 0xe9, 0xff, 0x0a, 0x00, 0xef, 0xff, 0x0a, 0x00, 0xf1, 0xff, 0x0a, 0x00, 0xf1, 0xff,
    0x0a, 0x00, 0xf0, 0xff, 0x09, 0x00, 0xee, 0xff, 0x09, 0x00, 0xec, 0xff, 0x09, 0x00, 0xe9, 0xff,
    0x09, 0x00, 0xe6, 0xff, 0x09, 0x00, 0xe4, 0xff, 0x09, 0x00, 0xe2, 0xff, 0x09, 0x00, 0xe1, 0xfd,
    0x09, 0x00, 0xe1, 0xfc, 0x09, 0x00, 0xe2, 0xfb, 0x09, 0x00, 0xe2, 0xfb, 0x09, 0x00, 0xe2, 0xfb,
    0x09, 0x00, 0xe2, 0xfb, 0x09, 0x00, 0xe1, 0xfc, 0x09, 0x00, 0xe1, 0xfc, 0x09, 0x00, 0xe1, 0xfd,
    0x09, 0x00, 0xe1, 0xfd, 0x09, 0x00, 0xe2, 0xfd, 0x09, 0x00, 0xe1, 0xfe, 0x09, 0x00, 0xe1, 0xfe,
    0x09, 0x00, 0xe1, 0xfe, 0x09, 0x00, 0xe2, 0xff, 0x09, 0x00, 0xe2, 0xff, 0x09, 0x00, 0xe2, 0xff,
    0x09, 0x00, 0xe2, 0xff, 0x09, 0x00, 0xe2, 0xff, 0x09, 0x00, 0xe2, 0xff, 0x09, 0x00, 0xe2, 0xff,
    0x09, 0x00, 0xe2, 0xff, 0x09, 0x00, 0xe2, 0xff, 0x09, 0x00, 0xe2, 0xff, 0x09, 0x00, 0xe2, 0xff,
    0x09, 0x00, 0xe2, 0xff, 0x09, 0x00, 0xe2, 0xff, 0x09, 0x00, 0xe2, 0xff, 0x09, 0x00, 0xe2, 0xff,
    0x09, 0x00, 0xe2, 0xff, 0x09, 0x00, 0xe2, 0xff, 0x09, 0x00, 0xe2, 0xff, 0x09, 0x00, 0xe2, 0xff,
    0x09, 0x00, 0xe2, 0xff, 0x09, 0x00, 0xe2, 0xff, 0x09, 0x00, 0xe2, 0xff, 0x09, 0x00, 0xe2, 0xff,
    0x09, 0x00, 0xe2, 0xff, 0x09, 0x00, 0xe2, 0xff, 0x09, 0x00, 0xe2, 0xff, 0x09, 0x00, 0xe2, 0xff,
    0x09, 0x00, 0xe2, 0xff, 0x09, 0x00, 0xe2, 0xff, 0x09, 0x00, 0xe2, 0xff, 0x09, 0x00, 0xe2, 0xff,
    0x09, 0x00, 0xe2, 0xff, 0x09, 0x00, 0xe2, 0xff, 0x09, 0x00, 0xe2, 0xff, 0x09, 0x00, 0xe2, 0xff,
    0x09, 0x00, 0xe2, 0xff, 0x09, 0x00, 0xe2, 0xff, 0x09, 0x00, 0xe2, 0xff, 0x09, 0x00, 0xe2, 0xff,
    0x09, 0x00, 0xe2, 0xff, 0x09, 0x00, 0xe2, 0xff, 0x09, 0x00, 0xe2, 0xff, 0x09, 0x00, 0xe2, 0xff,
    0x09, 0x00, 0xe2, 0xff, 0x09, 0x00, 0xe2, 0xff, 0x09, 0x00, 0xe2, 0xff, 0x09, 0x00, 0xe2, 0xff,
    0x09, 0x00, 0xe2, 0xff, 0x09, 0x00, 0xe2, 0xff, 0x09, 0x00, 0xe2, 0xff, 0x09, 0x00, 0xe2, 0xff,
    0x09, 0x00, 0xe2, 0xff, 0x09, 0x00, 0xe2, 0xff, 0x09, 0x00, 0xe2, 0xff, 0x09, 0x00, 0xe2, 0xff,
    0x09, 0x00, 0xe2, 0xff, 0x09, 0x00, 0xe2, 0xff, 0x09, 0x00, 0xe2, 0xff, 0x09, 0x00, 0xe2, 0xff,
    0x09, 0x00, 0xe2, 0xff, 0x09, 0x00, 0xe2, 0xff, 0x09, 0x00, 0xe2, 0xff, 0x09, 0x00, 0xe1, 0xfe,
    0x09, 0x00, 0xe1, 0xfe, 0x09, 0x00, 0xe1, 0xfe, 0x09, 0x00, 0xe2, 0xfd, 0x09, 0x00, 0xe1, 0xfd,
    0x09, 0x00, 0xe1, 0xfd, 0x09, 0x00, 0xe1, 0xfc, 0x09, 0x00, 0xe1, 0xfc, 0x09, 0x00, 0xe2, 0xfb,
    0x09, 0x00, 0xe2, 0xfb, 0x09, 0x00, 0xe2, 0xfb, 0x09, 0x00, 0xe2, 0xfb, 0x09, 0x00, 0xe1, 0xfc,
    0x09, 0x00, 0xe1, 0xfd, 0x09, 0x00, 0xe2, 0xff, 0x09, 0x00, 0xe4, 0xff, 0x09, 0x00, 0xe6, 0xff,
    0x09, 0x00, 0xe9, 0xff, 0x09, 0x00, 0xeb, 0xff, 0x09, 0x00, 0xee, 0xff, 0x0a, 0x00, 0xf0, 0xff,
    0x0a, 0x00, 0xf1, 0xff, 0x0a, 0x00, 0xf1, 0xff, 0x0a, 0x00, 0xef, 0xff, 0x09, 0x00, 0xe9, 0xff,
    0x09, 0x00, 0xe1, 0xfe, 0x09, 0x00, 0xe1, 0xf2, 0x09, 0x00, 0xe2, 0xdf, 0x08, 0x00, 0xe2, 0xcb,
    0x08, 0x00, 0xe0, 0xb2, 0x08, 0x00, 0xe2, 0x97, 0x08, 0x00, 0xe1, 0x78, 0x08, 0x00, 0xe2, 0x5b,
    0x08, 0x00, 0xe2, 0x3f, 0x06, 0x00, 0xdd, 0x26, 0x0f, 0x00, 0xd2, 0x11, 0x00, 0x00, 0x00, 0x00,
    0x00, 0x00, 0x00, 0x00, 0x00, 0x00, 0x00, 0x00, 0x00, 0x00, 0x00, 0x00, 0x00, 0x00, 0x00, 0x00,
    0x00, 0x00, 0x00, 0x00, 0x00, 0x00, 0x00, 0x00, 0x00, 0x00, 0x00, 0x00, 0x00, 0x00, 0xff, 0x02,
    0x00, 0x00, 0xbf, 0x04, 0x00, 0x00, 0xbf, 0x04, 0x00, 0x00, 0xff, 0x03, 0x00, 0x00, 0xff, 0x02,
    0x00, 0x00, 0xff, 0x01, 0x00, 0x00, 0x00, 0x00, 0x00, 0x00, 0x00, 0x00, 0x00, 0x00, 0x00, 0x00,
    0x00, 0x00, 0x00, 0x00, 0x00, 0x00, 0x00, 0x00, 0x00, 0x00, 0x00, 0x00, 0x00, 0x00, 0x00, 0x00,
    0x00, 0x00, 0x00, 0x00, 0x00, 0x00, 0x00, 0x00, 0x00, 0x00, 0x00, 0x00, 0x00, 0x00, 0x00, 0x00,
    0x00, 0x00, 0x00, 0x00, 0x00, 0x00, 0x00, 0x00, 0x00, 0x00, 0x00, 0x00, 0x00, 0x00, 0x00, 0x00,
    0x00, 0x00, 0x00, 0x00, 0x00, 0x00, 0x00, 0x00, 0x00, 0x00, 0x00, 0x00, 0x00, 0x00, 0x00, 0x00,
    0x00, 0x00, 0x00, 0x00, 0x00, 0x00, 0x00, 0x00, 0x00, 0x00, 0x00, 0x00, 0x00, 0x00, 0x00, 0x00,
    0x00, 0x00, 0x00, 0x00, 0x00, 0x00, 0x00, 0x00, 0x00, 0x00, 0x00, 0x00, 0x00, 0x00, 0x00, 0x00,
    0x00, 0x00, 0x00, 0x00, 0x00, 0x00, 0x00, 0x00, 0x00, 0x00, 0x00, 0x00, 0x00, 0x00, 0x00, 0x00,
    0x00, 0x00, 0x00, 0x00, 0x00, 0x00, 0x00, 0x00, 0x00, 0x00, 0x00, 0x00, 0x00, 0x00, 0x00, 0x00,
    0x00, 0x00, 0x00, 0x00, 0x00, 0x00, 0x00, 0x00, 0x00, 0x00, 0x00, 0x00, 0x00, 0x00, 0x00, 0x00,
    0x00, 0x00, 0x00, 0x00, 0x00, 0x00, 0x00, 0x00, 0x00, 0x00, 0x00, 0x00, 0x00, 0x00, 0x00, 0x00,
    0x00, 0x00, 0x00, 0x00, 0x00, 0x00, 0x00, 0x00, 0x00, 0x00, 0x00, 0x00, 0x00, 0x00, 0x00, 0x00,
    0x00, 0x00, 0x00, 0x00, 0x00, 0x00, 0x00, 0x00, 0x00, 0x00, 0x00, 0x00, 0x00, 0x00, 0x00, 0x00,
    0x00, 0x00, 0x00, 0x00, 0x00, 0x00, 0x00, 0x00, 0x00, 0x00, 0x00, 0x00, 0x00, 0x00, 0x00, 0x00,
    0x00, 0x00, 0x00, 0x00, 0x00, 0x00, 0x00, 0x00, 0x00, 0x00, 0x00, 0x00, 0x00, 0x00, 0x00, 0x00,
    0x00, 0x00, 0x00, 0x00, 0x00, 0x00, 0x00, 0x00, 0x00, 0x00, 0x00, 0x00, 0x00, 0x00, 0x00, 0x00,
    0x00, 0x00, 0x00, 0x00, 0x00, 0x00, 0x00, 0x00, 0x00, 0x00, 0x00, 0x00, 0x00, 0x00, 0x00, 0x00,
    0x00, 0x00, 0x00, 0x00, 0x00, 0x00, 0x00, 0x00, 0x00, 0x00, 0x00, 0x00, 0x00, 0x00, 0x00, 0x00,
    0x00, 0x00, 0x00, 0x00, 0x00, 0x00, 0x00, 0x00, 0x00, 0x00, 0x00, 0x00, 0x00, 0x00, 0x00, 0x00,
    0x00, 0x00, 0x00, 0x00, 0x00, 0x00, 0x00, 0x00, 0x00, 0x00, 0x00, 0x00, 0x00, 0x00, 0x00, 0x00,
    0x00, 0x00, 0x00, 0x00, 0x00, 0x00, 0x00, 0x00, 0x00, 0x00, 0x00, 0x00, 0x00, 0x00, 0x00, 0x00,
    0x00, 0x00, 0x00, 0x00, 0x00, 0x00, 0x00, 0x00, 0x00, 0x00, 0x00, 0x00, 0x00, 0x00, 0x00, 0x00,
    0x00, 0x00, 0x00, 0x00, 0x00, 0x00, 0x00, 0x00, 0x00, 0x00, 0x00, 0x00, 0x00, 0x00, 0x00, 0x00,
    0x00, 0x00, 0x00, 0x00, 0x00, 0x00, 0x00, 0x00, 0x00, 0x00, 0x00, 0x00, 0x00, 0x00, 0x00, 0x00,
    0x00, 0x00, 0x00, 0x00, 0x00, 0x00, 0x00, 0x00, 0x00, 0x00, 0x00, 0x00, 0x00, 0x00, 0x00, 0x00,
    0x00, 0x00, 0x00, 0x00, 0x00, 0x00, 0x00, 0x00, 0x00, 0x00, 0x00, 0x00, 0x00, 0x00, 0x00, 0x00,
    0x00, 0x00, 0x00, 0x00, 0x00, 0x00, 0x00, 0x00, 0x00, 0x00, 0x00, 0x00, 0x00, 0x00, 0x00, 0x00,
    0x00, 0x00, 0x00, 0x00, 0x00, 0x00, 0x00, 0x00, 0x00, 0x00, 0x00, 0x00, 0x00, 0x00, 0x00, 0x00,
    0x00, 0x00, 0x00, 0x00, 0x00, 0x00, 0x00, 0x00, 0x00, 0x00, 0x00, 0x00, 0x00, 0x00, 0x00, 0x00,
    0x00, 0x00, 0x00, 0x00, 0x00, 0x00, 0x00, 0x00, 0x00, 0x00, 0x00, 0x00, 0x00, 0x00, 0x00, 0x00,
    0x00, 0x00, 0x00, 0x00, 0x00, 0x00, 0x00, 0x00, 0x00, 0x00, 0x00, 0x00, 0x00, 0x00, 0x00, 0x00,
    0x00, 0x00, 0x00, 0x00, 0x00, 0x00, 0x00, 0x00, 0x00, 0x00, 0x00, 0x00, 0x00, 0x00, 0x00, 0x00,
    0x00, 0x00, 0x00, 0x00, 0x00, 0x00, 0x00, 0x00, 0x00, 0x00, 0x00, 0x00, 0x00, 0x00, 0x00, 0x00,
    0x00, 0x00, 0x00, 0x00, 0x00, 0x00, 0x00, 0x00, 0x00, 0x00, 0x00, 0x00, 0x00, 0x00, 0x00, 0x00,
    0x00, 0x00, 0x00, 0x00, 0x00, 0x00, 0x00, 0x00, 0x00, 0x00, 0x00, 0x00, 0x00, 0x00, 0x00, 0x00,
    0x00, 0x00, 0x00, 0x00, 0x00, 0x00, 0x00, 0x00, 0x00, 0x00, 0x00, 0x00, 0x00, 0x00, 0x00, 0x00,
    0x00, 0x00, 0x00, 0x00, 0x00, 0x00, 0x00, 0x00, 0x00, 0x00, 0x00, 0x00, 0x00, 0x00, 0x00, 0x00,
    0x00, 0x00, 0x00, 0x00, 0x00, 0x00, 0x00, 0x00, 0x00, 0x00, 0x00, 0x00, 0x00, 0x00, 0x00, 0x00,
    0x00, 0x00, 0x00, 0x00, 0x00, 0x00, 0x00, 0x00, 0x00, 0x00, 0x00, 0x00, 0x00, 0x00, 0x00, 0x00,
    0x00, 0x00, 0x00, 0x00, 0x00, 0x00, 0x00, 0x00, 0x00, 0x00, 0x00, 0x00, 0x00, 0x00, 0x00, 0x00,
    0x00, 0x00, 0x00, 0x00, 0x00, 0x00, 0x00, 0x00, 0x00, 0x00, 0x00, 0x00, 0x00, 0x00, 0x00, 0x00,
    0x00, 0x00, 0x00, 0x00, 0x00, 0x00, 0xff, 0x01, 0x00, 0x00, 0xff, 0x01, 0x00, 0x00, 0xff, 0x02,
    0x00, 0x00, 0xff, 0x03, 0x00, 0x00, 0xbf, 0x04, 0x00, 0x00, 0xbf, 0x04, 0x00, 0x00, 0xff, 0x02,
    0x00, 0x00, 0x00, 0x00, 0x00, 0x00, 0x00, 0x00, 0x00, 0x00, 0x00, 0x00, 0x00, 0x00, 0x00, 0x00,
    0x00, 0x00, 0x00, 0x00, 0x00, 0x00, 0x00, 0x00, 0x00, 0x00, 0x00, 0x00, 0x00, 0x00, 0x00, 0x00,
    0x00, 0x00, 0x00, 0x00, 0x00, 0x00, 0xdf, 0x08, 0x0a, 0x00, 0xdf, 0x18, 0x06, 0x00, 0xe6, 0x2a,
    0x07, 0x00, 0xe3, 0x42, 0x08, 0x00, 0xdf, 0x5a, 0x09, 0x00, 0xe3, 0x70, 0x09, 0x00, 0xe1, 0x8a,
    0x09, 0x00, 0xe2, 0xa2, 0x08, 0x00, 0xe1, 0xb8, 0x08, 0x00, 0xe2, 0xcc, 0x09, 0x00, 0xe2, 0xdd,
    0x08, 0x00, 0xe1, 0xed, 0x09, 0x00, 0xe1, 0xf9, 0x09, 0x00, 0xe4, 0xff, 0x09, 0x00, 0xeb, 0xff,
    0x0a, 0x00, 0xef, 0xff, 0x0a, 0x00, 0xf1, 0xff, 0x0a, 0x00, 0xf2, 0xff, 0x0a, 0x00, 0xf3, 0xff,
    0x0a, 0x00, 0xf2, 0xff, 0x0a, 0x00, 0xf0, 0xff, 0x09, 0x00, 0xee, 0xff, 0x09, 0x00, 0xec, 0xff,
    0x09, 0x00, 0xea, 0xff, 0x09, 0x00, 0xe9, 0xff, 0x09, 0x00, 0xe7, 0xff, 0x09, 0x00, 0xe5, 0xff,
    0x09, 0x00, 0xe4, 0xff, 0x09, 0x00, 0xe3, 0xff, 0x09, 0x00, 0xe2, 0xff, 0x09, 0x00, 0xe1, 0xfe,
    0x09, 0x00, 0xe1, 0xfd, 0x09, 0x00, 0xe1, 0xfd, 0x09, 0x00, 0xe2, 0xfc, 0x09, 0x00, 0xe2, 0xfc,
    0x09, 0x00, 0xe2, 0xfc, 0x09, 0x00, 0xe2, 0xfc, 0x09, 0x00, 0xe2, 0xfc, 0x09, 0x00, 0xe2, 0xfc,
    0x09, 0x00, 0xe1, 0xfd, 0x09, 0x00, 0xe1, 0xfd, 0x09, 0x00, 0xe1, 0xfd, 0x09, 0x00, 0xe1, 0xfd,
    0x09, 0x00, 0xe2, 0xfd, 0x09, 0x00, 0xe1, 0xfe, 0x09, 0x00, 0xe1, 0xfe, 0x09, 0x00, 0xe1, 0xfe,
    0x09, 0x00, 0xe1, 0xfe, 0x09, 0x00, 0xe1, 0xfe, 0x09, 0x00, 0xe2, 0xfe, 0x09, 0x00, 0xe2, 0xff,
    0x09, 0x00, 0xe2, 0xff, 0x09, 0x00, 0xe2, 0xff, 0x09, 0x00, 0xe2, 0xff, 0x09, 0x00, 0xe2, 0xff,
    0x09, 0x00, 0xe2, 0xff, 0x09, 0x00, 0xe2, 0xff, 0x09, 0x00, 0xe2, 0xff, 0x09, 0x00, 0xe2, 0xff,
    0x09, 0x00, 0xe2, 0xff, 0x09, 0x00, 0xe2, 0xff, 0x09, 0x00, 0xe2, 0xff, 0x09, 0x00, 0xe2, 0xff,
    0x09, 0x00, 0xe2, 0xff, 0x09, 0x00, 0xe2, 0xff, 0x09, 0x00, 0xe2, 0xff, 0x09, 0x00, 0xe2, 0xff,
    0x09, 0x00, 0xe2, 0xff, 0x09, 0x00, 0xe2, 0xfe, 0x09, 0x00, 0xe1, 0xfe, 0x09, 0x00, 0xe1, 0xfe,
    0x09, 0x00, 0xe1, 0xfe, 0x09, 0x00, 0xe1, 0xfe, 0x09, 0x00, 0xe1, 0xfe, 0x09, 0x00, 0xe2, 0xfd,
    0x09, 0x00, 0xe1, 0xfd, 0x09, 0x00, 0xe1, 0xfd, 0x09, 0x00, 0xe1, 0xfd, 0x09, 0x00, 0xe1, 0xfd,
    0x09, 0x00, 0xe2, 0xfc, 0x09, 0x00, 0xe2, 0xfc, 0x09, 0x00, 0xe2, 0xfc, 0x09, 0x00, 0xe2, 0xfc,
    0x09, 0x00, 0xe2, 0xfc, 0x09, 0x00, 0xe2, 0xfc, 0x09, 0x00, 0xe1, 0xfd, 0x09, 0x00, 0xe1, 0xfd,
    0x09, 0x00, 0xe1, 0xfe, 0x09, 0x00, 0xe2, 0xff, 0x09, 0x00, 0xe3, 0xff, 0x09, 0x00, 0xe4, 0xff,
    0x09, 0x00, 0xe5, 0xff, 0x09, 0x00, 0xe6, 0xff, 0x09, 0x00, 0xe8, 0xff, 0x09, 0x00, 0xea, 0xff,
    0x09, 0x00, 0xec, 0xff, 0x09, 0x00, 0xee, 0xff, 0x0a, 0x00, 0xf0, 0xff, 0x0a, 0x00, 0xf1, 0xff,
    0x0a, 0x00, 0xf3, 0xff, 0x0a, 0x00, 0xf2, 0xff, 0x0a, 0x00, 0xf1, 0xff, 0x0a, 0x00, 0xef, 0xff,
    0x09, 0x00, 0xeb, 0xff, 0x09, 0x00, 0xe5, 0xff, 0x09, 0x00, 0xe1, 0xfa, 0x08, 0x00, 0xe2, 0xee,
    0x09, 0x00, 0xe2, 0xde, 0x08, 0x00, 0xe1, 0xce, 0x08, 0x00, 0xe2, 0xb9, 0x09, 0x00, 0xe2, 0xa2,
    0x09, 0x00, 0xe1, 0x8c, 0x08, 0x00, 0xe1, 0x72, 0x08, 0x00, 0xe0, 0x5b, 0x07, 0x00, 0xe3, 0x42,
    0x05, 0x00, 0xe2, 0x2c, 0x09, 0x00, 0xe1, 0x1a, 0x00, 0x00, 0xe2, 0x09, 0x00, 0x00, 0x00, 0x00,
    0x00, 0x00, 0x00, 0x00, 0x00, 0x00, 0x00, 0x00, 0x00, 0x00, 0x00, 0x00, 0x00, 0x00, 0x00, 0x00,
    0x00, 0x00, 0x00, 0x00, 0x00, 0x00, 0x00, 0x00, 0x00, 0x00, 0x00, 0x00, 0x00, 0x00, 0x00, 0x00,
    0x00, 0x00, 0xff, 0x02, 0x00, 0x00, 0xbf, 0x04, 0x00, 0x00, 0xff, 0x04, 0x00, 0x00, 0xff, 0x03,
    0x00, 0x00, 0xff, 0x02, 0x00, 0x00, 0xff, 0x01, 0x00, 0x00, 0xff, 0x01, 0x00, 0x00, 0x00, 0x00,
    0x00, 0x00, 0x00, 0x00, 0x00, 0x00, 0x00, 0x00, 0x00, 0x00, 0x00, 0x00, 0x00, 0x00, 0x00, 0x00,
    0x00, 0x00, 0x00, 0x00, 0x00, 0x00, 0x00, 0x00, 0x00, 0x00, 0x00, 0x00, 0x00, 0x00, 0x00, 0x00,
    0x00, 0x00, 0x00, 0x00, 0x00, 0x00, 0x00, 0x00, 0x00, 0x00, 0x00, 0x00, 0x00, 0x00, 0x00, 0x00,
    0x00, 0x00, 0x00, 0x00, 0x00, 0x00, 0x00, 0x00, 0x00, 0x00, 0x00, 0x00, 0x00, 0x00, 0x00, 0x00,
    0x00, 0x00, 0x00, 0x00, 0x00, 0x00, 0x00, 0x00, 0x00, 0x00, 0x00, 0x00, 0x00, 0x00, 0x00, 0x00,
    0x00, 0x00, 0x00, 0x00, 0x00, 0x00, 0x00, 0x00, 0x00, 0x00, 0x00, 0x00, 0x00, 0x00, 0x00, 0x00,
    0x00, 0x00, 0x00, 0x00, 0x00, 0x00, 0x00, 0x00, 0x00, 0x00, 0x00, 0x00, 0x00, 0x00, 0x00, 0x00,
    0x00, 0x00, 0x00, 0x00, 0x00, 0x00, 0x00, 0x00, 0x00, 0x00, 0x00, 0x00, 0x00, 0x00, 0x00, 0x00,
    0x00, 0x00, 0x00, 0x00, 0x00, 0x00, 0x00, 0x00, 0x00, 0x00, 0x00, 0x00, 0x00, 0x00, 0x00, 0x00,
    0x00, 0x00, 0x00, 0x00, 0x00, 0x00, 0x00, 0x00, 0x00, 0x00, 0x00, 0x00, 0x00, 0x00, 0x00, 0x00,
    0x00, 0x00, 0x00, 0x00, 0x00, 0x00, 0x00, 0x00, 0x00, 0x00, 0x00, 0x00, 0x00, 0x00, 0x00, 0x00,
    0x00, 0x00, 0x00, 0x00, 0x00, 0x00, 0x00, 0x00, 0x00, 0x00, 0x00, 0x00, 0x00, 0x00, 0x00, 0x00,
    0x00, 0x00, 0x00, 0x00, 0x00, 0x00, 0x00, 0x00, 0x00, 0x00, 0x00, 0x00, 0x00, 0x00, 0x00, 0x00,
    0x00, 0x00, 0x00, 0x00, 0x00, 0x00, 0x00, 0x00, 0x00, 0x00, 0x00, 0x00, 0x00, 0x00, 0x00, 0x00,
    0x00, 0x00, 0x00, 0x00, 0x00, 0x00, 0x00, 0x00, 0x00, 0x00, 0x00, 0x00, 0x00, 0x00, 0x00, 0x00,
    0x00, 0x00, 0x00, 0x00, 0x00, 0x00, 0x00, 0x00, 0x00, 0x00, 0x00, 0x00, 0x00, 0x00, 0x00, 0x00,
    0x00, 0x00, 0x00, 0x00, 0x00, 0x00, 0x00, 0x00, 0x00, 0x00, 0x00, 0x00, 0x00, 0x00, 0x00, 0x00,
    0x00, 0x00, 0x00, 0x00, 0x00, 0x00, 0x00, 0x00, 0x00, 0x00, 0x00, 0x00, 0x00, 0x00, 0x00, 0x00,
    0x00, 0x00, 0x00, 0x00, 0x00, 0x00, 0x00, 0x00, 0x00, 0x00, 0x00, 0x00, 0x00, 0x00, 0x00, 0x00,
    0x00, 0x00, 0x00, 0x00, 0x00, 0x00, 0x00, 0x00, 0x00, 0x00, 0x00, 0x00, 0x00, 0x00, 0x00, 0x00,
    0x00, 0x00, 0x00, 0x00, 0x00, 0x00, 0x00, 0x00, 0x00, 0x00, 0x00, 0x00, 0x00, 0x00, 0x00, 0x00,
    0x00, 0x00, 0x00, 0x00, 0x00, 0x00, 0x00, 0x00, 0x00, 0x00, 0x00, 0x00, 0x00, 0x00, 0x00, 0x00,
    0x00, 0x00, 0x00, 0x00, 0x00, 0x00, 0x00, 0x00, 0x00, 0x00, 0x00, 0x00, 0x00, 0x00, 0x00, 0x00,
    0x00, 0x00, 0x00, 0x00, 0x00, 0x00, 0x00, 0x00, 0x00, 0x00, 0x00, 0x00, 0x00, 0x00, 0x00, 0x00,
    0x00, 0x00, 0x00, 0x00, 0x00, 0x00, 0x00, 0x00, 0x00, 0x00, 0x00, 0x00, 0x00, 0x00, 0x00, 0x00,
    0x00, 0x00, 0x00, 0x00, 0x00, 0x00, 0x00, 0x00, 0x00, 0x00, 0x00, 0x00, 0x00, 0x00, 0x00, 0x00,
    0x00, 0x00, 0x00, 0x00, 0x00, 0x00, 0x00, 0x00, 0x00, 0x00, 0x00, 0x00, 0x00, 0x00, 0x00, 0x00,
    0x00, 0x00, 0x00, 0x00, 0x00, 0x00, 0x00, 0x00, 0x00, 0x00, 0x00, 0x00, 0x00, 0x00, 0x00, 0x00,
    0x00, 0x00, 0x00, 0x00, 0x00, 0x00, 0x00, 0x00, 0x00, 0x00, 0x00, 0x00, 0x00, 0x00, 0x00, 0x00,
    0x00, 0x00, 0x00, 0x00, 0x00, 0x00, 0x00, 0x00, 0x00, 0x00, 0x00, 0x00, 0x00, 0x00, 0x00, 0x00,
    0x00, 0x00, 0x00, 0x00, 0x00, 0x00, 0x00, 0x00, 0x00, 0x00, 0x00, 0x00, 0x00, 0x00, 0x00, 0x00,
    0x00, 0x00, 0x00, 0x00, 0x00, 0x00, 0x00, 0x00, 0x00, 0x00, 0x00, 0x00, 0x00, 0x00, 0x00, 0x00,
    0x00, 0x00, 0x00, 0x00, 0x00, 0x00, 0x00, 0x00, 0x00, 0x00, 0x00, 0x00, 0x00, 0x00, 0x00, 0x00,
    0x00, 0x00, 0x00, 0x00, 0x00, 0x00, 0x00, 0x00, 0x00, 0x00, 0x00, 0x00, 0x00, 0x00, 0x00, 0x00,
    0x00, 0x00, 0x00, 0x00, 0x00, 0x00, 0x00, 0x00, 0x00, 0x00, 0x00, 0x00, 0x00, 0x00, 0x00, 0x00,
    0x00, 0x00, 0x00, 0x00, 0x00, 0x00, 0x00, 0x00, 0x00, 0x00, 0x00, 0x00, 0x00, 0x00, 0x00, 0x00,
    0x00, 0x00, 0x00, 0x00, 0x00, 0x00, 0x00, 0x00, 0x00, 0x00, 0x00, 0x00, 0x00, 0x00, 0x00, 0x00,
    0x00, 0x00, 0x00, 0x00, 0x00, 0x00, 0x00, 0x00, 0x00, 0x00, 0x00, 0x00, 0x00, 0x00, 0x00, 0x00,
    0x00, 0x00, 0x00, 0x00, 0x00, 0x00, 0x00, 0x00, 0x00, 0x00, 0x00, 0x00, 0x00, 0x00, 0x00, 0x00,
    0x00, 0x00, 0x00, 0x00, 0x00, 0x00, 0x00, 0x00, 0x00, 0x00, 0x00, 0x00, 0x00, 0x00, 0x00, 0x00,
    0x00, 0x00, 0x00, 0x00, 0x00, 0x00, 0x00, 0x00, 0x00, 0x00, 0x00, 0x00, 0x00, 0x00, 0x00, 0x00,
    0x00, 0x00, 0x00, 0x00, 0x00, 0x00, 0x00, 0x00, 0x00, 0x00, 0x00, 0x00, 0x00, 0x00, 0x00, 0x00,
    0x00, 0x00, 0x00, 0x00, 0x00, 0x00, 0x00, 0x00, 0x00, 0x00, 0x00, 0x00, 0x00, 0x00, 0x00, 0x00,
    0x00, 0x00, 0x00, 0x00, 0x00, 0x00, 0x00, 0x00, 0x00, 0x00, 0x00, 0x00, 0x00, 0x00, 0x00, 0x00,
    0x00, 0x00, 0x00, 0x00, 0x00, 0x00, 0xff, 0x01, 0x00, 0x00, 0xff, 0x02, 0x00, 0x00, 0xaa, 0x03,
    0x00, 0x00, 0xbf, 0x04, 0x00, 0x00, 0xbf, 0x04, 0x00, 0x00, 0xbf, 0x04, 0x00, 0x00, 0xaa, 0x03,
    0x00, 0x00, 0x00, 0x00, 0x00, 0x00, 0x00, 0x00, 0x00, 0x00, 0x00, 0x00, 0x00, 0x00, 0x00, 0x00,
    0x00, 0x00, 0x00, 0x00, 0x00, 0x00, 0x00, 0x00, 0x00, 0x00, 0x00, 0x00, 0x00, 0x00, 0x00, 0x00,
    0x00, 0x00, 0x00, 0x00, 0x00, 0x00, 0x00, 0x00, 0x00, 0x00, 0x00, 0x00, 0x00, 0x00, 0xff, 0x06,
    0x0d, 0x00, 0xe4, 0x13, 0x07, 0x00, 0xe0, 0x21, 0x0a, 0x00, 0xe3, 0x2f, 0x07, 0x00, 0xe0, 0x42,
    0x09, 0x00, 0xe4, 0x55, 0x07, 0x00, 0xe1, 0x66, 0x08, 0x00, 0xe1, 0x78, 0x09, 0x00, 0xe1, 0x8c,
    0x09, 0x00, 0xe1, 0x9e, 0x08, 0x00, 0xe2, 0xab, 0x09, 0x00, 0xe2, 0xbb, 0x08, 0x00, 0xe2, 0xcb,
    0x09, 0x00, 0xe1, 0xd7, 0x09, 0x00, 0xe2, 0xe0, 0x08, 0x00, 0xe1, 0xea, 0x09, 0x00, 0xe1, 0xf3,
    0x09, 0x00, 0xe2, 0xf9, 0x09, 0x00, 0xe1, 0xfe, 0x09, 0x00, 0xe5, 0xff, 0x09, 0x00, 0xe8, 0xff,
    0x09, 0x00, 0xeb, 0xff, 0x09, 0x00, 0xec, 0xff, 0x09, 0x00, 0xed, 0xff, 0x09, 0x00, 0xed, 0xff,
    0x09, 0x00, 0xed, 0xff, 0x09, 0x00, 0xed, 0xff, 0x09, 0x00, 0xed, 0xff, 0x09, 0x00, 0xec, 0xff,
    0x09, 0x00, 0xec, 0xff, 0x09, 0x00, 0xeb, 0xff, 0x09, 0x00, 0xea, 0xff, 0x09, 0x00, 0xe9, 0xff,
    0x09, 0x00, 0xe8, 0xff, 0x09, 0x00, 0xe8, 0xff, 0x09, 0x00, 0xe7, 0xff, 0x09, 0x00, 0xe6, 0xff,
    0x09, 0x00, 0xe5, 0xff, 0x09, 0x00, 0xe5, 0xff, 0x09, 0x00, 0xe4, 0xff, 0x09, 0x00, 0xe4, 0xff,
    0x09, 0x00, 0xe3, 0xff, 0x09, 0x00, 0xe3, 0xff, 0x09, 0x00, 0xe3, 0xff, 0x09, 0x00, 0xe3, 0xff,
    0x09, 0x00, 0xe2, 0xff, 0x09, 0x00, 0xe2, 0xff, 0x09, 0x00, 0xe2, 0xff, 0x09, 0x00, 0xe2, 0xff,
    0x09, 0x00, 0xe2, 0xff, 0x09, 0x00, 0xe2, 0xff, 0x09, 0x00, 0xe2, 0xff, 0x09, 0x00, 0xe2, 0xff,
    0x09, 0x00, 0xe3, 0xff, 0x09, 0x00, 0xe3, 0xff, 0x09, 0x00, 0xe3, 0xff, 0x09, 0x00, 0xe3, 0xff,
    0x09, 0x00, 0xe4, 0xff, 0x09, 0x00, 0xe4, 0xff, 0x09, 0x00, 0xe5, 0xff, 0x09, 0x00, 0xe5, 0xff,
    0x09, 0x00, 0xe6, 0xff, 0x09, 0x00, 0xe7, 0xff, 0x09, 0x00, 0xe8, 0xff, 0x09, 0x00, 0xe8, 0xff,
    0x09, 0x00, 0xe9, 0xff, 0x09, 0x00, 0xea, 0xff, 0x09, 0x00, 0xeb, 0xff, 0x09, 0x00, 0xec, 0xff,
    0x09, 0x00, 0xec, 0xff, 0x09, 0x00, 0xed, 0xff, 0x09, 0x00, 0xed, 0xff, 0x09, 0x00, 0xed, 0xff,
    0x09, 0x00, 0xed, 0xff, 0x09, 0x00, 0xed, 0xff, 0x09, 0x00, 0xec, 0xff, 0x09, 0x00, 0xeb, 0xff,
    0x09, 0x00, 0xe8, 0xff, 0x09, 0x00, 0xe5, 0xff, 0x09, 0x00, 0xe1, 0xfe, 0x09, 0x00, 0xe2, 0xf9,
    0x09, 0x00, 0xe2, 0xf3, 0x08, 0x00, 0xe2, 0xeb, 0x09, 0x00, 0xe2, 0xe1, 0x09, 0x00, 0xe1, 0xd7,
    0x08, 0x00, 0xe2, 0xcb, 0x09, 0x00, 0xe2, 0xbd, 0x08, 0x00, 0xe1, 0xad, 0x09, 0x00, 0xe3, 0x9d,
    0x09, 0x00, 0xe0, 0x8d, 0x08, 0x00, 0xe3, 0x7a, 0x07, 0x00, 0xe1, 0x67, 0x09, 0x00, 0xe4, 0x55,
    0x07, 0x00, 0xe0, 0x43, 0x0a, 0x00, 0xe4, 0x31, 0x07, 0x00, 0xe1, 0x23, 0x0c, 0x00, 0xe5, 0x14,
    0x00, 0x00, 0xda, 0x07, 0x00, 0x00, 0x00, 0x00, 0x00, 0x00, 0x00, 0x00, 0x00, 0x00, 0x00, 0x00,
    0x00, 0x00, 0x00, 0x00, 0x00, 0x00, 0x00, 0x00, 0x00, 0x00, 0x00, 0x00, 0x00, 0x00, 0x00, 0x00,
    0x00, 0x00, 0x00, 0x00, 0x00, 0x00, 0x00, 0x00, 0x00, 0x00, 0x00, 0x00, 0x00, 0x00, 0x00, 0x00,
    0x00, 0x00, 0xff, 0x02, 0x00, 0x00, 0xbf, 0x04, 0x00, 0x00, 0xbf, 0x04, 0x00, 0x00, 0xbf, 0x04,
    0x00, 0x00, 0xaa, 0x03, 0x00, 0x00, 0xff, 0x02, 0x00, 0x00, 0xff, 0x01, 0x00, 0x00, 0x00, 0x01,
    0x00, 0x00, 0x00, 0x00, 0x00, 0x00, 0x00, 0x00, 0x00, 0x00, 0x00, 0x00, 0x00, 0x00, 0x00, 0x00,
    0x00, 0x00, 0x00, 0x00, 0x00, 0x00, 0x00, 0x00, 0x00, 0x00, 0x00, 0x00, 0x00, 0x00, 0x00, 0x00,
    0x00, 0x00, 0x00, 0x00, 0x00, 0x00, 0x00, 0x00, 0x00, 0x00, 0x00, 0x00, 0x00, 0x00, 0x00, 0x00,
    0x00, 0x00, 0x00, 0x00, 0x00, 0x00, 0x00, 0x00, 0x00, 0x00, 0x00, 0x00, 0x00, 0x00, 0x00, 0x00,
    0x00, 0x00, 0x00, 0x00, 0x00, 0x00, 0x00, 0x00, 0x00, 0x00, 0x00, 0x00, 0x00, 0x00, 0x00, 0x00,
    0x00, 0x00, 0x00, 0x00, 0x00, 0x00, 0x00, 0x00, 0x00, 0x00, 0x00, 0x00, 0x00, 0x00, 0x00, 0x00,
    0x00, 0x00, 0x00, 0x00, 0x00, 0x00, 0x00, 0x00, 0x00, 0x00, 0x00, 0x00, 0x00, 0x00, 0x00, 0x00,
    0x00, 0x00, 0x00, 0x00, 0x00, 0x00, 0x00, 0x00, 0x00, 0x00, 0x00, 0x00, 0x00, 0x00, 0x00, 0x00,
    0x00, 0x00, 0x00, 0x00, 0x00, 0x00, 0x00, 0x00, 0x00, 0x00, 0x00, 0x00, 0x00, 0x00, 0x00, 0x00,
    0x00, 0x00, 0x00, 0x00, 0x00, 0x00, 0x00, 0x00, 0x00, 0x00, 0x00, 0x00, 0x00, 0x00, 0x00, 0x00,
    0x00, 0x00, 0x00, 0x00, 0x00, 0x00, 0x00, 0x00, 0x00, 0x00, 0x00, 0x00, 0x00, 0x00, 0x00, 0x00,
    0x00, 0x00, 0x00, 0x00, 0x00, 0x00, 0x00, 0x00, 0x00, 0x00, 0x00, 0x00, 0x00, 0x00, 0x00, 0x00,
    0x00, 0x00, 0x00, 0x00, 0x00, 0x00, 0x00, 0x00, 0x00, 0x00, 0x00, 0x00, 0x00, 0x00, 0x00, 0x00,
    0x00, 0x00, 0x00, 0x00, 0x00, 0x00, 0x00, 0x00, 0x00, 0x00, 0x00, 0x00, 0x00, 0x00, 0x00, 0x00,
    0x00, 0x00, 0x00, 0x00, 0x00, 0x00, 0x00, 0x00, 0x00, 0x00, 0x00, 0x00, 0x00, 0x00, 0x00, 0x00,
    0x00, 0x00, 0x00, 0x00, 0x00, 0x00, 0x00, 0x00, 0x00, 0x00, 0x00, 0x00, 0x00, 0x00, 0x00, 0x00,
    0x00, 0x00, 0x00, 0x00, 0x00, 0x00, 0x00, 0x00, 0x00, 0x00, 0x00, 0x00, 0x00, 0x00, 0x00, 0x00,
    0x00, 0x00, 0x00, 0x00, 0x00, 0x00, 0x00, 0x00, 0x00, 0x00, 0x00, 0x00, 0x00, 0x00, 0x00, 0x00,
    0x00, 0x00, 0x00, 0x00, 0x00, 0x00, 0x00, 0x00, 0x00, 0x00, 0x00, 0x00, 0x00, 0x00, 0x00, 0x00,
    0x00, 0x00, 0x00, 0x00, 0x00, 0x00, 0x00, 0x00, 0x00, 0x00, 0x00, 0x00, 0x00, 0x00, 0x00, 0x00,
    0x00, 0x00, 0x00, 0x00, 0x00, 0x00, 0x00, 0x00, 0x00, 0x00, 0x00, 0x00, 0x00, 0x00, 0x00, 0x00,
    0x00, 0x00, 0x00, 0x00, 0x00, 0x00, 0x00, 0x00, 0x00, 0x00, 0x00, 0x00, 0x00, 0x00, 0x00, 0x00,
    0x00, 0x00, 0x00, 0x00, 0x00, 0x00, 0x00, 0x00, 0x00, 0x00, 0x00, 0x00, 0x00, 0x00, 0x00, 0x00,
    0x00, 0x00, 0x00, 0x00, 0x00, 0x00, 0x00, 0x00, 0x00, 0x00, 0x00, 0x00, 0x00, 0x00, 0x00, 0x00,
    0x00, 0x00, 0x00, 0x00, 0x00, 0x00, 0x00, 0x00, 0x00, 0x00, 0x00, 0x00, 0x00, 0x00, 0x00, 0x00,
    0x00, 0x00, 0x00, 0x00, 0x00, 0x00, 0x00, 0x00, 0x00, 0x00, 0x00, 0x00, 0x00, 0x00, 0x00, 0x00,
    0x00, 0x00, 0x00, 0x00, 0x00, 0x00, 0x00, 0x00, 0x00, 0x00, 0x00, 0x00, 0x00, 0x00, 0x00, 0x00,
    0x00, 0x00, 0x00, 0x00, 0x00, 0x00, 0x00, 0x00, 0x00, 0x00, 0x00, 0x00, 0x00, 0x00, 0x00, 0x00,
    0x00, 0x00, 0x00, 0x00, 0x00, 0x00, 0x00, 0x00, 0x00, 0x00, 0x00, 0x00, 0x00, 0x00, 0x00, 0x00,
    0x00, 0x00, 0x00, 0x00, 0x00, 0x00, 0x00, 0x00, 0x00, 0x00, 0x00, 0x00, 0x00, 0x00, 0x00, 0x00,
    0x00, 0x00, 0x00, 0x00, 0x00, 0x00, 0x00, 0x00, 0x00, 0x00, 0x00, 0x00, 0x00, 0x00, 0x00, 0x00,
    0x00, 0x00, 0x00, 0x00, 0x00, 0x00, 0x00, 0x00, 0x00, 0x00, 0x00, 0x00, 0x00, 0x00, 0x00, 0x00,
    0x00, 0x00, 0x00, 0x00, 0x00, 0x00, 0x00, 0x00, 0x00, 0x00, 0x00, 0x00, 0x00, 0x00, 0x00, 0x00,
    0x00, 0x00, 0x00, 0x00, 0x00, 0x00, 0x00, 0x00, 0x00, 0x00, 0x00, 0x00, 0x00, 0x00, 0x00, 0x00,
    0x00, 0x00, 0x00, 0x00, 0x00, 0x00, 0x00, 0x00, 0x00, 0x00, 0x00, 0x00, 0x00, 0x00, 0x00, 0x00,
    0x00, 0x00, 0x00, 0x00, 0x00, 0x00, 0x00, 0x00, 0x00, 0x00, 0x00, 0x00, 0x00, 0x00, 0x00, 0x00,
    0x00, 0x00, 0x00, 0x00, 0x00, 0x00, 0x00, 0x00, 0x00, 0x00, 0x00, 0x00, 0x00, 0x00, 0x00, 0x00,
    0x00, 0x00, 0x00, 0x00, 0x00, 0x00, 0x00, 0x00, 0x00, 0x00, 0x00, 0x00, 0x00, 0x00, 0x00, 0x00,
    0x00, 0x00, 0x00, 0x00, 0x00, 0x00, 0x00, 0x00, 0x00, 0x00, 0x00, 0x00, 0x00, 0x00, 0x00, 0x00,
    0x00, 0x00, 0x00, 0x00, 0x00, 0x00, 0x00, 0x00, 0x00, 0x00, 0x00, 0x00, 0x00, 0x00, 0x00, 0x00,
    0x00, 0x00, 0x00, 0x00, 0x00, 0x00, 0x00, 0x00, 0x00, 0x00, 0x00, 0x00, 0x00, 0x00, 0x00, 0x00,
    0x00, 0x00, 0x00, 0x00, 0x00, 0x00, 0x00, 0x00, 0x00, 0x00, 0x00, 0x00, 0x00, 0x00, 0x00, 0x00,
    0x00, 0x00, 0x00, 0x00, 0x00, 0x00, 0x00, 0x00, 0x00, 0x00, 0x00, 0x00, 0x00, 0x00, 0x00, 0x00,
    0x00, 0x00, 0x00, 0x00, 0x00, 0x00, 0x00, 0x00, 0x00, 0x00, 0x00, 0x00, 0x00, 0x00, 0x00, 0x00,
    0x00, 0x00, 0x00, 0x00, 0x00, 0x00, 0x00, 0x00, 0x00, 0x00, 0x00, 0x00, 0x00, 0x00, 0x00, 0x00,
    0x00, 0x00, 0x00, 0x00, 0x00, 0x00, 0x00, 0x00, 0x00, 0x00, 0x00, 0x00, 0x00, 0x00, 0x00, 0x00,
    0x00, 0x00, 0x00, 0x00, 0x00, 0x00, 0x00, 0x00, 0x00, 0x00, 0x00, 0x00, 0x00, 0x00, 0x00, 0x00,
    0x00, 0x00, 0x00, 0x00, 0x00, 0x00, 0x00, 0x00, 0x00, 0x00, 0x00, 0x00, 0x00, 0x00, 0x00, 0x00,
    0x00, 0x00, 0x00, 0x00, 0x00, 0x00, 0xff, 0x01, 0x00, 0x00, 0x7f, 0x02, 0x00, 0x00, 0xff, 0x02,
    0x00, 0x00, 0xff, 0x03, 0x00, 0x00, 0xbf, 0x04, 0x00, 0x00, 0xff, 0x04, 0x00, 0x00, 0xff, 0x04,
    0x00, 0x00, 0xff, 0x03, 0x00, 0x00, 0xff, 0x02, 0x00, 0x00, 0x00, 0x00, 0x00, 0x00, 0x00, 0x00,
    0x00, 0x00, 0x00, 0x00, 0x00, 0x00, 0x00, 0x00, 0x00, 0x00, 0x00, 0x00, 0x00, 0x00, 0x00, 0x00,
    0x00, 0x00, 0x00, 0x00, 0x00, 0x00, 0x00, 0x00, 0x00, 0x00, 0x00, 0x00, 0x00, 0x00, 0x00, 0x00,
    0x00, 0x00, 0x00, 0x00, 0x00, 0x00, 0x00, 0x00, 0x00, 0x00, 0x00, 0x00, 0x00, 0x00, 0x00, 0x00,
    0x00, 0x00, 0xff, 0x05, 0x00, 0x00, 0xd7, 0x0d, 0x0b, 0x00, 0xe8, 0x17, 0x07, 0x00, 0xe1, 0x23,
    0x0b, 0x00, 0xe2, 0x2d, 0x09, 0x00, 0xe3, 0x38, 0x0b, 0x00, 0xe1, 0x45, 0x09, 0x00, 0xe0, 0x53,
    0x08, 0x00, 0xe1, 0x5e, 0x09, 0x00, 0xe1, 0x69, 0x08, 0x00, 0xe0, 0x75, 0x09, 0x00, 0xe1, 0x82,
    0x08, 0x00, 0xe0, 0x8e, 0x0a, 0x00, 0xe2, 0x98, 0x09, 0x00, 0xe1, 0xa3, 0x08, 0x00, 0xe2, 0xab,
    0x08, 0x00, 0xe2, 0xb4, 0x09, 0x00, 0xe2, 0xbc, 0x09, 0x00, 0xe1, 0xc5, 0x08, 0x00, 0xe1, 0xcd,
    0x09, 0x00, 0xe1, 0xd3, 0x09, 0x00, 0xe1, 0xda, 0x09, 0x00, 0xe2, 0xe0, 0x08, 0x00, 0xe2, 0xe6,
    0x08, 0x00, 0xe2, 0xe9, 0x08, 0x00, 0xe2, 0xec, 0x08, 0x00, 0xe2, 0xf0, 0x09, 0x00, 0xe2, 0xf3,
    0x09, 0x00, 0xe1, 0xf6, 0x09, 0x00, 0xe1, 0xf8, 0x09, 0x00, 0xe2, 0xf9, 0x09, 0x00, 0xe2, 0xfb,
    0x09, 0x00, 0xe1, 0xfd, 0x09, 0x00, 0xe2, 0xfd, 0x09, 0x00, 0xe1, 0xfe, 0x09, 0x00, 0xe2, 0xff,
    0x09, 0x00, 0xe2, 0xff, 0x09, 0x00, 0xe1, 0xfe, 0x09, 0x00, 0xe2, 0xfd, 0x09, 0x00, 0xe1, 0xfd,
    0x09, 0x00, 0xe2, 0xfb, 0x09, 0x00, 0xe2, 0xf9, 0x09, 0x00, 0xe1, 0xf8, 0x09, 0x00, 0xe1, 0xf6,
    0x09, 0x00, 0xe2, 0xf3, 0x08, 0x00, 0xe2, 0xf0, 0x08, 0x00, 0xe2, 0xec, 0x08, 0x00, 0xe2, 0xe9,
    0x08, 0x00, 0xe2, 0xe6, 0x09, 0x00, 0xe2, 0xe0, 0x09, 0x00, 0xe1, 0xda, 0x09, 0x00, 0xe1, 0xd3,
    0x08, 0x00, 0xe1, 0xcd, 0x09, 0x00, 0xe1, 0xc5, 0x09, 0x00, 0xe2, 0xbc, 0x08, 0x00, 0xe2, 0xb4,
    0x08, 0x00, 0xe2, 0xab, 0x09, 0x00, 0xe1, 0xa3, 0x0a, 0x00, 0xe2, 0x98, 0x09, 0x00, 0xe2, 0x8d,
    0x09, 0x00, 0xe1, 0x82, 0x08, 0x00, 0xe1, 0x77, 0x09, 0x00, 0xe2, 0x6b, 0x08, 0x00, 0xe1, 0x5f,
    0x09, 0x00, 0xe0, 0x53, 0x0b, 0x00, 0xe1, 0x45, 0x09, 0x00, 0xe3, 0x38, 0x0b, 0x00, 0xe2, 0x2d,
    0x07, 0x00, 0xe1, 0x23, 0x0a, 0x00, 0xe0, 0x19, 0x12, 0x00, 0xda, 0x0e, 0x00, 0x00, 0xff, 0x05,
    0x00, 0x00, 0x00, 0x00, 0x00, 0x00, 0x00, 0x00, 0x00, 0x00, 0x00, 0x00, 0x00, 0x00, 0x00, 0x00,
    0x00, 0x00, 0x00, 0x00, 0x00, 0x00, 0x00, 0x00, 0x00, 0x00, 0x00, 0x00, 0x00, 0x00, 0x00, 0x00,
    0x00, 0x00, 0x00, 0x00, 0x00, 0x00, 0x00, 0x00, 0x00, 0x00, 0x00, 0x00, 0x00, 0x00, 0x00, 0x00,
    0x00, 0x00, 0x00, 0x00, 0x00, 0x00, 0x00, 0x00, 0x00, 0x00, 0xff, 0x02, 0x00, 0x00, 0xff, 0x03,
    0x00, 0x00, 0xff, 0x04, 0x00, 0x00, 0xff, 0x04, 0x00, 0x00, 0xbf, 0x04, 0x00, 0x00, 0xff, 0x03,
    0x00, 0x00, 0xff, 0x02, 0x00, 0x00, 0x7f, 0x02, 0x00, 0x00, 0xff, 0x01, 0x00, 0x00, 0x00, 0x00,
    0x00, 0x00, 0x00, 0x00, 0x00, 0x00, 0x00, 0x00, 0x00, 0x00, 0x00, 0x00, 0x00, 0x00, 0x00, 0x00,
    0x00, 0x00, 0x00, 0x00, 0x00, 0x00, 0x00, 0x00, 0x00, 0x00, 0x00, 0x00, 0x00, 0x00, 0x00, 0x00,
    0x00, 0x00, 0x00, 0x00, 0x00, 0x00, 0x00, 0x00, 0x00, 0x00, 0x00, 0x00, 0x00, 0x00, 0x00, 0x00,
    0x00, 0x00, 0x00, 0x00, 0x00, 0x00, 0x00, 0x00, 0x00, 0x00, 0x00, 0x00, 0x00, 0x00, 0x00, 0x00,
    0x00, 0x00, 0x00, 0x00, 0x00, 0x00, 0x00, 0x00, 0x00, 0x00, 0x00, 0x00, 0x00, 0x00, 0x00, 0x00,
    0x00, 0x00, 0x00, 0x00, 0x00, 0x00, 0x00, 0x00, 0x00, 0x00, 0x00, 0x00, 0x00, 0x00, 0x00, 0x00,
    0x00, 0x00, 0x00, 0x00, 0x00, 0x00, 0x00, 0x00, 0x00, 0x00, 0x00, 0x00, 0x00, 0x00, 0x00, 0x00,
    0x00, 0x00, 0x00, 0x00, 0x00, 0x00, 0x00, 0x00, 0x00, 0x00, 0x00, 0x00, 0x00, 0x00, 0x00, 0x00,
    0x00, 0x00, 0x00, 0x00, 0x00, 0x00, 0x00, 0x00, 0x00, 0x00, 0x00, 0x00, 0x00, 0x00, 0x00, 0x00,
    0x00, 0x00, 0x00, 0x00, 0x00, 0x00, 0x00, 0x00, 0x00, 0x00, 0x00, 0x00, 0x00, 0x00, 0x00, 0x00,
    0x00, 0x00, 0x00, 0x00, 0x00, 0x00, 0x00, 0x00, 0x00, 0x00, 0x00, 0x00, 0x00, 0x00, 0x00, 0x00,
    0x00, 0x00, 0x00, 0x00, 0x00, 0x00, 0x00, 0x00, 0x00, 0x00, 0x00, 0x00, 0x00, 0x00, 0x00, 0x00,
    0x00, 0x00, 0x00, 0x00, 0x00, 0x00, 0x00, 0x00, 0x00, 0x00, 0x00, 0x00, 0x00, 0x00, 0x00, 0x00,
    0x00, 0x00, 0x00, 0x00, 0x00, 0x00, 0x00, 0x00, 0x00, 0x00, 0x00, 0x00, 0x00, 0x00, 0x00, 0x00,
    0x00, 0x00, 0x00, 0x00, 0x00, 0x00, 0x00, 0x00, 0x00, 0x00, 0x00, 0x00, 0x00, 0x00, 0x00, 0x00,
    0x00, 0x00, 0x00, 0x00, 0x00, 0x00, 0x00, 0x00, 0x00, 0x00, 0x00, 0x00, 0x00, 0x00, 0x00, 0x00,
    0x00, 0x00, 0x00, 0x00, 0x00, 0x00, 0x00, 0x00, 0x00, 0x00, 0x00, 0x00, 0x00, 0x00, 0x00, 0x00,
    0x00, 0x00, 0x00, 0x00, 0x00, 0x00, 0x00, 0x00, 0x00, 0x00, 0x00, 0x00, 0x00, 0x00, 0x00, 0x00,
    0x00, 0x00, 0x00, 0x00, 0x00, 0x00, 0x00, 0x00, 0x00, 0x00, 0x00, 0x00, 0x00, 0x00, 0x00, 0x00,
    0x00, 0x00, 0x00, 0x00, 0x00, 0x00, 0x00, 0x00, 0x00, 0x00, 0x00, 0x00, 0x00, 0x00, 0x00, 0x00,
    0x00, 0x00, 0x00, 0x00, 0x00, 0x00, 0x00, 0x00, 0x00, 0x00, 0x00, 0x00, 0x00, 0x00, 0x00, 0x00,
    0x00, 0x00, 0x00, 0x00, 0x00, 0x00, 0x00, 0x00, 0x00, 0x00, 0x00, 0x00, 0x00, 0x00, 0x00, 0x00,
    0x00, 0x00, 0x00, 0x00, 0x00, 0x00, 0x00, 0x00, 0x00, 0x00, 0x00, 0x00, 0x00, 0x00, 0x00, 0x00,
    0x00, 0x00, 0x00, 0x00, 0x00, 0x00, 0x00, 0x00, 0x00, 0x00, 0x00, 0x00, 0x00, 0x00, 0x00, 0x00,
    0x00, 0x00, 0x00, 0x00, 0x00, 0x00, 0x00, 0x00, 0x00, 0x00, 0x00, 0x00, 0x00, 0x00, 0x00, 0x00,
};

const lv_image_dsc_t fronius_logo = {
    .header.magic  = LV_IMAGE_HEADER_MAGIC,
    .header.cf     = LV_COLOR_FORMAT_ARGB8888,
    .header.flags  = 0,
    .header.w      = 320,
    .header.h      = 89,
    .header.stride = 1280,
    .data_size     = sizeof(fronius_logo_map),
    .data          = fronius_logo_map,
};
